date,year,month,day,portid,portname,country,ISO3,portcalls_container,portcalls_dry_bulk,portcalls_general_cargo,portcalls_roro,portcalls_tanker,portcalls_cargo,portcalls,import_container,import_dry_bulk,import_general_cargo,import_roro,import_tanker,import_cargo,import,export_container,export_dry_bulk,export_general_cargo,export_roro,export_tanker,export_cargo,export
2026-08-07 00:00:00+00:00,2026,8,7,port669,Luganville,Vanuatu,VUT,1,0,0,0,0,1,1,828,0,0,0,0,828,828,146,0,0,0,0,146,146
2026-08-07 00:00:00+00:00,2026,8,7,port980,Port Vila,Vanuatu,VUT,0,0,0,0,0,0,0,0,0,0,0,0,0,0,0,0,0,0,0,0,0
2026-08-06 00:00:00+00:00,2026,8,6,port669,Luganville,Vanuatu,VUT,0,0,0,0,0,0,0,0,0,0,0,0,0,0,0,0,0,0,0,0,0
2026-08-06 00:00:00+00:00,2026,8,6,port980,Port Vila,Vanuatu,VUT,1,0,0,0,0,1,1,1032,0,0,0,0,1032,1032,377,0,0,0,0,377,377
2026-08-05 00:00:00+00:00,2026,8,5,port669,Luganville,Vanuatu,VUT,0,0,0,0,0,0,0,0,0,0,0,0,0,0,0,0,0,0,0,0,0
2026-08-05 00:00:00+00:00,2026,8,5,port980,Port Vila,Vanuatu,VUT,0,0,0,0,1,0,1,0,0,0,0,0,0,0,0,0,0,0,2072,0,2072
2026-08-04 00:00:00+00:00,2026,8,4,port669,Luganville,Vanuatu,VUT,0,0,0,0,0,0,0,0,0,0,0,0,0,0,0,0,0,0,0,0,0
2026-08-04 00:00:00+00:00,2026,8,4,port980,Port Vila,Vanuatu,VUT,0,0,0,0,0,0,0,0,0,0,0,0,0,0,0,0,0,0,0,0,0
2026-08-03 00:00:00+00:00,2026,8,3,port669,Luganville,Vanuatu,VUT,0,0,0,0,0,0,0,0,0,0,0,0,0,0,0,0,0,0,0,0,0
2026-08-03 00:00:00+00:00,2026,8,3,port980,Port Vila,Vanuatu,VUT,0,0,0,0,0,0,0,0,0,0,0,0,0,0,0,0,0,0,0,0,0
2026-08-02 00:00:00+00:00,2026,8,2,port669,Luganville,Vanuatu,VUT,0,0,0,0,0,0,0,0,0,0,0,0,0,0,0,0,0,0,0,0,0
2026-08-02 00:00:00+00:00,2026,8,2,port980,Port Vila,Vanuatu,VUT,0,0,0,0,0,0,0,0,0,0,0,0,0,0,0,0,0,0,0,0,0
2026-08-01 00:00:00+00:00,2026,8,1,port669,Luganville,Vanuatu,VUT,0,0,0,0,0,0,0,0,0,0,0,0,0,0,0,0,0,0,0,0,0
2026-08-01 00:00:00+00:00,2026,8,1,port980,Port Vila,Vanuatu,VUT,0,0,0,0,0,0,0,0,0,0,0,0,0,0,0,0,0,0,0,0,0
2026-07-31 00:00:00+00:00,2026,7,31,port669,Luganville,Vanuatu,VUT,0,0,0,0,0,0,0,0,0,0,0,0,0,0,0,0,0,0,0,0,0
2026-07-31 00:00:00+00:00,2026,7,31,port980,Port Vila,Vanuatu,VUT,0,0,0,0,0,0,0,0,0,0,0,0,0,0,0,0,0,0,0,0,0
2026-07-30 00:00:00+00:00,2026,7,30,port669,Luganville,Vanuatu,VUT,1,0,0,0,0,1,1,511,0,0,0,0,511,511,0,0,0,0,0,0,0
2026-07-30 00:00:00+00:00,2026,7,30,port980,Port Vila,Vanuatu,VUT,0,0,1,0,0,1,1,0,0,832,0,0,832,832,0,0,183,0,0,183,183
2026-07-29 00:00:00+00:00,2026,7,29,port669,Luganville,Vanuatu,VUT,0,0,0,0,0,0,0,0,0,0,0,0,0,0,0,0,0,0,0,0,0
2026-07-29 00:00:00+00:00,2026,7,29,port980,Port Vila,Vanuatu,VUT,0,0,0,0,0,0,0,0,0,0,0,0,0,0,0,0,0,0,0,0,0
2026-07-28 00:00:00+00:00,2026,7,28,port669,Luganville,Vanuatu,VUT,0,0,0,0,0,0,0,0,0,0,0,0,0,0,0,0,0,0,0,0,0
2026-07-28 00:00:00+00:00,2026,7,28,port980,Port Vila,Vanuatu,VUT,0,0,1,0,0,1,1,0,0,0,0,0,0,0,0,0,0,0,0,0,0
2026-07-27 00:00:00+00:00,2026,7,27,port669,Luganville,Vanuatu,VUT,0,0,1,0,0,1,1,0,0,0,0,0,0,0,0,0,629,0,0,629,629
2026-07-27 00:00:00+00:00,2026,7,27,port980,Port Vila,Vanuatu,VUT,0,0,0,0,0,0,0,0,0,0,0,0,0,0,0,0,0,0,0,0,0
2026-07-26 00:00:00+00:00,2026,7,26,port669,Luganville,Vanuatu,VUT,1,0,0,0,0,1,1,1021,0,0,0,0,1021,1021,243,0,0,0,0,243,243
2026-07-26 00:00:00+00:00,2026,7,26,port980,Port Vila,Vanuatu,VUT,0,0,0,0,0,0,0,0,0,0,0,0,0,0,0,0,0,0,0,0,0
2026-07-25 00:00:00+00:00,2026,7,25,port669,Luganville,Vanuatu,VUT,0,0,0,0,0,0,0,0,0,0,0,0,0,0,0,0,0,0,0,0,0
2026-07-25 00:00:00+00:00,2026,7,25,port980,Port Vila,Vanuatu,VUT,0,0,0,0,0,0,0,0,0,0,0,0,0,0,0,0,0,0,0,0,0
2026-07-24 00:00:00+00:00,2026,7,24,port669,Luganville,Vanuatu,VUT,0,0,0,0,0,0,0,0,0,0,0,0,0,0,0,0,0,0,0,0,0
2026-07-24 00:00:00+00:00,2026,7,24,port980,Port Vila,Vanuatu,VUT,0,0,0,0,0,0,0,0,0,0,0,0,0,0,0,0,0,0,0,0,0
2026-07-23 00:00:00+00:00,2026,7,23,port669,Luganville,Vanuatu,VUT,0,0,0,0,0,0,0,0,0,0,0,0,0,0,0,0,0,0,0,0,0
2026-07-23 00:00:00+00:00,2026,7,23,port980,Port Vila,Vanuatu,VUT,0,0,0,0,0,0,0,0,0,0,0,0,0,0,0,0,0,0,0,0,0
2026-07-22 00:00:00+00:00,2026,7,22,port669,Luganville,Vanuatu,VUT,0,0,0,0,0,0,0,0,0,0,0,0,0,0,0,0,0,0,0,0,0
2026-07-22 00:00:00+00:00,2026,7,22,port980,Port Vila,Vanuatu,VUT,1,0,0,0,0,1,1,1620,0,0,0,0,1620,1620,0,0,0,0,0,0,0
2026-07-21 00:00:00+00:00,2026,7,21,port669,Luganville,Vanuatu,VUT,0,0,0,0,0,0,0,0,0,0,0,0,0,0,0,0,0,0,0,0,0
2026-07-21 00:00:00+00:00,2026,7,21,port980,Port Vila,Vanuatu,VUT,0,0,1,0,0,1,1,0,0,1260,0,0,1260,1260,0,0,0,0,0,0,0
2026-07-20 00:00:00+00:00,2026,7,20,port669,Luganville,Vanuatu,VUT,0,0,0,0,0,0,0,0,0,0,0,0,0,0,0,0,0,0,0,0,0
2026-07-20 00:00:00+00:00,2026,7,20,port980,Port Vila,Vanuatu,VUT,0,0,0,0,0,0,0,0,0,0,0,0,0,0,0,0,0,0,0,0,0
2026-07-19 00:00:00+00:00,2026,7,19,port669,Luganville,Vanuatu,VUT,0,0,0,0,0,0,0,0,0,0,0,0,0,0,0,0,0,0,0,0,0
2026-07-19 00:00:00+00:00,2026,7,19,port980,Port Vila,Vanuatu,VUT,1,0,0,0,1,1,2,1317,0,0,0,157,1317,1475,0,0,0,0,0,0,0
2026-07-18 00:00:00+00:00,2026,7,18,port669,Luganville,Vanuatu,VUT,0,0,0,0,0,0,0,0,0,0,0,0,0,0,0,0,0,0,0,0,0
2026-07-18 00:00:00+00:00,2026,7,18,port980,Port Vila,Vanuatu,VUT,0,0,0,0,0,0,0,0,0,0,0,0,0,0,0,0,0,0,0,0,0
2026-07-17 00:00:00+00:00,2026,7,17,port669,Luganville,Vanuatu,VUT,0,0,0,0,0,0,0,0,0,0,0,0,0,0,0,0,0,0,0,0,0
2026-07-17 00:00:00+00:00,2026,7,17,port980,Port Vila,Vanuatu,VUT,0,0,0,0,0,0,0,0,0,0,0,0,0,0,0,0,0,0,0,0,0
2026-07-16 00:00:00+00:00,2026,7,16,port669,Luganville,Vanuatu,VUT,0,0,0,0,1,0,1,0,0,0,0,1576,0,1576,0,0,0,0,0,0,0
2026-07-16 00:00:00+00:00,2026,7,16,port980,Port Vila,Vanuatu,VUT,0,0,0,0,0,0,0,0,0,0,0,0,0,0,0,0,0,0,0,0,0
2026-07-15 00:00:00+00:00,2026,7,15,port669,Luganville,Vanuatu,VUT,0,0,0,0,0,0,0,0,0,0,0,0,0,0,0,0,0,0,0,0,0
2026-07-15 00:00:00+00:00,2026,7,15,port980,Port Vila,Vanuatu,VUT,0,0,0,0,0,0,0,0,0,0,0,0,0,0,0,0,0,0,0,0,0
2026-07-14 00:00:00+00:00,2026,7,14,port669,Luganville,Vanuatu,VUT,0,0,0,0,0,0,0,0,0,0,0,0,0,0,0,0,0,0,0,0,0
2026-07-14 00:00:00+00:00,2026,7,14,port980,Port Vila,Vanuatu,VUT,1,0,0,0,0,1,1,1240,0,0,0,0,1240,1240,125,0,0,0,0,125,125
2026-07-13 00:00:00+00:00,2026,7,13,port669,Luganville,Vanuatu,VUT,0,0,0,0,0,0,0,0,0,0,0,0,0,0,0,0,0,0,0,0,0
2026-07-13 00:00:00+00:00,2026,7,13,port980,Port Vila,Vanuatu,VUT,0,0,0,0,0,0,0,0,0,0,0,0,0,0,0,0,0,0,0,0,0
2026-07-12 00:00:00+00:00,2026,7,12,port669,Luganville,Vanuatu,VUT,1,0,0,0,0,1,1,828,0,0,0,0,828,828,146,0,0,0,0,146,146
2026-07-12 00:00:00+00:00,2026,7,12,port980,Port Vila,Vanuatu,VUT,0,0,0,0,0,0,0,0,0,0,0,0,0,0,0,0,0,0,0,0,0
2026-07-11 00:00:00+00:00,2026,7,11,port669,Luganville,Vanuatu,VUT,0,0,1,0,0,1,1,0,0,1190,0,0,1190,1190,0,0,0,0,0,0,0
2026-07-11 00:00:00+00:00,2026,7,11,port980,Port Vila,Vanuatu,VUT,0,0,0,0,0,0,0,0,0,0,0,0,0,0,0,0,0,0,0,0,0
2026-07-10 00:00:00+00:00,2026,7,10,port669,Luganville,Vanuatu,VUT,0,0,0,0,0,0,0,0,0,0,0,0,0,0,0,0,0,0,0,0,0
2026-07-10 00:00:00+00:00,2026,7,10,port980,Port Vila,Vanuatu,VUT,0,0,0,0,0,0,0,0,0,0,0,0,0,0,0,0,0,0,0,0,0
2026-07-09 00:00:00+00:00,2026,7,9,port669,Luganville,Vanuatu,VUT,0,0,0,0,0,0,0,0,0,0,0,0,0,0,0,0,0,0,0,0,0
2026-07-09 00:00:00+00:00,2026,7,9,port980,Port Vila,Vanuatu,VUT,1,0,0,0,0,1,1,0,0,0,0,0,0,0,1912,0,0,0,0,1912,1912
2026-07-08 00:00:00+00:00,2026,7,8,port669,Luganville,Vanuatu,VUT,1,0,0,0,0,1,1,828,0,0,0,0,828,828,146,0,0,0,0,146,146
2026-07-08 00:00:00+00:00,2026,7,8,port980,Port Vila,Vanuatu,VUT,0,0,0,0,0,0,0,0,0,0,0,0,0,0,0,0,0,0,0,0,0
2026-07-07 00:00:00+00:00,2026,7,7,port669,Luganville,Vanuatu,VUT,0,0,0,0,0,0,0,0,0,0,0,0,0,0,0,0,0,0,0,0,0
2026-07-07 00:00:00+00:00,2026,7,7,port980,Port Vila,Vanuatu,VUT,0,0,0,0,0,0,0,0,0,0,0,0,0,0,0,0,0,0,0,0,0
2026-07-06 00:00:00+00:00,2026,7,6,port669,Luganville,Vanuatu,VUT,0,0,0,0,0,0,0,0,0,0,0,0,0,0,0,0,0,0,0,0,0
2026-07-06 00:00:00+00:00,2026,7,6,port980,Port Vila,Vanuatu,VUT,0,0,0,0,0,0,0,0,0,0,0,0,0,0,0,0,0,0,0,0,0
2026-07-05 00:00:00+00:00,2026,7,5,port669,Luganville,Vanuatu,VUT,0,0,0,0,0,0,0,0,0,0,0,0,0,0,0,0,0,0,0,0,0
2026-07-05 00:00:00+00:00,2026,7,5,port980,Port Vila,Vanuatu,VUT,0,0,0,0,0,0,0,0,0,0,0,0,0,0,0,0,0,0,0,0,0
2026-07-04 00:00:00+00:00,2026,7,4,port669,Luganville,Vanuatu,VUT,0,0,0,0,0,0,0,0,0,0,0,0,0,0,0,0,0,0,0,0,0
2026-07-04 00:00:00+00:00,2026,7,4,port980,Port Vila,Vanuatu,VUT,0,0,0,0,0,0,0,0,0,0,0,0,0,0,0,0,0,0,0,0,0
2026-07-03 00:00:00+00:00,2026,7,3,port669,Luganville,Vanuatu,VUT,0,0,0,0,0,0,0,0,0,0,0,0,0,0,0,0,0,0,0,0,0
2026-07-03 00:00:00+00:00,2026,7,3,port980,Port Vila,Vanuatu,VUT,0,0,0,0,0,0,0,0,0,0,0,0,0,0,0,0,0,0,0,0,0
2026-07-02 00:00:00+00:00,2026,7,2,port669,Luganville,Vanuatu,VUT,0,0,1,0,0,1,1,0,0,0,0,0,0,0,0,0,0,0,0,0,0
2026-07-02 00:00:00+00:00,2026,7,2,port980,Port Vila,Vanuatu,VUT,1,0,0,0,0,1,1,1577,0,0,0,0,1577,1577,0,0,0,0,0,0,0
2026-07-01 00:00:00+00:00,2026,7,1,port669,Luganville,Vanuatu,VUT,1,0,0,0,0,1,1,951,0,0,0,0,951,951,0,0,0,0,0,0,0
2026-07-01 00:00:00+00:00,2026,7,1,port980,Port Vila,Vanuatu,VUT,1,0,0,0,1,1,2,787,0,0,0,316,787,1104,0,0,0,0,0,0,0
2026-06-30 00:00:00+00:00,2026,6,30,port669,Luganville,Vanuatu,VUT,0,0,0,0,0,0,0,0,0,0,0,0,0,0,0,0,0,0,0,0,0
2026-06-30 00:00:00+00:00,2026,6,30,port980,Port Vila,Vanuatu,VUT,0,0,1,0,0,1,1,0,0,0,0,0,0,0,0,0,0,0,0,0,0
2026-06-29 00:00:00+00:00,2026,6,29,port669,Luganville,Vanuatu,VUT,0,0,0,0,0,0,0,0,0,0,0,0,0,0,0,0,0,0,0,0,0
2026-06-29 00:00:00+00:00,2026,6,29,port980,Port Vila,Vanuatu,VUT,0,0,0,0,0,0,0,0,0,0,0,0,0,0,0,0,0,0,0,0,0
2026-06-28 00:00:00+00:00,2026,6,28,port669,Luganville,Vanuatu,VUT,1,0,0,0,0,1,1,1021,0,0,0,0,1021,1021,243,0,0,0,0,243,243
2026-06-28 00:00:00+00:00,2026,6,28,port980,Port Vila,Vanuatu,VUT,0,0,0,0,0,0,0,0,0,0,0,0,0,0,0,0,0,0,0,0,0
2026-06-27 00:00:00+00:00,2026,6,27,port669,Luganville,Vanuatu,VUT,0,0,0,0,0,0,0,0,0,0,0,0,0,0,0,0,0,0,0,0,0
2026-06-27 00:00:00+00:00,2026,6,27,port980,Port Vila,Vanuatu,VUT,0,0,0,0,0,0,0,0,0,0,0,0,0,0,0,0,0,0,0,0,0
2026-06-26 00:00:00+00:00,2026,6,26,port669,Luganville,Vanuatu,VUT,0,0,0,0,0,0,0,0,0,0,0,0,0,0,0,0,0,0,0,0,0
2026-06-26 00:00:00+00:00,2026,6,26,port980,Port Vila,Vanuatu,VUT,0,0,0,0,0,0,0,0,0,0,0,0,0,0,0,0,0,0,0,0,0
2026-06-25 00:00:00+00:00,2026,6,25,port669,Luganville,Vanuatu,VUT,0,0,0,0,0,0,0,0,0,0,0,0,0,0,0,0,0,0,0,0,0
2026-06-25 00:00:00+00:00,2026,6,25,port980,Port Vila,Vanuatu,VUT,1,0,0,0,0,1,1,1292,0,0,0,0,1292,1292,0,0,0,0,0,0,0
2026-06-24 00:00:00+00:00,2026,6,24,port669,Luganville,Vanuatu,VUT,0,0,0,0,0,0,0,0,0,0,0,0,0,0,0,0,0,0,0,0,0
2026-06-24 00:00:00+00:00,2026,6,24,port980,Port Vila,Vanuatu,VUT,0,0,0,0,0,0,0,0,0,0,0,0,0,0,0,0,0,0,0,0,0
2026-06-23 00:00:00+00:00,2026,6,23,port669,Luganville,Vanuatu,VUT,0,0,0,0,0,0,0,0,0,0,0,0,0,0,0,0,0,0,0,0,0
2026-06-23 00:00:00+00:00,2026,6,23,port980,Port Vila,Vanuatu,VUT,0,0,1,0,0,1,1,0,0,947,0,0,947,947,0,0,0,0,0,0,0
2026-06-22 00:00:00+00:00,2026,6,22,port669,Luganville,Vanuatu,VUT,0,0,0,0,0,0,0,0,0,0,0,0,0,0,0,0,0,0,0,0,0
2026-06-22 00:00:00+00:00,2026,6,22,port980,Port Vila,Vanuatu,VUT,0,0,0,0,0,0,0,0,0,0,0,0,0,0,0,0,0,0,0,0,0
2026-06-21 00:00:00+00:00,2026,6,21,port669,Luganville,Vanuatu,VUT,0,0,1,0,0,1,1,0,0,883,0,0,883,883,0,0,314,0,0,314,314
2026-06-21 00:00:00+00:00,2026,6,21,port980,Port Vila,Vanuatu,VUT,0,0,0,0,0,0,0,0,0,0,0,0,0,0,0,0,0,0,0,0,0
2026-06-20 00:00:00+00:00,2026,6,20,port669,Luganville,Vanuatu,VUT,0,0,0,0,0,0,0,0,0,0,0,0,0,0,0,0,0,0,0,0,0
2026-06-20 00:00:00+00:00,2026,6,20,port980,Port Vila,Vanuatu,VUT,0,0,0,0,0,0,0,0,0,0,0,0,0,0,0,0,0,0,0,0,0
2026-06-19 00:00:00+00:00,2026,6,19,port669,Luganville,Vanuatu,VUT,0,0,1,0,0,1,1,0,0,0,0,0,0,0,0,0,6634,0,0,6634,6634
2026-06-19 00:00:00+00:00,2026,6,19,port980,Port Vila,Vanuatu,VUT,0,0,0,0,0,0,0,0,0,0,0,0,0,0,0,0,0,0,0,0,0
2026-06-18 00:00:00+00:00,2026,6,18,port669,Luganville,Vanuatu,VUT,0,0,0,0,0,0,0,0,0,0,0,0,0,0,0,0,0,0,0,0,0
2026-06-18 00:00:00+00:00,2026,6,18,port980,Port Vila,Vanuatu,VUT,0,1,0,0,0,1,1,0,4048,0,0,0,4048,4048,0,0,0,0,0,0,0
2026-06-17 00:00:00+00:00,2026,6,17,port669,Luganville,Vanuatu,VUT,0,0,0,0,0,0,0,0,0,0,0,0,0,0,0,0,0,0,0,0,0
2026-06-17 00:00:00+00:00,2026,6,17,port980,Port Vila,Vanuatu,VUT,0,0,0,0,0,0,0,0,0,0,0,0,0,0,0,0,0,0,0,0,0
2026-06-16 00:00:00+00:00,2026,6,16,port669,Luganville,Vanuatu,VUT,0,0,0,0,0,0,0,0,0,0,0,0,0,0,0,0,0,0,0,0,0
2026-06-16 00:00:00+00:00,2026,6,16,port980,Port Vila,Vanuatu,VUT,1,0,1,0,0,2,2,506,0,0,0,0,506,506,0,0,0,0,0,0,0
2026-06-15 00:00:00+00:00,2026,6,15,port669,Luganville,Vanuatu,VUT,0,0,0,0,0,0,0,0,0,0,0,0,0,0,0,0,0,0,0,0,0
2026-06-15 00:00:00+00:00,2026,6,15,port980,Port Vila,Vanuatu,VUT,1,0,0,0,0,1,1,2177,0,0,0,0,2177,2177,0,0,0,0,0,0,0
2026-06-14 00:00:00+00:00,2026,6,14,port669,Luganville,Vanuatu,VUT,1,0,0,0,0,1,1,0,0,0,0,0,0,0,253,0,0,0,0,253,253
2026-06-14 00:00:00+00:00,2026,6,14,port980,Port Vila,Vanuatu,VUT,0,0,0,0,0,0,0,0,0,0,0,0,0,0,0,0,0,0,0,0,0
2026-06-13 00:00:00+00:00,2026,6,13,port669,Luganville,Vanuatu,VUT,0,0,0,0,0,0,0,0,0,0,0,0,0,0,0,0,0,0,0,0,0
2026-06-13 00:00:00+00:00,2026,6,13,port980,Port Vila,Vanuatu,VUT,0,0,0,0,0,0,0,0,0,0,0,0,0,0,0,0,0,0,0,0,0
2026-06-12 00:00:00+00:00,2026,6,12,port669,Luganville,Vanuatu,VUT,0,0,0,0,0,0,0,0,0,0,0,0,0,0,0,0,0,0,0,0,0
2026-06-12 00:00:00+00:00,2026,6,12,port980,Port Vila,Vanuatu,VUT,0,0,0,0,1,0,1,0,0,0,0,0,0,0,0,0,0,0,0,0,0
2026-06-11 00:00:00+00:00,2026,6,11,port669,Luganville,Vanuatu,VUT,0,0,0,0,0,0,0,0,0,0,0,0,0,0,0,0,0,0,0,0,0
2026-06-11 00:00:00+00:00,2026,6,11,port980,Port Vila,Vanuatu,VUT,0,0,0,0,0,0,0,0,0,0,0,0,0,0,0,0,0,0,0,0,0
2026-06-10 00:00:00+00:00,2026,6,10,port669,Luganville,Vanuatu,VUT,0,0,0,0,0,0,0,0,0,0,0,0,0,0,0,0,0,0,0,0,0
2026-06-10 00:00:00+00:00,2026,6,10,port980,Port Vila,Vanuatu,VUT,1,0,0,0,0,1,1,0,0,0,0,0,0,0,951,0,0,0,0,951,951
2026-06-09 00:00:00+00:00,2026,6,9,port669,Luganville,Vanuatu,VUT,0,0,0,0,0,0,0,0,0,0,0,0,0,0,0,0,0,0,0,0,0
2026-06-09 00:00:00+00:00,2026,6,9,port980,Port Vila,Vanuatu,VUT,0,0,0,0,0,0,0,0,0,0,0,0,0,0,0,0,0,0,0,0,0
2026-06-08 00:00:00+00:00,2026,6,8,port669,Luganville,Vanuatu,VUT,0,0,0,0,0,0,0,0,0,0,0,0,0,0,0,0,0,0,0,0,0
2026-06-08 00:00:00+00:00,2026,6,8,port980,Port Vila,Vanuatu,VUT,0,0,0,0,0,0,0,0,0,0,0,0,0,0,0,0,0,0,0,0,0
2026-06-07 00:00:00+00:00,2026,6,7,port669,Luganville,Vanuatu,VUT,0,0,0,0,0,0,0,0,0,0,0,0,0,0,0,0,0,0,0,0,0
2026-06-07 00:00:00+00:00,2026,6,7,port980,Port Vila,Vanuatu,VUT,0,0,0,0,0,0,0,0,0,0,0,0,0,0,0,0,0,0,0,0,0
2026-06-06 00:00:00+00:00,2026,6,6,port669,Luganville,Vanuatu,VUT,0,0,0,0,0,0,0,0,0,0,0,0,0,0,0,0,0,0,0,0,0
2026-06-06 00:00:00+00:00,2026,6,6,port980,Port Vila,Vanuatu,VUT,0,0,0,0,0,0,0,0,0,0,0,0,0,0,0,0,0,0,0,0,0
2026-06-05 00:00:00+00:00,2026,6,5,port669,Luganville,Vanuatu,VUT,0,0,0,0,0,0,0,0,0,0,0,0,0,0,0,0,0,0,0,0,0
2026-06-05 00:00:00+00:00,2026,6,5,port980,Port Vila,Vanuatu,VUT,1,0,0,0,0,1,1,1240,0,0,0,0,1240,1240,125,0,0,0,0,125,125
2026-06-04 00:00:00+00:00,2026,6,4,port669,Luganville,Vanuatu,VUT,0,0,0,0,0,0,0,0,0,0,0,0,0,0,0,0,0,0,0,0,0
2026-06-04 00:00:00+00:00,2026,6,4,port980,Port Vila,Vanuatu,VUT,1,0,0,0,0,1,1,1240,0,0,0,0,1240,1240,125,0,0,0,0,125,125
2026-06-03 00:00:00+00:00,2026,6,3,port669,Luganville,Vanuatu,VUT,2,0,0,0,0,2,2,1657,0,0,0,0,1657,1657,293,0,0,0,0,293,293
2026-06-03 00:00:00+00:00,2026,6,3,port980,Port Vila,Vanuatu,VUT,0,0,0,0,0,0,0,0,0,0,0,0,0,0,0,0,0,0,0,0,0
2026-06-02 00:00:00+00:00,2026,6,2,port669,Luganville,Vanuatu,VUT,0,0,0,0,0,0,0,0,0,0,0,0,0,0,0,0,0,0,0,0,0
2026-06-02 00:00:00+00:00,2026,6,2,port980,Port Vila,Vanuatu,VUT,0,0,1,0,0,1,1,0,0,0,0,0,0,0,0,0,0,0,0,0,0
2026-06-01 00:00:00+00:00,2026,6,1,port669,Luganville,Vanuatu,VUT,0,0,0,0,0,0,0,0,0,0,0,0,0,0,0,0,0,0,0,0,0
2026-06-01 00:00:00+00:00,2026,6,1,port980,Port Vila,Vanuatu,VUT,1,0,0,0,0,1,1,2745,0,0,0,0,2745,2745,0,0,0,0,0,0,0
2026-05-31 00:00:00+00:00,2026,5,31,port669,Luganville,Vanuatu,VUT,0,0,0,0,0,0,0,0,0,0,0,0,0,0,0,0,0,0,0,0,0
2026-05-31 00:00:00+00:00,2026,5,31,port980,Port Vila,Vanuatu,VUT,0,0,0,0,1,0,1,0,0,0,0,315,0,315,0,0,0,0,0,0,0
2026-05-30 00:00:00+00:00,2026,5,30,port669,Luganville,Vanuatu,VUT,0,0,0,0,0,0,0,0,0,0,0,0,0,0,0,0,0,0,0,0,0
2026-05-30 00:00:00+00:00,2026,5,30,port980,Port Vila,Vanuatu,VUT,0,0,0,0,0,0,0,0,0,0,0,0,0,0,0,0,0,0,0,0,0
2026-05-29 00:00:00+00:00,2026,5,29,port669,Luganville,Vanuatu,VUT,0,0,0,0,0,0,0,0,0,0,0,0,0,0,0,0,0,0,0,0,0
2026-05-29 00:00:00+00:00,2026,5,29,port980,Port Vila,Vanuatu,VUT,0,0,1,0,0,1,1,0,0,0,0,0,0,0,0,0,314,0,0,314,314
2026-05-28 00:00:00+00:00,2026,5,28,port669,Luganville,Vanuatu,VUT,0,0,0,0,0,0,0,0,0,0,0,0,0,0,0,0,0,0,0,0,0
2026-05-28 00:00:00+00:00,2026,5,28,port980,Port Vila,Vanuatu,VUT,0,0,0,0,0,0,0,0,0,0,0,0,0,0,0,0,0,0,0,0,0
2026-05-27 00:00:00+00:00,2026,5,27,port669,Luganville,Vanuatu,VUT,0,0,1,0,0,1,1,0,0,630,0,0,630,630,0,0,0,0,0,0,0
2026-05-27 00:00:00+00:00,2026,5,27,port980,Port Vila,Vanuatu,VUT,1,0,0,0,0,1,1,3251,0,0,0,0,3251,3251,0,0,0,0,0,0,0
2026-05-26 00:00:00+00:00,2026,5,26,port669,Luganville,Vanuatu,VUT,0,0,0,0,1,0,1,0,0,0,0,4192,0,4192,0,0,0,0,0,0,0
2026-05-26 00:00:00+00:00,2026,5,26,port980,Port Vila,Vanuatu,VUT,0,0,0,0,0,0,0,0,0,0,0,0,0,0,0,0,0,0,0,0,0
2026-05-25 00:00:00+00:00,2026,5,25,port669,Luganville,Vanuatu,VUT,1,0,0,0,0,1,1,393,0,0,0,0,393,393,0,0,0,0,0,0,0
2026-05-25 00:00:00+00:00,2026,5,25,port980,Port Vila,Vanuatu,VUT,0,0,0,0,0,0,0,0,0,0,0,0,0,0,0,0,0,0,0,0,0
2026-05-24 00:00:00+00:00,2026,5,24,port669,Luganville,Vanuatu,VUT,0,0,0,0,0,0,0,0,0,0,0,0,0,0,0,0,0,0,0,0,0
2026-05-24 00:00:00+00:00,2026,5,24,port980,Port Vila,Vanuatu,VUT,0,0,0,0,0,0,0,0,0,0,0,0,0,0,0,0,0,0,0,0,0
2026-05-23 00:00:00+00:00,2026,5,23,port669,Luganville,Vanuatu,VUT,0,0,0,0,0,0,0,0,0,0,0,0,0,0,0,0,0,0,0,0,0
2026-05-23 00:00:00+00:00,2026,5,23,port980,Port Vila,Vanuatu,VUT,0,0,0,0,0,0,0,0,0,0,0,0,0,0,0,0,0,0,0,0,0
2026-05-22 00:00:00+00:00,2026,5,22,port669,Luganville,Vanuatu,VUT,0,0,0,0,0,0,0,0,0,0,0,0,0,0,0,0,0,0,0,0,0
2026-05-22 00:00:00+00:00,2026,5,22,port980,Port Vila,Vanuatu,VUT,0,0,1,0,0,1,1,0,0,1271,0,0,1271,1271,0,0,0,0,0,0,0
2026-05-21 00:00:00+00:00,2026,5,21,port669,Luganville,Vanuatu,VUT,0,0,0,0,0,0,0,0,0,0,0,0,0,0,0,0,0,0,0,0,0
2026-05-21 00:00:00+00:00,2026,5,21,port980,Port Vila,Vanuatu,VUT,0,0,0,0,0,0,0,0,0,0,0,0,0,0,0,0,0,0,0,0,0
2026-05-20 00:00:00+00:00,2026,5,20,port669,Luganville,Vanuatu,VUT,0,0,0,0,0,0,0,0,0,0,0,0,0,0,0,0,0,0,0,0,0
2026-05-20 00:00:00+00:00,2026,5,20,port980,Port Vila,Vanuatu,VUT,0,0,0,0,0,0,0,0,0,0,0,0,0,0,0,0,0,0,0,0,0
2026-05-19 00:00:00+00:00,2026,5,19,port669,Luganville,Vanuatu,VUT,0,0,0,0,0,0,0,0,0,0,0,0,0,0,0,0,0,0,0,0,0
2026-05-19 00:00:00+00:00,2026,5,19,port980,Port Vila,Vanuatu,VUT,1,0,0,0,0,1,1,1755,0,0,0,0,1755,1755,0,0,0,0,0,0,0
2026-05-18 00:00:00+00:00,2026,5,18,port669,Luganville,Vanuatu,VUT,0,0,0,0,0,0,0,0,0,0,0,0,0,0,0,0,0,0,0,0,0
2026-05-18 00:00:00+00:00,2026,5,18,port980,Port Vila,Vanuatu,VUT,0,0,0,0,0,0,0,0,0,0,0,0,0,0,0,0,0,0,0,0,0
2026-05-17 00:00:00+00:00,2026,5,17,port669,Luganville,Vanuatu,VUT,0,0,0,0,0,0,0,0,0,0,0,0,0,0,0,0,0,0,0,0,0
2026-05-17 00:00:00+00:00,2026,5,17,port980,Port Vila,Vanuatu,VUT,1,0,0,0,0,1,1,3133,0,0,0,0,3133,3133,0,0,0,0,0,0,0
2026-05-16 00:00:00+00:00,2026,5,16,port669,Luganville,Vanuatu,VUT,0,0,0,0,0,0,0,0,0,0,0,0,0,0,0,0,0,0,0,0,0
2026-05-16 00:00:00+00:00,2026,5,16,port980,Port Vila,Vanuatu,VUT,0,0,0,0,0,0,0,0,0,0,0,0,0,0,0,0,0,0,0,0,0
2026-05-15 00:00:00+00:00,2026,5,15,port669,Luganville,Vanuatu,VUT,1,0,0,0,0,1,1,316,0,0,0,0,316,316,0,0,0,0,0,0,0
2026-05-15 00:00:00+00:00,2026,5,15,port980,Port Vila,Vanuatu,VUT,0,0,0,0,0,0,0,0,0,0,0,0,0,0,0,0,0,0,0,0,0
2026-05-14 00:00:00+00:00,2026,5,14,port669,Luganville,Vanuatu,VUT,0,0,0,0,0,0,0,0,0,0,0,0,0,0,0,0,0,0,0,0,0
2026-05-14 00:00:00+00:00,2026,5,14,port980,Port Vila,Vanuatu,VUT,0,0,0,0,0,0,0,0,0,0,0,0,0,0,0,0,0,0,0,0,0
2026-05-13 00:00:00+00:00,2026,5,13,port669,Luganville,Vanuatu,VUT,0,0,0,0,0,0,0,0,0,0,0,0,0,0,0,0,0,0,0,0,0
2026-05-13 00:00:00+00:00,2026,5,13,port980,Port Vila,Vanuatu,VUT,0,0,0,0,1,0,1,0,0,0,0,0,0,0,0,0,0,0,3642,0,3642
2026-05-12 00:00:00+00:00,2026,5,12,port669,Luganville,Vanuatu,VUT,0,0,0,0,0,0,0,0,0,0,0,0,0,0,0,0,0,0,0,0,0
2026-05-12 00:00:00+00:00,2026,5,12,port980,Port Vila,Vanuatu,VUT,0,0,0,0,0,0,0,0,0,0,0,0,0,0,0,0,0,0,0,0,0
2026-05-11 00:00:00+00:00,2026,5,11,port669,Luganville,Vanuatu,VUT,0,0,0,0,0,0,0,0,0,0,0,0,0,0,0,0,0,0,0,0,0
2026-05-11 00:00:00+00:00,2026,5,11,port980,Port Vila,Vanuatu,VUT,0,0,0,0,0,0,0,0,0,0,0,0,0,0,0,0,0,0,0,0,0
2026-05-10 00:00:00+00:00,2026,5,10,port669,Luganville,Vanuatu,VUT,0,0,0,0,0,0,0,0,0,0,0,0,0,0,0,0,0,0,0,0,0
2026-05-10 00:00:00+00:00,2026,5,10,port980,Port Vila,Vanuatu,VUT,1,0,0,0,0,1,1,1533,0,0,0,0,1533,1533,0,0,0,0,0,0,0
2026-05-09 00:00:00+00:00,2026,5,9,port669,Luganville,Vanuatu,VUT,0,0,0,0,0,0,0,0,0,0,0,0,0,0,0,0,0,0,0,0,0
2026-05-09 00:00:00+00:00,2026,5,9,port980,Port Vila,Vanuatu,VUT,0,0,0,0,0,0,0,0,0,0,0,0,0,0,0,0,0,0,0,0,0
2026-05-08 00:00:00+00:00,2026,5,8,port669,Luganville,Vanuatu,VUT,0,0,0,0,0,0,0,0,0,0,0,0,0,0,0,0,0,0,0,0,0
2026-05-08 00:00:00+00:00,2026,5,8,port980,Port Vila,Vanuatu,VUT,0,0,0,0,0,0,0,0,0,0,0,0,0,0,0,0,0,0,0,0,0
2026-05-07 00:00:00+00:00,2026,5,7,port669,Luganville,Vanuatu,VUT,1,0,0,0,0,1,1,828,0,0,0,0,828,828,146,0,0,0,0,146,146
2026-05-07 00:00:00+00:00,2026,5,7,port980,Port Vila,Vanuatu,VUT,0,0,0,0,0,0,0,0,0,0,0,0,0,0,0,0,0,0,0,0,0
2026-05-06 00:00:00+00:00,2026,5,6,port669,Luganville,Vanuatu,VUT,0,0,0,0,0,0,0,0,0,0,0,0,0,0,0,0,0,0,0,0,0
2026-05-06 00:00:00+00:00,2026,5,6,port980,Port Vila,Vanuatu,VUT,0,0,0,0,0,0,0,0,0,0,0,0,0,0,0,0,0,0,0,0,0
2026-05-05 00:00:00+00:00,2026,5,5,port669,Luganville,Vanuatu,VUT,0,0,0,0,0,0,0,0,0,0,0,0,0,0,0,0,0,0,0,0,0
2026-05-05 00:00:00+00:00,2026,5,5,port980,Port Vila,Vanuatu,VUT,0,0,0,0,0,0,0,0,0,0,0,0,0,0,0,0,0,0,0,0,0
2026-05-04 00:00:00+00:00,2026,5,4,port669,Luganville,Vanuatu,VUT,0,0,0,0,0,0,0,0,0,0,0,0,0,0,0,0,0,0,0,0,0
2026-05-04 00:00:00+00:00,2026,5,4,port980,Port Vila,Vanuatu,VUT,0,0,0,0,1,0,1,0,0,0,0,1449,0,1449,0,0,0,0,0,0,0
2026-05-03 00:00:00+00:00,2026,5,3,port669,Luganville,Vanuatu,VUT,0,0,0,0,0,0,0,0,0,0,0,0,0,0,0,0,0,0,0,0,0
2026-05-03 00:00:00+00:00,2026,5,3,port980,Port Vila,Vanuatu,VUT,0,0,0,0,0,0,0,0,0,0,0,0,0,0,0,0,0,0,0,0,0
2026-05-02 00:00:00+00:00,2026,5,2,port669,Luganville,Vanuatu,VUT,0,0,0,0,0,0,0,0,0,0,0,0,0,0,0,0,0,0,0,0,0
2026-05-02 00:00:00+00:00,2026,5,2,port980,Port Vila,Vanuatu,VUT,0,0,0,0,0,0,0,0,0,0,0,0,0,0,0,0,0,0,0,0,0
2026-05-01 00:00:00+00:00,2026,5,1,port669,Luganville,Vanuatu,VUT,0,0,0,0,0,0,0,0,0,0,0,0,0,0,0,0,0,0,0,0,0
2026-05-01 00:00:00+00:00,2026,5,1,port980,Port Vila,Vanuatu,VUT,1,0,0,0,0,1,1,1571,0,0,0,0,1571,1571,0,0,0,0,0,0,0
2026-04-30 00:00:00+00:00,2026,4,30,port669,Luganville,Vanuatu,VUT,0,0,0,0,0,0,0,0,0,0,0,0,0,0,0,0,0,0,0,0,0
2026-04-30 00:00:00+00:00,2026,4,30,port980,Port Vila,Vanuatu,VUT,0,0,0,0,0,0,0,0,0,0,0,0,0,0,0,0,0,0,0,0,0
2026-04-29 00:00:00+00:00,2026,4,29,port669,Luganville,Vanuatu,VUT,0,0,0,0,0,0,0,0,0,0,0,0,0,0,0,0,0,0,0,0,0
2026-04-29 00:00:00+00:00,2026,4,29,port980,Port Vila,Vanuatu,VUT,0,0,0,0,0,0,0,0,0,0,0,0,0,0,0,0,0,0,0,0,0
2026-04-28 00:00:00+00:00,2026,4,28,port669,Luganville,Vanuatu,VUT,0,0,0,0,0,0,0,0,0,0,0,0,0,0,0,0,0,0,0,0,0
2026-04-28 00:00:00+00:00,2026,4,28,port980,Port Vila,Vanuatu,VUT,1,0,0,0,0,1,1,1240,0,0,0,0,1240,1240,125,0,0,0,0,125,125
2026-04-27 00:00:00+00:00,2026,4,27,port669,Luganville,Vanuatu,VUT,0,0,0,0,0,0,0,0,0,0,0,0,0,0,0,0,0,0,0,0,0
2026-04-27 00:00:00+00:00,2026,4,27,port980,Port Vila,Vanuatu,VUT,0,0,0,0,0,0,0,0,0,0,0,0,0,0,0,0,0,0,0,0,0
2026-04-26 00:00:00+00:00,2026,4,26,port669,Luganville,Vanuatu,VUT,1,0,0,0,0,1,1,0,0,0,0,0,0,0,787,0,0,0,0,787,787
2026-04-26 00:00:00+00:00,2026,4,26,port980,Port Vila,Vanuatu,VUT,0,0,0,0,0,0,0,0,0,0,0,0,0,0,0,0,0,0,0,0,0
2026-04-25 00:00:00+00:00,2026,4,25,port669,Luganville,Vanuatu,VUT,0,0,0,0,0,0,0,0,0,0,0,0,0,0,0,0,0,0,0,0,0
2026-04-25 00:00:00+00:00,2026,4,25,port980,Port Vila,Vanuatu,VUT,0,0,0,0,0,0,0,0,0,0,0,0,0,0,0,0,0,0,0,0,0
2026-04-24 00:00:00+00:00,2026,4,24,port669,Luganville,Vanuatu,VUT,0,0,0,0,0,0,0,0,0,0,0,0,0,0,0,0,0,0,0,0,0
2026-04-24 00:00:00+00:00,2026,4,24,port980,Port Vila,Vanuatu,VUT,0,0,0,0,0,0,0,0,0,0,0,0,0,0,0,0,0,0,0,0,0
2026-04-23 00:00:00+00:00,2026,4,23,port669,Luganville,Vanuatu,VUT,0,0,0,0,0,0,0,0,0,0,0,0,0,0,0,0,0,0,0,0,0
2026-04-23 00:00:00+00:00,2026,4,23,port980,Port Vila,Vanuatu,VUT,0,0,1,0,0,1,1,0,0,832,0,0,832,832,0,0,183,0,0,183,183
2026-04-22 00:00:00+00:00,2026,4,22,port669,Luganville,Vanuatu,VUT,0,0,1,0,0,1,1,0,0,950,0,0,950,950,0,0,0,0,0,0,0
2026-04-22 00:00:00+00:00,2026,4,22,port980,Port Vila,Vanuatu,VUT,0,0,0,0,0,0,0,0,0,0,0,0,0,0,0,0,0,0,0,0,0
2026-04-21 00:00:00+00:00,2026,4,21,port669,Luganville,Vanuatu,VUT,0,0,0,0,0,0,0,0,0,0,0,0,0,0,0,0,0,0,0,0,0
2026-04-21 00:00:00+00:00,2026,4,21,port980,Port Vila,Vanuatu,VUT,1,0,0,0,0,1,1,1240,0,0,0,0,1240,1240,125,0,0,0,0,125,125
2026-04-20 00:00:00+00:00,2026,4,20,port669,Luganville,Vanuatu,VUT,0,0,1,0,0,1,1,0,0,883,0,0,883,883,0,0,314,0,0,314,314
2026-04-20 00:00:00+00:00,2026,4,20,port980,Port Vila,Vanuatu,VUT,0,0,0,0,0,0,0,0,0,0,0,0,0,0,0,0,0,0,0,0,0
2026-04-19 00:00:00+00:00,2026,4,19,port669,Luganville,Vanuatu,VUT,1,0,0,0,1,1,2,828,0,0,0,0,828,828,146,0,0,0,0,146,146
2026-04-19 00:00:00+00:00,2026,4,19,port980,Port Vila,Vanuatu,VUT,0,0,0,0,0,0,0,0,0,0,0,0,0,0,0,0,0,0,0,0,0
2026-04-18 00:00:00+00:00,2026,4,18,port669,Luganville,Vanuatu,VUT,0,0,0,0,0,0,0,0,0,0,0,0,0,0,0,0,0,0,0,0,0
2026-04-18 00:00:00+00:00,2026,4,18,port980,Port Vila,Vanuatu,VUT,0,0,0,0,0,0,0,0,0,0,0,0,0,0,0,0,0,0,0,0,0
2026-04-17 00:00:00+00:00,2026,4,17,port669,Luganville,Vanuatu,VUT,1,0,0,0,0,1,1,828,0,0,0,0,828,828,146,0,0,0,0,146,146
2026-04-17 00:00:00+00:00,2026,4,17,port980,Port Vila,Vanuatu,VUT,0,0,0,0,0,0,0,0,0,0,0,0,0,0,0,0,0,0,0,0,0
2026-04-16 00:00:00+00:00,2026,4,16,port669,Luganville,Vanuatu,VUT,0,0,0,0,0,0,0,0,0,0,0,0,0,0,0,0,0,0,0,0,0
2026-04-16 00:00:00+00:00,2026,4,16,port980,Port Vila,Vanuatu,VUT,1,0,0,0,0,1,1,1240,0,0,0,0,1240,1240,125,0,0,0,0,125,125
2026-04-15 00:00:00+00:00,2026,4,15,port669,Luganville,Vanuatu,VUT,0,0,0,0,0,0,0,0,0,0,0,0,0,0,0,0,0,0,0,0,0
2026-04-15 00:00:00+00:00,2026,4,15,port980,Port Vila,Vanuatu,VUT,0,0,0,0,1,0,1,0,0,0,0,0,0,0,0,0,0,0,0,0,0
2026-04-14 00:00:00+00:00,2026,4,14,port669,Luganville,Vanuatu,VUT,0,0,0,0,0,0,0,0,0,0,0,0,0,0,0,0,0,0,0,0,0
2026-04-14 00:00:00+00:00,2026,4,14,port980,Port Vila,Vanuatu,VUT,0,0,0,0,0,0,0,0,0,0,0,0,0,0,0,0,0,0,0,0,0
2026-04-13 00:00:00+00:00,2026,4,13,port669,Luganville,Vanuatu,VUT,0,0,0,0,0,0,0,0,0,0,0,0,0,0,0,0,0,0,0,0,0
2026-04-13 00:00:00+00:00,2026,4,13,port980,Port Vila,Vanuatu,VUT,1,0,0,0,0,1,1,876,0,0,0,0,876,876,0,0,0,0,0,0,0
2026-04-12 00:00:00+00:00,2026,4,12,port669,Luganville,Vanuatu,VUT,0,0,0,0,0,0,0,0,0,0,0,0,0,0,0,0,0,0,0,0,0
2026-04-12 00:00:00+00:00,2026,4,12,port980,Port Vila,Vanuatu,VUT,0,0,0,0,0,0,0,0,0,0,0,0,0,0,0,0,0,0,0,0,0
2026-04-11 00:00:00+00:00,2026,4,11,port669,Luganville,Vanuatu,VUT,0,0,0,0,0,0,0,0,0,0,0,0,0,0,0,0,0,0,0,0,0
2026-04-11 00:00:00+00:00,2026,4,11,port980,Port Vila,Vanuatu,VUT,0,0,0,0,0,0,0,0,0,0,0,0,0,0,0,0,0,0,0,0,0
2026-04-10 00:00:00+00:00,2026,4,10,port669,Luganville,Vanuatu,VUT,0,0,0,0,0,0,0,0,0,0,0,0,0,0,0,0,0,0,0,0,0
2026-04-10 00:00:00+00:00,2026,4,10,port980,Port Vila,Vanuatu,VUT,0,0,0,0,0,0,0,0,0,0,0,0,0,0,0,0,0,0,0,0,0
2026-04-09 00:00:00+00:00,2026,4,9,port669,Luganville,Vanuatu,VUT,0,0,0,0,0,0,0,0,0,0,0,0,0,0,0,0,0,0,0,0,0
2026-04-09 00:00:00+00:00,2026,4,9,port980,Port Vila,Vanuatu,VUT,0,0,0,0,0,0,0,0,0,0,0,0,0,0,0,0,0,0,0,0,0
2026-04-08 00:00:00+00:00,2026,4,8,port669,Luganville,Vanuatu,VUT,0,0,0,0,0,0,0,0,0,0,0,0,0,0,0,0,0,0,0,0,0
2026-04-08 00:00:00+00:00,2026,4,8,port980,Port Vila,Vanuatu,VUT,2,0,0,0,0,2,2,3458,0,0,0,0,3458,3458,0,0,0,0,0,0,0
2026-04-07 00:00:00+00:00,2026,4,7,port669,Luganville,Vanuatu,VUT,0,0,0,0,0,0,0,0,0,0,0,0,0,0,0,0,0,0,0,0,0
2026-04-07 00:00:00+00:00,2026,4,7,port980,Port Vila,Vanuatu,VUT,0,0,0,0,0,0,0,0,0,0,0,0,0,0,0,0,0,0,0,0,0
2026-04-06 00:00:00+00:00,2026,4,6,port669,Luganville,Vanuatu,VUT,2,0,0,0,0,2,2,1580,0,0,0,0,1580,1580,319,0,0,0,0,319,319
2026-04-06 00:00:00+00:00,2026,4,6,port980,Port Vila,Vanuatu,VUT,0,0,0,0,0,0,0,0,0,0,0,0,0,0,0,0,0,0,0,0,0
2026-04-05 00:00:00+00:00,2026,4,5,port669,Luganville,Vanuatu,VUT,0,0,0,0,0,0,0,0,0,0,0,0,0,0,0,0,0,0,0,0,0
2026-04-05 00:00:00+00:00,2026,4,5,port980,Port Vila,Vanuatu,VUT,0,0,0,0,0,0,0,0,0,0,0,0,0,0,0,0,0,0,0,0,0
2026-04-04 00:00:00+00:00,2026,4,4,port669,Luganville,Vanuatu,VUT,0,0,0,0,0,0,0,0,0,0,0,0,0,0,0,0,0,0,0,0,0
2026-04-04 00:00:00+00:00,2026,4,4,port980,Port Vila,Vanuatu,VUT,1,0,0,0,0,1,1,1289,0,0,0,0,1289,1289,0,0,0,0,0,0,0
2026-04-03 00:00:00+00:00,2026,4,3,port669,Luganville,Vanuatu,VUT,0,0,0,0,0,0,0,0,0,0,0,0,0,0,0,0,0,0,0,0,0
2026-04-03 00:00:00+00:00,2026,4,3,port980,Port Vila,Vanuatu,VUT,0,0,0,0,0,0,0,0,0,0,0,0,0,0,0,0,0,0,0,0,0
2026-04-02 00:00:00+00:00,2026,4,2,port669,Luganville,Vanuatu,VUT,0,0,0,0,0,0,0,0,0,0,0,0,0,0,0,0,0,0,0,0,0
2026-04-02 00:00:00+00:00,2026,4,2,port980,Port Vila,Vanuatu,VUT,0,0,0,0,0,0,0,0,0,0,0,0,0,0,0,0,0,0,0,0,0
2026-04-01 00:00:00+00:00,2026,4,1,port669,Luganville,Vanuatu,VUT,0,0,0,0,0,0,0,0,0,0,0,0,0,0,0,0,0,0,0,0,0
2026-04-01 00:00:00+00:00,2026,4,1,port980,Port Vila,Vanuatu,VUT,1,0,0,0,0,1,1,0,0,0,0,0,0,0,0,0,0,0,0,0,0
2026-03-31 00:00:00+00:00,2026,3,31,port669,Luganville,Vanuatu,VUT,0,0,0,0,0,0,0,0,0,0,0,0,0,0,0,0,0,0,0,0,0
2026-03-31 00:00:00+00:00,2026,3,31,port980,Port Vila,Vanuatu,VUT,0,0,0,0,0,0,0,0,0,0,0,0,0,0,0,0,0,0,0,0,0
2026-03-30 00:00:00+00:00,2026,3,30,port669,Luganville,Vanuatu,VUT,0,0,0,0,0,0,0,0,0,0,0,0,0,0,0,0,0,0,0,0,0
2026-03-30 00:00:00+00:00,2026,3,30,port980,Port Vila,Vanuatu,VUT,1,0,0,0,0,1,1,0,0,0,0,0,0,0,393,0,0,0,0,393,393
2026-03-29 00:00:00+00:00,2026,3,29,port669,Luganville,Vanuatu,VUT,1,0,0,0,0,1,1,0,0,0,0,0,0,0,3138,0,0,0,0,3138,3138
2026-03-29 00:00:00+00:00,2026,3,29,port980,Port Vila,Vanuatu,VUT,0,0,0,0,0,0,0,0,0,0,0,0,0,0,0,0,0,0,0,0,0
2026-03-28 00:00:00+00:00,2026,3,28,port669,Luganville,Vanuatu,VUT,0,0,0,0,0,0,0,0,0,0,0,0,0,0,0,0,0,0,0,0,0
2026-03-28 00:00:00+00:00,2026,3,28,port980,Port Vila,Vanuatu,VUT,0,0,0,0,0,0,0,0,0,0,0,0,0,0,0,0,0,0,0,0,0
2026-03-27 00:00:00+00:00,2026,3,27,port669,Luganville,Vanuatu,VUT,0,0,0,0,0,0,0,0,0,0,0,0,0,0,0,0,0,0,0,0,0
2026-03-27 00:00:00+00:00,2026,3,27,port980,Port Vila,Vanuatu,VUT,0,0,0,0,1,0,1,0,0,0,0,157,0,157,0,0,0,0,0,0,0
2026-03-26 00:00:00+00:00,2026,3,26,port669,Luganville,Vanuatu,VUT,0,0,0,0,0,0,0,0,0,0,0,0,0,0,0,0,0,0,0,0,0
2026-03-26 00:00:00+00:00,2026,3,26,port980,Port Vila,Vanuatu,VUT,0,0,0,0,0,0,0,0,0,0,0,0,0,0,0,0,0,0,0,0,0
2026-03-25 00:00:00+00:00,2026,3,25,port669,Luganville,Vanuatu,VUT,0,0,0,0,0,0,0,0,0,0,0,0,0,0,0,0,0,0,0,0,0
2026-03-25 00:00:00+00:00,2026,3,25,port980,Port Vila,Vanuatu,VUT,0,0,0,0,0,0,0,0,0,0,0,0,0,0,0,0,0,0,0,0,0
2026-03-24 00:00:00+00:00,2026,3,24,port669,Luganville,Vanuatu,VUT,0,0,0,0,0,0,0,0,0,0,0,0,0,0,0,0,0,0,0,0,0
2026-03-24 00:00:00+00:00,2026,3,24,port980,Port Vila,Vanuatu,VUT,0,0,0,0,0,0,0,0,0,0,0,0,0,0,0,0,0,0,0,0,0
2026-03-23 00:00:00+00:00,2026,3,23,port669,Luganville,Vanuatu,VUT,1,0,0,0,0,1,1,1176,0,0,0,0,1176,1176,0,0,0,0,0,0,0
2026-03-23 00:00:00+00:00,2026,3,23,port980,Port Vila,Vanuatu,VUT,0,0,0,0,0,0,0,0,0,0,0,0,0,0,0,0,0,0,0,0,0
2026-03-22 00:00:00+00:00,2026,3,22,port669,Luganville,Vanuatu,VUT,0,0,0,0,0,0,0,0,0,0,0,0,0,0,0,0,0,0,0,0,0
2026-03-22 00:00:00+00:00,2026,3,22,port980,Port Vila,Vanuatu,VUT,0,0,0,0,0,0,0,0,0,0,0,0,0,0,0,0,0,0,0,0,0
2026-03-21 00:00:00+00:00,2026,3,21,port669,Luganville,Vanuatu,VUT,0,0,0,0,0,0,0,0,0,0,0,0,0,0,0,0,0,0,0,0,0
2026-03-21 00:00:00+00:00,2026,3,21,port980,Port Vila,Vanuatu,VUT,0,0,0,0,0,0,0,0,0,0,0,0,0,0,0,0,0,0,0,0,0
2026-03-20 00:00:00+00:00,2026,3,20,port669,Luganville,Vanuatu,VUT,0,0,0,0,0,0,0,0,0,0,0,0,0,0,0,0,0,0,0,0,0
2026-03-20 00:00:00+00:00,2026,3,20,port980,Port Vila,Vanuatu,VUT,0,0,1,0,0,1,1,0,0,832,0,0,832,832,0,0,183,0,0,183,183
2026-03-19 00:00:00+00:00,2026,3,19,port669,Luganville,Vanuatu,VUT,0,0,0,0,0,0,0,0,0,0,0,0,0,0,0,0,0,0,0,0,0
2026-03-19 00:00:00+00:00,2026,3,19,port980,Port Vila,Vanuatu,VUT,0,0,0,0,0,0,0,0,0,0,0,0,0,0,0,0,0,0,0,0,0
2026-03-18 00:00:00+00:00,2026,3,18,port669,Luganville,Vanuatu,VUT,0,0,1,0,0,1,1,0,0,883,0,0,883,883,0,0,314,0,0,314,314
2026-03-18 00:00:00+00:00,2026,3,18,port980,Port Vila,Vanuatu,VUT,0,0,0,0,0,0,0,0,0,0,0,0,0,0,0,0,0,0,0,0,0
2026-03-17 00:00:00+00:00,2026,3,17,port669,Luganville,Vanuatu,VUT,0,0,0,0,0,0,0,0,0,0,0,0,0,0,0,0,0,0,0,0,0
2026-03-17 00:00:00+00:00,2026,3,17,port980,Port Vila,Vanuatu,VUT,0,0,1,0,0,1,1,0,0,317,0,0,317,317,0,0,0,0,0,0,0
2026-03-16 00:00:00+00:00,2026,3,16,port669,Luganville,Vanuatu,VUT,0,0,0,0,0,0,0,0,0,0,0,0,0,0,0,0,0,0,0,0,0
2026-03-16 00:00:00+00:00,2026,3,16,port980,Port Vila,Vanuatu,VUT,0,0,0,0,0,0,0,0,0,0,0,0,0,0,0,0,0,0,0,0,0
2026-03-15 00:00:00+00:00,2026,3,15,port669,Luganville,Vanuatu,VUT,0,0,0,0,0,0,0,0,0,0,0,0,0,0,0,0,0,0,0,0,0
2026-03-15 00:00:00+00:00,2026,3,15,port980,Port Vila,Vanuatu,VUT,0,0,0,0,1,0,1,0,0,0,0,0,0,0,0,0,0,0,0,0,0
2026-03-14 00:00:00+00:00,2026,3,14,port669,Luganville,Vanuatu,VUT,0,0,0,0,0,0,0,0,0,0,0,0,0,0,0,0,0,0,0,0,0
2026-03-14 00:00:00+00:00,2026,3,14,port980,Port Vila,Vanuatu,VUT,0,0,0,0,0,0,0,0,0,0,0,0,0,0,0,0,0,0,0,0,0
2026-03-13 00:00:00+00:00,2026,3,13,port669,Luganville,Vanuatu,VUT,0,0,0,0,0,0,0,0,0,0,0,0,0,0,0,0,0,0,0,0,0
2026-03-13 00:00:00+00:00,2026,3,13,port980,Port Vila,Vanuatu,VUT,0,0,0,0,0,0,0,0,0,0,0,0,0,0,0,0,0,0,0,0,0
2026-03-12 00:00:00+00:00,2026,3,12,port669,Luganville,Vanuatu,VUT,0,0,0,0,0,0,0,0,0,0,0,0,0,0,0,0,0,0,0,0,0
2026-03-12 00:00:00+00:00,2026,3,12,port980,Port Vila,Vanuatu,VUT,0,0,0,0,0,0,0,0,0,0,0,0,0,0,0,0,0,0,0,0,0
2026-03-11 00:00:00+00:00,2026,3,11,port669,Luganville,Vanuatu,VUT,0,0,0,0,0,0,0,0,0,0,0,0,0,0,0,0,0,0,0,0,0
2026-03-11 00:00:00+00:00,2026,3,11,port980,Port Vila,Vanuatu,VUT,1,0,0,0,0,1,1,1240,0,0,0,0,1240,1240,125,0,0,0,0,125,125
2026-03-10 00:00:00+00:00,2026,3,10,port669,Luganville,Vanuatu,VUT,2,0,0,0,0,2,2,3422,0,0,0,0,3422,3422,146,0,0,0,0,146,146
2026-03-10 00:00:00+00:00,2026,3,10,port980,Port Vila,Vanuatu,VUT,0,0,0,0,0,0,0,0,0,0,0,0,0,0,0,0,0,0,0,0,0
2026-03-09 00:00:00+00:00,2026,3,9,port669,Luganville,Vanuatu,VUT,0,0,0,0,0,0,0,0,0,0,0,0,0,0,0,0,0,0,0,0,0
2026-03-09 00:00:00+00:00,2026,3,9,port980,Port Vila,Vanuatu,VUT,1,0,0,0,0,1,1,2182,0,0,0,0,2182,2182,0,0,0,0,0,0,0
2026-03-08 00:00:00+00:00,2026,3,8,port669,Luganville,Vanuatu,VUT,0,0,0,0,0,0,0,0,0,0,0,0,0,0,0,0,0,0,0,0,0
2026-03-08 00:00:00+00:00,2026,3,8,port980,Port Vila,Vanuatu,VUT,0,0,0,0,0,0,0,0,0,0,0,0,0,0,0,0,0,0,0,0,0
2026-03-07 00:00:00+00:00,2026,3,7,port669,Luganville,Vanuatu,VUT,0,0,0,0,0,0,0,0,0,0,0,0,0,0,0,0,0,0,0,0,0
2026-03-07 00:00:00+00:00,2026,3,7,port980,Port Vila,Vanuatu,VUT,0,0,0,0,0,0,0,0,0,0,0,0,0,0,0,0,0,0,0,0,0
2026-03-06 00:00:00+00:00,2026,3,6,port669,Luganville,Vanuatu,VUT,0,0,1,0,0,1,1,0,0,894,0,0,894,894,0,0,0,0,0,0,0
2026-03-06 00:00:00+00:00,2026,3,6,port980,Port Vila,Vanuatu,VUT,1,0,0,0,0,1,1,2587,0,0,0,0,2587,2587,0,0,0,0,0,0,0
2026-03-05 00:00:00+00:00,2026,3,5,port669,Luganville,Vanuatu,VUT,0,0,0,0,0,0,0,0,0,0,0,0,0,0,0,0,0,0,0,0,0
2026-03-05 00:00:00+00:00,2026,3,5,port980,Port Vila,Vanuatu,VUT,0,0,0,0,0,0,0,0,0,0,0,0,0,0,0,0,0,0,0,0,0
2026-03-04 00:00:00+00:00,2026,3,4,port669,Luganville,Vanuatu,VUT,0,0,0,0,0,0,0,0,0,0,0,0,0,0,0,0,0,0,0,0,0
2026-03-04 00:00:00+00:00,2026,3,4,port980,Port Vila,Vanuatu,VUT,0,0,0,0,0,0,0,0,0,0,0,0,0,0,0,0,0,0,0,0,0
2026-03-03 00:00:00+00:00,2026,3,3,port669,Luganville,Vanuatu,VUT,0,0,0,0,0,0,0,0,0,0,0,0,0,0,0,0,0,0,0,0,0
2026-03-03 00:00:00+00:00,2026,3,3,port980,Port Vila,Vanuatu,VUT,0,0,0,0,0,0,0,0,0,0,0,0,0,0,0,0,0,0,0,0,0
2026-03-02 00:00:00+00:00,2026,3,2,port669,Luganville,Vanuatu,VUT,0,0,0,0,0,0,0,0,0,0,0,0,0,0,0,0,0,0,0,0,0
2026-03-02 00:00:00+00:00,2026,3,2,port980,Port Vila,Vanuatu,VUT,0,0,0,0,1,0,1,0,0,0,0,631,0,631,0,0,0,0,0,0,0
2026-03-01 00:00:00+00:00,2026,3,1,port669,Luganville,Vanuatu,VUT,0,0,0,0,0,0,0,0,0,0,0,0,0,0,0,0,0,0,0,0,0
2026-03-01 00:00:00+00:00,2026,3,1,port980,Port Vila,Vanuatu,VUT,0,0,0,0,0,0,0,0,0,0,0,0,0,0,0,0,0,0,0,0,0
2026-02-28 00:00:00+00:00,2026,2,28,port669,Luganville,Vanuatu,VUT,0,0,0,0,1,0,1,0,0,0,0,525,0,525,0,0,0,0,0,0,0
2026-02-28 00:00:00+00:00,2026,2,28,port980,Port Vila,Vanuatu,VUT,0,0,0,0,0,0,0,0,0,0,0,0,0,0,0,0,0,0,0,0,0
2026-02-27 00:00:00+00:00,2026,2,27,port669,Luganville,Vanuatu,VUT,0,0,0,0,0,0,0,0,0,0,0,0,0,0,0,0,0,0,0,0,0
2026-02-27 00:00:00+00:00,2026,2,27,port980,Port Vila,Vanuatu,VUT,0,0,0,0,0,0,0,0,0,0,0,0,0,0,0,0,0,0,0,0,0
2026-02-26 00:00:00+00:00,2026,2,26,port669,Luganville,Vanuatu,VUT,0,0,0,0,0,0,0,0,0,0,0,0,0,0,0,0,0,0,0,0,0
2026-02-26 00:00:00+00:00,2026,2,26,port980,Port Vila,Vanuatu,VUT,0,0,0,0,0,0,0,0,0,0,0,0,0,0,0,0,0,0,0,0,0
2026-02-25 00:00:00+00:00,2026,2,25,port669,Luganville,Vanuatu,VUT,0,0,0,0,0,0,0,0,0,0,0,0,0,0,0,0,0,0,0,0,0
2026-02-25 00:00:00+00:00,2026,2,25,port980,Port Vila,Vanuatu,VUT,0,0,0,0,0,0,0,0,0,0,0,0,0,0,0,0,0,0,0,0,0
2026-02-24 00:00:00+00:00,2026,2,24,port669,Luganville,Vanuatu,VUT,0,0,0,0,0,0,0,0,0,0,0,0,0,0,0,0,0,0,0,0,0
2026-02-24 00:00:00+00:00,2026,2,24,port980,Port Vila,Vanuatu,VUT,1,0,0,0,0,1,1,2356,0,0,0,0,2356,2356,0,0,0,0,0,0,0
2026-02-23 00:00:00+00:00,2026,2,23,port669,Luganville,Vanuatu,VUT,0,0,0,0,0,0,0,0,0,0,0,0,0,0,0,0,0,0,0,0,0
2026-02-23 00:00:00+00:00,2026,2,23,port980,Port Vila,Vanuatu,VUT,1,0,0,0,0,1,1,3133,0,0,0,0,3133,3133,0,0,0,0,0,0,0
2026-02-22 00:00:00+00:00,2026,2,22,port669,Luganville,Vanuatu,VUT,1,0,0,0,0,1,1,0,0,0,0,0,0,0,315,0,0,0,0,315,315
2026-02-22 00:00:00+00:00,2026,2,22,port980,Port Vila,Vanuatu,VUT,0,0,0,0,0,0,0,0,0,0,0,0,0,0,0,0,0,0,0,0,0
2026-02-21 00:00:00+00:00,2026,2,21,port669,Luganville,Vanuatu,VUT,0,0,0,0,0,0,0,0,0,0,0,0,0,0,0,0,0,0,0,0,0
2026-02-21 00:00:00+00:00,2026,2,21,port980,Port Vila,Vanuatu,VUT,0,0,0,0,0,0,0,0,0,0,0,0,0,0,0,0,0,0,0,0,0
2026-02-20 00:00:00+00:00,2026,2,20,port669,Luganville,Vanuatu,VUT,0,0,0,0,0,0,0,0,0,0,0,0,0,0,0,0,0,0,0,0,0
2026-02-20 00:00:00+00:00,2026,2,20,port980,Port Vila,Vanuatu,VUT,0,0,0,0,0,0,0,0,0,0,0,0,0,0,0,0,0,0,0,0,0
2026-02-19 00:00:00+00:00,2026,2,19,port669,Luganville,Vanuatu,VUT,0,0,0,0,0,0,0,0,0,0,0,0,0,0,0,0,0,0,0,0,0
2026-02-19 00:00:00+00:00,2026,2,19,port980,Port Vila,Vanuatu,VUT,1,0,0,0,0,1,1,1240,0,0,0,0,1240,1240,125,0,0,0,0,125,125
2026-02-18 00:00:00+00:00,2026,2,18,port669,Luganville,Vanuatu,VUT,1,0,0,0,0,1,1,828,0,0,0,0,828,828,146,0,0,0,0,146,146
2026-02-18 00:00:00+00:00,2026,2,18,port980,Port Vila,Vanuatu,VUT,0,0,0,0,0,0,0,0,0,0,0,0,0,0,0,0,0,0,0,0,0
2026-02-17 00:00:00+00:00,2026,2,17,port669,Luganville,Vanuatu,VUT,0,0,0,0,0,0,0,0,0,0,0,0,0,0,0,0,0,0,0,0,0
2026-02-17 00:00:00+00:00,2026,2,17,port980,Port Vila,Vanuatu,VUT,0,0,0,0,0,0,0,0,0,0,0,0,0,0,0,0,0,0,0,0,0
2026-02-16 00:00:00+00:00,2026,2,16,port669,Luganville,Vanuatu,VUT,0,0,0,0,0,0,0,0,0,0,0,0,0,0,0,0,0,0,0,0,0
2026-02-16 00:00:00+00:00,2026,2,16,port980,Port Vila,Vanuatu,VUT,0,0,2,0,0,2,2,0,0,1148,0,0,1148,1148,0,0,183,0,0,183,183
2026-02-15 00:00:00+00:00,2026,2,15,port669,Luganville,Vanuatu,VUT,0,0,0,0,0,0,0,0,0,0,0,0,0,0,0,0,0,0,0,0,0
2026-02-15 00:00:00+00:00,2026,2,15,port980,Port Vila,Vanuatu,VUT,0,0,0,0,0,0,0,0,0,0,0,0,0,0,0,0,0,0,0,0,0
2026-02-14 00:00:00+00:00,2026,2,14,port669,Luganville,Vanuatu,VUT,0,0,0,0,0,0,0,0,0,0,0,0,0,0,0,0,0,0,0,0,0
2026-02-14 00:00:00+00:00,2026,2,14,port980,Port Vila,Vanuatu,VUT,0,0,0,0,0,0,0,0,0,0,0,0,0,0,0,0,0,0,0,0,0
2026-02-13 00:00:00+00:00,2026,2,13,port669,Luganville,Vanuatu,VUT,0,0,1,0,0,1,1,0,0,316,0,0,316,316,0,0,0,0,0,0,0
2026-02-13 00:00:00+00:00,2026,2,13,port980,Port Vila,Vanuatu,VUT,1,0,0,0,1,1,2,1745,0,0,0,0,1745,1745,0,0,0,0,0,0,0
2026-02-12 00:00:00+00:00,2026,2,12,port669,Luganville,Vanuatu,VUT,0,0,0,0,0,0,0,0,0,0,0,0,0,0,0,0,0,0,0,0,0
2026-02-12 00:00:00+00:00,2026,2,12,port980,Port Vila,Vanuatu,VUT,1,0,0,0,0,1,1,1240,0,0,0,0,1240,1240,125,0,0,0,0,125,125
2026-02-11 00:00:00+00:00,2026,2,11,port669,Luganville,Vanuatu,VUT,1,0,0,0,0,1,1,828,0,0,0,0,828,828,146,0,0,0,0,146,146
2026-02-11 00:00:00+00:00,2026,2,11,port980,Port Vila,Vanuatu,VUT,0,0,0,0,0,0,0,0,0,0,0,0,0,0,0,0,0,0,0,0,0
2026-02-10 00:00:00+00:00,2026,2,10,port669,Luganville,Vanuatu,VUT,0,0,0,0,0,0,0,0,0,0,0,0,0,0,0,0,0,0,0,0,0
2026-02-10 00:00:00+00:00,2026,2,10,port980,Port Vila,Vanuatu,VUT,0,0,0,0,0,0,0,0,0,0,0,0,0,0,0,0,0,0,0,0,0
2026-02-09 00:00:00+00:00,2026,2,9,port669,Luganville,Vanuatu,VUT,0,0,0,0,0,0,0,0,0,0,0,0,0,0,0,0,0,0,0,0,0
2026-02-09 00:00:00+00:00,2026,2,9,port980,Port Vila,Vanuatu,VUT,0,0,0,0,0,0,0,0,0,0,0,0,0,0,0,0,0,0,0,0,0
2026-02-08 00:00:00+00:00,2026,2,8,port669,Luganville,Vanuatu,VUT,0,0,0,0,0,0,0,0,0,0,0,0,0,0,0,0,0,0,0,0,0
2026-02-08 00:00:00+00:00,2026,2,8,port980,Port Vila,Vanuatu,VUT,1,0,0,0,0,1,1,646,0,0,0,0,646,646,0,0,0,0,0,0,0
2026-02-07 00:00:00+00:00,2026,2,7,port669,Luganville,Vanuatu,VUT,0,0,0,0,0,0,0,0,0,0,0,0,0,0,0,0,0,0,0,0,0
2026-02-07 00:00:00+00:00,2026,2,7,port980,Port Vila,Vanuatu,VUT,0,0,0,0,0,0,0,0,0,0,0,0,0,0,0,0,0,0,0,0,0
2026-02-06 00:00:00+00:00,2026,2,6,port669,Luganville,Vanuatu,VUT,0,0,0,0,0,0,0,0,0,0,0,0,0,0,0,0,0,0,0,0,0
2026-02-06 00:00:00+00:00,2026,2,6,port980,Port Vila,Vanuatu,VUT,0,0,0,0,0,0,0,0,0,0,0,0,0,0,0,0,0,0,0,0,0
2026-02-05 00:00:00+00:00,2026,2,5,port669,Luganville,Vanuatu,VUT,0,0,0,0,0,0,0,0,0,0,0,0,0,0,0,0,0,0,0,0,0
2026-02-05 00:00:00+00:00,2026,2,5,port980,Port Vila,Vanuatu,VUT,0,0,0,0,0,0,0,0,0,0,0,0,0,0,0,0,0,0,0,0,0
2026-02-04 00:00:00+00:00,2026,2,4,port669,Luganville,Vanuatu,VUT,0,0,0,0,0,0,0,0,0,0,0,0,0,0,0,0,0,0,0,0,0
2026-02-04 00:00:00+00:00,2026,2,4,port980,Port Vila,Vanuatu,VUT,0,0,0,0,0,0,0,0,0,0,0,0,0,0,0,0,0,0,0,0,0
2026-02-03 00:00:00+00:00,2026,2,3,port669,Luganville,Vanuatu,VUT,0,0,0,0,0,0,0,0,0,0,0,0,0,0,0,0,0,0,0,0,0
2026-02-03 00:00:00+00:00,2026,2,3,port980,Port Vila,Vanuatu,VUT,0,0,0,0,0,0,0,0,0,0,0,0,0,0,0,0,0,0,0,0,0
2026-02-02 00:00:00+00:00,2026,2,2,port669,Luganville,Vanuatu,VUT,0,0,0,0,0,0,0,0,0,0,0,0,0,0,0,0,0,0,0,0,0
2026-02-02 00:00:00+00:00,2026,2,2,port980,Port Vila,Vanuatu,VUT,0,0,0,0,0,0,0,0,0,0,0,0,0,0,0,0,0,0,0,0,0
2026-02-01 00:00:00+00:00,2026,2,1,port669,Luganville,Vanuatu,VUT,0,0,0,0,0,0,0,0,0,0,0,0,0,0,0,0,0,0,0,0,0
2026-02-01 00:00:00+00:00,2026,2,1,port980,Port Vila,Vanuatu,VUT,1,0,0,0,0,1,1,496,0,0,0,0,496,496,190,0,0,0,0,190,190
2026-01-31 00:00:00+00:00,2026,1,31,port669,Luganville,Vanuatu,VUT,0,0,0,0,0,0,0,0,0,0,0,0,0,0,0,0,0,0,0,0,0
2026-01-31 00:00:00+00:00,2026,1,31,port980,Port Vila,Vanuatu,VUT,0,0,0,0,1,0,1,0,0,0,0,0,0,0,0,0,0,0,0,0,0
2026-01-30 00:00:00+00:00,2026,1,30,port669,Luganville,Vanuatu,VUT,2,0,0,0,0,2,2,1850,0,0,0,0,1850,1850,389,0,0,0,0,389,389
2026-01-30 00:00:00+00:00,2026,1,30,port980,Port Vila,Vanuatu,VUT,0,0,0,0,0,0,0,0,0,0,0,0,0,0,0,0,0,0,0,0,0
2026-01-29 00:00:00+00:00,2026,1,29,port669,Luganville,Vanuatu,VUT,0,0,0,0,0,0,0,0,0,0,0,0,0,0,0,0,0,0,0,0,0
2026-01-29 00:00:00+00:00,2026,1,29,port980,Port Vila,Vanuatu,VUT,0,0,0,0,0,0,0,0,0,0,0,0,0,0,0,0,0,0,0,0,0
2026-01-28 00:00:00+00:00,2026,1,28,port669,Luganville,Vanuatu,VUT,0,0,0,0,0,0,0,0,0,0,0,0,0,0,0,0,0,0,0,0,0
2026-01-28 00:00:00+00:00,2026,1,28,port980,Port Vila,Vanuatu,VUT,1,0,0,0,0,1,1,1240,0,0,0,0,1240,1240,125,0,0,0,0,125,125
2026-01-27 00:00:00+00:00,2026,1,27,port669,Luganville,Vanuatu,VUT,0,0,0,0,0,0,0,0,0,0,0,0,0,0,0,0,0,0,0,0,0
2026-01-27 00:00:00+00:00,2026,1,27,port980,Port Vila,Vanuatu,VUT,0,0,0,0,0,0,0,0,0,0,0,0,0,0,0,0,0,0,0,0,0
2026-01-26 00:00:00+00:00,2026,1,26,port669,Luganville,Vanuatu,VUT,0,0,0,0,0,0,0,0,0,0,0,0,0,0,0,0,0,0,0,0,0
2026-01-26 00:00:00+00:00,2026,1,26,port980,Port Vila,Vanuatu,VUT,1,0,0,0,0,1,1,787,0,0,0,0,787,787,0,0,0,0,0,0,0
2026-01-25 00:00:00+00:00,2026,1,25,port669,Luganville,Vanuatu,VUT,0,0,0,0,0,0,0,0,0,0,0,0,0,0,0,0,0,0,0,0,0
2026-01-25 00:00:00+00:00,2026,1,25,port980,Port Vila,Vanuatu,VUT,0,0,0,0,0,0,0,0,0,0,0,0,0,0,0,0,0,0,0,0,0
2026-01-24 00:00:00+00:00,2026,1,24,port669,Luganville,Vanuatu,VUT,0,0,0,0,0,0,0,0,0,0,0,0,0,0,0,0,0,0,0,0,0
2026-01-24 00:00:00+00:00,2026,1,24,port980,Port Vila,Vanuatu,VUT,0,0,0,0,0,0,0,0,0,0,0,0,0,0,0,0,0,0,0,0,0
2026-01-23 00:00:00+00:00,2026,1,23,port669,Luganville,Vanuatu,VUT,0,0,0,0,1,0,1,0,0,0,0,2609,0,2609,0,0,0,0,0,0,0
2026-01-23 00:00:00+00:00,2026,1,23,port980,Port Vila,Vanuatu,VUT,1,0,0,0,0,1,1,1240,0,0,0,0,1240,1240,125,0,0,0,0,125,125
2026-01-22 00:00:00+00:00,2026,1,22,port669,Luganville,Vanuatu,VUT,1,0,0,0,0,1,1,828,0,0,0,0,828,828,146,0,0,0,0,146,146
2026-01-22 00:00:00+00:00,2026,1,22,port980,Port Vila,Vanuatu,VUT,0,0,0,0,0,0,0,0,0,0,0,0,0,0,0,0,0,0,0,0,0
2026-01-21 00:00:00+00:00,2026,1,21,port669,Luganville,Vanuatu,VUT,0,0,0,0,0,0,0,0,0,0,0,0,0,0,0,0,0,0,0,0,0
2026-01-21 00:00:00+00:00,2026,1,21,port980,Port Vila,Vanuatu,VUT,0,0,0,0,0,0,0,0,0,0,0,0,0,0,0,0,0,0,0,0,0
2026-01-20 00:00:00+00:00,2026,1,20,port669,Luganville,Vanuatu,VUT,0,0,0,0,1,0,1,0,0,0,0,0,0,0,0,0,0,0,0,0,0
2026-01-20 00:00:00+00:00,2026,1,20,port980,Port Vila,Vanuatu,VUT,1,0,0,0,0,1,1,1873,0,0,0,0,1873,1873,0,0,0,0,0,0,0
2026-01-19 00:00:00+00:00,2026,1,19,port669,Luganville,Vanuatu,VUT,0,0,0,0,0,0,0,0,0,0,0,0,0,0,0,0,0,0,0,0,0
2026-01-19 00:00:00+00:00,2026,1,19,port980,Port Vila,Vanuatu,VUT,0,0,0,0,0,0,0,0,0,0,0,0,0,0,0,0,0,0,0,0,0
2026-01-18 00:00:00+00:00,2026,1,18,port669,Luganville,Vanuatu,VUT,0,0,0,0,0,0,0,0,0,0,0,0,0,0,0,0,0,0,0,0,0
2026-01-18 00:00:00+00:00,2026,1,18,port980,Port Vila,Vanuatu,VUT,0,0,0,0,0,0,0,0,0,0,0,0,0,0,0,0,0,0,0,0,0
2026-01-17 00:00:00+00:00,2026,1,17,port669,Luganville,Vanuatu,VUT,0,0,0,0,0,0,0,0,0,0,0,0,0,0,0,0,0,0,0,0,0
2026-01-17 00:00:00+00:00,2026,1,17,port980,Port Vila,Vanuatu,VUT,0,0,0,0,0,0,0,0,0,0,0,0,0,0,0,0,0,0,0,0,0
2026-01-16 00:00:00+00:00,2026,1,16,port669,Luganville,Vanuatu,VUT,0,0,0,0,0,0,0,0,0,0,0,0,0,0,0,0,0,0,0,0,0
2026-01-16 00:00:00+00:00,2026,1,16,port980,Port Vila,Vanuatu,VUT,0,0,1,0,0,1,1,0,0,632,0,0,632,632,0,0,0,0,0,0,0
2026-01-15 00:00:00+00:00,2026,1,15,port669,Luganville,Vanuatu,VUT,0,0,0,0,0,0,0,0,0,0,0,0,0,0,0,0,0,0,0,0,0
2026-01-15 00:00:00+00:00,2026,1,15,port980,Port Vila,Vanuatu,VUT,0,0,0,0,0,0,0,0,0,0,0,0,0,0,0,0,0,0,0,0,0
2026-01-14 00:00:00+00:00,2026,1,14,port669,Luganville,Vanuatu,VUT,0,0,0,0,0,0,0,0,0,0,0,0,0,0,0,0,0,0,0,0,0
2026-01-14 00:00:00+00:00,2026,1,14,port980,Port Vila,Vanuatu,VUT,0,0,0,0,0,0,0,0,0,0,0,0,0,0,0,0,0,0,0,0,0
2026-01-13 00:00:00+00:00,2026,1,13,port669,Luganville,Vanuatu,VUT,0,0,0,0,0,0,0,0,0,0,0,0,0,0,0,0,0,0,0,0,0
2026-01-13 00:00:00+00:00,2026,1,13,port980,Port Vila,Vanuatu,VUT,0,0,0,0,0,0,0,0,0,0,0,0,0,0,0,0,0,0,0,0,0
2026-01-12 00:00:00+00:00,2026,1,12,port669,Luganville,Vanuatu,VUT,0,0,0,0,0,0,0,0,0,0,0,0,0,0,0,0,0,0,0,0,0
2026-01-12 00:00:00+00:00,2026,1,12,port980,Port Vila,Vanuatu,VUT,0,0,0,0,0,0,0,0,0,0,0,0,0,0,0,0,0,0,0,0,0
2026-01-11 00:00:00+00:00,2026,1,11,port669,Luganville,Vanuatu,VUT,0,0,0,0,0,0,0,0,0,0,0,0,0,0,0,0,0,0,0,0,0
2026-01-11 00:00:00+00:00,2026,1,11,port980,Port Vila,Vanuatu,VUT,0,0,0,0,0,0,0,0,0,0,0,0,0,0,0,0,0,0,0,0,0
2026-01-10 00:00:00+00:00,2026,1,10,port669,Luganville,Vanuatu,VUT,0,0,0,0,0,0,0,0,0,0,0,0,0,0,0,0,0,0,0,0,0
2026-01-10 00:00:00+00:00,2026,1,10,port980,Port Vila,Vanuatu,VUT,0,0,0,0,0,0,0,0,0,0,0,0,0,0,0,0,0,0,0,0,0
2026-01-09 00:00:00+00:00,2026,1,9,port669,Luganville,Vanuatu,VUT,0,0,0,0,0,0,0,0,0,0,0,0,0,0,0,0,0,0,0,0,0
2026-01-09 00:00:00+00:00,2026,1,9,port980,Port Vila,Vanuatu,VUT,0,0,1,0,0,1,1,0,0,314,0,0,314,314,0,0,0,0,0,0,0
2026-01-08 00:00:00+00:00,2026,1,8,port669,Luganville,Vanuatu,VUT,0,0,1,0,0,1,1,0,0,629,0,0,629,629,0,0,0,0,0,0,0
2026-01-08 00:00:00+00:00,2026,1,8,port980,Port Vila,Vanuatu,VUT,0,0,0,0,0,0,0,0,0,0,0,0,0,0,0,0,0,0,0,0,0
2026-01-07 00:00:00+00:00,2026,1,7,port669,Luganville,Vanuatu,VUT,0,0,0,0,0,0,0,0,0,0,0,0,0,0,0,0,0,0,0,0,0
2026-01-07 00:00:00+00:00,2026,1,7,port980,Port Vila,Vanuatu,VUT,1,0,0,0,0,1,1,967,0,0,0,0,967,967,0,0,0,0,0,0,0
2026-01-06 00:00:00+00:00,2026,1,6,port669,Luganville,Vanuatu,VUT,0,0,0,0,0,0,0,0,0,0,0,0,0,0,0,0,0,0,0,0,0
2026-01-06 00:00:00+00:00,2026,1,6,port980,Port Vila,Vanuatu,VUT,0,0,0,0,0,0,0,0,0,0,0,0,0,0,0,0,0,0,0,0,0
2026-01-05 00:00:00+00:00,2026,1,5,port669,Luganville,Vanuatu,VUT,0,0,0,0,0,0,0,0,0,0,0,0,0,0,0,0,0,0,0,0,0
2026-01-05 00:00:00+00:00,2026,1,5,port980,Port Vila,Vanuatu,VUT,0,0,0,0,0,0,0,0,0,0,0,0,0,0,0,0,0,0,0,0,0
2026-01-04 00:00:00+00:00,2026,1,4,port669,Luganville,Vanuatu,VUT,0,0,0,0,0,0,0,0,0,0,0,0,0,0,0,0,0,0,0,0,0
2026-01-04 00:00:00+00:00,2026,1,4,port980,Port Vila,Vanuatu,VUT,1,0,0,0,0,1,1,2620,0,0,0,0,2620,2620,0,0,0,0,0,0,0
2026-01-03 00:00:00+00:00,2026,1,3,port669,Luganville,Vanuatu,VUT,0,0,0,0,0,0,0,0,0,0,0,0,0,0,0,0,0,0,0,0,0
2026-01-03 00:00:00+00:00,2026,1,3,port980,Port Vila,Vanuatu,VUT,0,0,0,0,0,0,0,0,0,0,0,0,0,0,0,0,0,0,0,0,0
2026-01-02 00:00:00+00:00,2026,1,2,port669,Luganville,Vanuatu,VUT,0,0,0,0,0,0,0,0,0,0,0,0,0,0,0,0,0,0,0,0,0
2026-01-02 00:00:00+00:00,2026,1,2,port980,Port Vila,Vanuatu,VUT,0,0,0,0,0,0,0,0,0,0,0,0,0,0,0,0,0,0,0,0,0
2026-01-01 00:00:00+00:00,2026,1,1,port669,Luganville,Vanuatu,VUT,0,0,0,0,0,0,0,0,0,0,0,0,0,0,0,0,0,0,0,0,0
2026-01-01 00:00:00+00:00,2026,1,1,port980,Port Vila,Vanuatu,VUT,0,0,0,0,0,0,0,0,0,0,0,0,0,0,0,0,0,0,0,0,0
2025-12-31 00:00:00+00:00,2025,12,31,port669,Luganville,Vanuatu,VUT,0,0,0,0,0,0,0,0,0,0,0,0,0,0,0,0,0,0,0,0,0
2025-12-31 00:00:00+00:00,2025,12,31,port980,Port Vila,Vanuatu,VUT,0,0,0,0,1,0,1,0,0,0,0,0,0,0,0,0,0,0,0,0,0
2025-12-30 00:00:00+00:00,2025,12,30,port669,Luganville,Vanuatu,VUT,0,0,0,0,0,0,0,0,0,0,0,0,0,0,0,0,0,0,0,0,0
2025-12-30 00:00:00+00:00,2025,12,30,port980,Port Vila,Vanuatu,VUT,1,0,0,0,0,1,1,1240,0,0,0,0,1240,1240,125,0,0,0,0,125,125
2025-12-29 00:00:00+00:00,2025,12,29,port669,Luganville,Vanuatu,VUT,0,0,0,0,0,0,0,0,0,0,0,0,0,0,0,0,0,0,0,0,0
2025-12-29 00:00:00+00:00,2025,12,29,port980,Port Vila,Vanuatu,VUT,0,0,0,0,0,0,0,0,0,0,0,0,0,0,0,0,0,0,0,0,0
2025-12-28 00:00:00+00:00,2025,12,28,port669,Luganville,Vanuatu,VUT,1,0,0,0,0,1,1,828,0,0,0,0,828,828,146,0,0,0,0,146,146
2025-12-28 00:00:00+00:00,2025,12,28,port980,Port Vila,Vanuatu,VUT,1,0,0,0,0,1,1,784,0,0,0,0,784,784,0,0,0,0,0,0,0
2025-12-27 00:00:00+00:00,2025,12,27,port669,Luganville,Vanuatu,VUT,0,0,0,0,0,0,0,0,0,0,0,0,0,0,0,0,0,0,0,0,0
2025-12-27 00:00:00+00:00,2025,12,27,port980,Port Vila,Vanuatu,VUT,0,0,0,0,1,0,1,0,0,0,0,0,0,0,0,0,0,0,1106,0,1106
2025-12-26 00:00:00+00:00,2025,12,26,port669,Luganville,Vanuatu,VUT,1,0,0,0,0,1,1,828,0,0,0,0,828,828,146,0,0,0,0,146,146
2025-12-26 00:00:00+00:00,2025,12,26,port980,Port Vila,Vanuatu,VUT,0,0,0,0,0,0,0,0,0,0,0,0,0,0,0,0,0,0,0,0,0
2025-12-25 00:00:00+00:00,2025,12,25,port669,Luganville,Vanuatu,VUT,0,0,0,0,0,0,0,0,0,0,0,0,0,0,0,0,0,0,0,0,0
2025-12-25 00:00:00+00:00,2025,12,25,port980,Port Vila,Vanuatu,VUT,0,0,0,0,0,0,0,0,0,0,0,0,0,0,0,0,0,0,0,0,0
2025-12-24 00:00:00+00:00,2025,12,24,port669,Luganville,Vanuatu,VUT,0,0,0,0,0,0,0,0,0,0,0,0,0,0,0,0,0,0,0,0,0
2025-12-24 00:00:00+00:00,2025,12,24,port980,Port Vila,Vanuatu,VUT,0,0,0,0,0,0,0,0,0,0,0,0,0,0,0,0,0,0,0,0,0
2025-12-23 00:00:00+00:00,2025,12,23,port669,Luganville,Vanuatu,VUT,0,0,0,0,0,0,0,0,0,0,0,0,0,0,0,0,0,0,0,0,0
2025-12-23 00:00:00+00:00,2025,12,23,port980,Port Vila,Vanuatu,VUT,1,0,0,0,0,1,1,1240,0,0,0,0,1240,1240,125,0,0,0,0,125,125
2025-12-22 00:00:00+00:00,2025,12,22,port669,Luganville,Vanuatu,VUT,0,0,0,0,0,0,0,0,0,0,0,0,0,0,0,0,0,0,0,0,0
2025-12-22 00:00:00+00:00,2025,12,22,port980,Port Vila,Vanuatu,VUT,0,0,0,0,0,0,0,0,0,0,0,0,0,0,0,0,0,0,0,0,0
2025-12-21 00:00:00+00:00,2025,12,21,port669,Luganville,Vanuatu,VUT,1,0,0,0,0,1,1,1021,0,0,0,0,1021,1021,243,0,0,0,0,243,243
2025-12-21 00:00:00+00:00,2025,12,21,port980,Port Vila,Vanuatu,VUT,0,0,1,0,0,1,1,0,0,1592,0,0,1592,1592,0,0,0,0,0,0,0
2025-12-20 00:00:00+00:00,2025,12,20,port669,Luganville,Vanuatu,VUT,0,0,0,0,0,0,0,0,0,0,0,0,0,0,0,0,0,0,0,0,0
2025-12-20 00:00:00+00:00,2025,12,20,port980,Port Vila,Vanuatu,VUT,0,0,0,0,0,0,0,0,0,0,0,0,0,0,0,0,0,0,0,0,0
2025-12-19 00:00:00+00:00,2025,12,19,port669,Luganville,Vanuatu,VUT,0,0,1,0,0,1,1,0,0,0,0,0,0,0,0,0,956,0,0,956,956
2025-12-19 00:00:00+00:00,2025,12,19,port980,Port Vila,Vanuatu,VUT,0,0,0,0,0,0,0,0,0,0,0,0,0,0,0,0,0,0,0,0,0
2025-12-18 00:00:00+00:00,2025,12,18,port669,Luganville,Vanuatu,VUT,0,0,0,0,0,0,0,0,0,0,0,0,0,0,0,0,0,0,0,0,0
2025-12-18 00:00:00+00:00,2025,12,18,port980,Port Vila,Vanuatu,VUT,0,0,0,0,0,0,0,0,0,0,0,0,0,0,0,0,0,0,0,0,0
2025-12-17 00:00:00+00:00,2025,12,17,port669,Luganville,Vanuatu,VUT,0,0,0,0,0,0,0,0,0,0,0,0,0,0,0,0,0,0,0,0,0
2025-12-17 00:00:00+00:00,2025,12,17,port980,Port Vila,Vanuatu,VUT,0,0,0,0,0,0,0,0,0,0,0,0,0,0,0,0,0,0,0,0,0
2025-12-16 00:00:00+00:00,2025,12,16,port669,Luganville,Vanuatu,VUT,0,0,0,0,0,0,0,0,0,0,0,0,0,0,0,0,0,0,0,0,0
2025-12-16 00:00:00+00:00,2025,12,16,port980,Port Vila,Vanuatu,VUT,0,0,0,0,0,0,0,0,0,0,0,0,0,0,0,0,0,0,0,0,0
2025-12-15 00:00:00+00:00,2025,12,15,port669,Luganville,Vanuatu,VUT,0,0,0,0,0,0,0,0,0,0,0,0,0,0,0,0,0,0,0,0,0
2025-12-15 00:00:00+00:00,2025,12,15,port980,Port Vila,Vanuatu,VUT,0,0,0,0,0,0,0,0,0,0,0,0,0,0,0,0,0,0,0,0,0
2025-12-14 00:00:00+00:00,2025,12,14,port669,Luganville,Vanuatu,VUT,0,0,0,0,0,0,0,0,0,0,0,0,0,0,0,0,0,0,0,0,0
2025-12-14 00:00:00+00:00,2025,12,14,port980,Port Vila,Vanuatu,VUT,0,0,0,0,1,0,1,0,0,0,0,0,0,0,0,0,0,0,2072,0,2072
2025-12-13 00:00:00+00:00,2025,12,13,port669,Luganville,Vanuatu,VUT,0,0,0,0,0,0,0,0,0,0,0,0,0,0,0,0,0,0,0,0,0
2025-12-13 00:00:00+00:00,2025,12,13,port980,Port Vila,Vanuatu,VUT,0,0,0,0,0,0,0,0,0,0,0,0,0,0,0,0,0,0,0,0,0
2025-12-12 00:00:00+00:00,2025,12,12,port669,Luganville,Vanuatu,VUT,0,0,0,0,0,0,0,0,0,0,0,0,0,0,0,0,0,0,0,0,0
2025-12-12 00:00:00+00:00,2025,12,12,port980,Port Vila,Vanuatu,VUT,0,0,0,0,0,0,0,0,0,0,0,0,0,0,0,0,0,0,0,0,0
2025-12-11 00:00:00+00:00,2025,12,11,port669,Luganville,Vanuatu,VUT,0,0,0,0,0,0,0,0,0,0,0,0,0,0,0,0,0,0,0,0,0
2025-12-11 00:00:00+00:00,2025,12,11,port980,Port Vila,Vanuatu,VUT,1,0,0,0,0,1,1,970,0,0,0,0,970,970,0,0,0,0,0,0,0
2025-12-10 00:00:00+00:00,2025,12,10,port669,Luganville,Vanuatu,VUT,0,0,0,0,0,0,0,0,0,0,0,0,0,0,0,0,0,0,0,0,0
2025-12-10 00:00:00+00:00,2025,12,10,port980,Port Vila,Vanuatu,VUT,0,0,0,0,0,0,0,0,0,0,0,0,0,0,0,0,0,0,0,0,0
2025-12-09 00:00:00+00:00,2025,12,9,port669,Luganville,Vanuatu,VUT,0,0,0,0,0,0,0,0,0,0,0,0,0,0,0,0,0,0,0,0,0
2025-12-09 00:00:00+00:00,2025,12,9,port980,Port Vila,Vanuatu,VUT,1,0,0,0,0,1,1,877,0,0,0,0,877,877,0,0,0,0,0,0,0
2025-12-08 00:00:00+00:00,2025,12,8,port669,Luganville,Vanuatu,VUT,0,0,0,0,0,0,0,0,0,0,0,0,0,0,0,0,0,0,0,0,0
2025-12-08 00:00:00+00:00,2025,12,8,port980,Port Vila,Vanuatu,VUT,0,0,0,0,0,0,0,0,0,0,0,0,0,0,0,0,0,0,0,0,0
2025-12-07 00:00:00+00:00,2025,12,7,port669,Luganville,Vanuatu,VUT,0,0,0,0,0,0,0,0,0,0,0,0,0,0,0,0,0,0,0,0,0
2025-12-07 00:00:00+00:00,2025,12,7,port980,Port Vila,Vanuatu,VUT,0,0,0,0,0,0,0,0,0,0,0,0,0,0,0,0,0,0,0,0,0
2025-12-06 00:00:00+00:00,2025,12,6,port669,Luganville,Vanuatu,VUT,0,0,0,0,0,0,0,0,0,0,0,0,0,0,0,0,0,0,0,0,0
2025-12-06 00:00:00+00:00,2025,12,6,port980,Port Vila,Vanuatu,VUT,0,0,0,0,0,0,0,0,0,0,0,0,0,0,0,0,0,0,0,0,0
2025-12-05 00:00:00+00:00,2025,12,5,port669,Luganville,Vanuatu,VUT,0,0,0,0,1,0,1,0,0,0,0,4177,0,4177,0,0,0,0,0,0,0
2025-12-05 00:00:00+00:00,2025,12,5,port980,Port Vila,Vanuatu,VUT,1,0,0,0,0,1,1,1271,0,0,0,0,1271,1271,0,0,0,0,0,0,0
2025-12-04 00:00:00+00:00,2025,12,4,port669,Luganville,Vanuatu,VUT,1,0,0,0,0,1,1,957,0,0,0,0,957,957,0,0,0,0,0,0,0
2025-12-04 00:00:00+00:00,2025,12,4,port980,Port Vila,Vanuatu,VUT,0,0,0,0,0,0,0,0,0,0,0,0,0,0,0,0,0,0,0,0,0
2025-12-03 00:00:00+00:00,2025,12,3,port669,Luganville,Vanuatu,VUT,0,0,0,0,0,0,0,0,0,0,0,0,0,0,0,0,0,0,0,0,0
2025-12-03 00:00:00+00:00,2025,12,3,port980,Port Vila,Vanuatu,VUT,0,0,0,0,1,0,1,0,0,0,0,0,0,0,0,0,0,0,2581,0,2581
2025-12-02 00:00:00+00:00,2025,12,2,port669,Luganville,Vanuatu,VUT,0,0,0,0,0,0,0,0,0,0,0,0,0,0,0,0,0,0,0,0,0
2025-12-02 00:00:00+00:00,2025,12,2,port980,Port Vila,Vanuatu,VUT,0,0,0,0,0,0,0,0,0,0,0,0,0,0,0,0,0,0,0,0,0
2025-12-01 00:00:00+00:00,2025,12,1,port669,Luganville,Vanuatu,VUT,0,0,0,0,0,0,0,0,0,0,0,0,0,0,0,0,0,0,0,0,0
2025-12-01 00:00:00+00:00,2025,12,1,port980,Port Vila,Vanuatu,VUT,0,0,0,0,0,0,0,0,0,0,0,0,0,0,0,0,0,0,0,0,0
2025-11-30 00:00:00+00:00,2025,11,30,port669,Luganville,Vanuatu,VUT,0,0,0,0,0,0,0,0,0,0,0,0,0,0,0,0,0,0,0,0,0
2025-11-30 00:00:00+00:00,2025,11,30,port980,Port Vila,Vanuatu,VUT,0,0,0,0,0,0,0,0,0,0,0,0,0,0,0,0,0,0,0,0,0
2025-11-29 00:00:00+00:00,2025,11,29,port669,Luganville,Vanuatu,VUT,0,0,0,0,0,0,0,0,0,0,0,0,0,0,0,0,0,0,0,0,0
2025-11-29 00:00:00+00:00,2025,11,29,port980,Port Vila,Vanuatu,VUT,0,0,0,0,0,0,0,0,0,0,0,0,0,0,0,0,0,0,0,0,0
2025-11-28 00:00:00+00:00,2025,11,28,port669,Luganville,Vanuatu,VUT,0,0,0,0,0,0,0,0,0,0,0,0,0,0,0,0,0,0,0,0,0
2025-11-28 00:00:00+00:00,2025,11,28,port980,Port Vila,Vanuatu,VUT,0,0,0,0,0,0,0,0,0,0,0,0,0,0,0,0,0,0,0,0,0
2025-11-27 00:00:00+00:00,2025,11,27,port669,Luganville,Vanuatu,VUT,1,0,0,0,0,1,1,1021,0,0,0,0,1021,1021,243,0,0,0,0,243,243
2025-11-27 00:00:00+00:00,2025,11,27,port980,Port Vila,Vanuatu,VUT,1,0,0,0,0,1,1,1240,0,0,0,0,1240,1240,125,0,0,0,0,125,125
2025-11-26 00:00:00+00:00,2025,11,26,port669,Luganville,Vanuatu,VUT,1,0,0,0,0,1,1,828,0,0,0,0,828,828,146,0,0,0,0,146,146
2025-11-26 00:00:00+00:00,2025,11,26,port980,Port Vila,Vanuatu,VUT,0,0,0,0,0,0,0,0,0,0,0,0,0,0,0,0,0,0,0,0,0
2025-11-25 00:00:00+00:00,2025,11,25,port669,Luganville,Vanuatu,VUT,0,0,1,0,0,1,1,0,0,883,0,0,883,883,0,0,314,0,0,314,314
2025-11-25 00:00:00+00:00,2025,11,25,port980,Port Vila,Vanuatu,VUT,1,0,0,0,0,1,1,496,0,0,0,0,496,496,190,0,0,0,0,190,190
2025-11-24 00:00:00+00:00,2025,11,24,port669,Luganville,Vanuatu,VUT,0,0,0,0,0,0,0,0,0,0,0,0,0,0,0,0,0,0,0,0,0
2025-11-24 00:00:00+00:00,2025,11,24,port980,Port Vila,Vanuatu,VUT,0,0,0,0,0,0,0,0,0,0,0,0,0,0,0,0,0,0,0,0,0
2025-11-23 00:00:00+00:00,2025,11,23,port669,Luganville,Vanuatu,VUT,0,0,0,0,0,0,0,0,0,0,0,0,0,0,0,0,0,0,0,0,0
2025-11-23 00:00:00+00:00,2025,11,23,port980,Port Vila,Vanuatu,VUT,0,0,0,0,0,0,0,0,0,0,0,0,0,0,0,0,0,0,0,0,0
2025-11-22 00:00:00+00:00,2025,11,22,port669,Luganville,Vanuatu,VUT,0,0,0,0,0,0,0,0,0,0,0,0,0,0,0,0,0,0,0,0,0
2025-11-22 00:00:00+00:00,2025,11,22,port980,Port Vila,Vanuatu,VUT,0,0,0,0,0,0,0,0,0,0,0,0,0,0,0,0,0,0,0,0,0
2025-11-21 00:00:00+00:00,2025,11,21,port669,Luganville,Vanuatu,VUT,0,0,0,0,0,0,0,0,0,0,0,0,0,0,0,0,0,0,0,0,0
2025-11-21 00:00:00+00:00,2025,11,21,port980,Port Vila,Vanuatu,VUT,0,0,1,0,0,1,1,0,0,832,0,0,832,832,0,0,183,0,0,183,183
2025-11-20 00:00:00+00:00,2025,11,20,port669,Luganville,Vanuatu,VUT,0,0,0,0,0,0,0,0,0,0,0,0,0,0,0,0,0,0,0,0,0
2025-11-20 00:00:00+00:00,2025,11,20,port980,Port Vila,Vanuatu,VUT,0,0,0,0,0,0,0,0,0,0,0,0,0,0,0,0,0,0,0,0,0
2025-11-19 00:00:00+00:00,2025,11,19,port669,Luganville,Vanuatu,VUT,0,0,0,0,0,0,0,0,0,0,0,0,0,0,0,0,0,0,0,0,0
2025-11-19 00:00:00+00:00,2025,11,19,port980,Port Vila,Vanuatu,VUT,0,0,0,0,0,0,0,0,0,0,0,0,0,0,0,0,0,0,0,0,0
2025-11-18 00:00:00+00:00,2025,11,18,port669,Luganville,Vanuatu,VUT,0,0,0,0,0,0,0,0,0,0,0,0,0,0,0,0,0,0,0,0,0
2025-11-18 00:00:00+00:00,2025,11,18,port980,Port Vila,Vanuatu,VUT,1,0,0,0,0,1,1,1240,0,0,0,0,1240,1240,125,0,0,0,0,125,125
2025-11-17 00:00:00+00:00,2025,11,17,port669,Luganville,Vanuatu,VUT,0,0,0,0,0,0,0,0,0,0,0,0,0,0,0,0,0,0,0,0,0
2025-11-17 00:00:00+00:00,2025,11,17,port980,Port Vila,Vanuatu,VUT,0,0,1,0,0,1,1,0,0,832,0,0,832,832,0,0,183,0,0,183,183
2025-11-16 00:00:00+00:00,2025,11,16,port669,Luganville,Vanuatu,VUT,1,0,0,0,0,1,1,828,0,0,0,0,828,828,146,0,0,0,0,146,146
2025-11-16 00:00:00+00:00,2025,11,16,port980,Port Vila,Vanuatu,VUT,1,0,0,0,0,1,1,393,0,0,0,0,393,393,0,0,0,0,0,0,0
2025-11-15 00:00:00+00:00,2025,11,15,port669,Luganville,Vanuatu,VUT,0,0,0,0,0,0,0,0,0,0,0,0,0,0,0,0,0,0,0,0,0
2025-11-15 00:00:00+00:00,2025,11,15,port980,Port Vila,Vanuatu,VUT,0,0,0,0,0,0,0,0,0,0,0,0,0,0,0,0,0,0,0,0,0
2025-11-14 00:00:00+00:00,2025,11,14,port669,Luganville,Vanuatu,VUT,0,0,0,0,0,0,0,0,0,0,0,0,0,0,0,0,0,0,0,0,0
2025-11-14 00:00:00+00:00,2025,11,14,port980,Port Vila,Vanuatu,VUT,0,0,0,0,0,0,0,0,0,0,0,0,0,0,0,0,0,0,0,0,0
2025-11-13 00:00:00+00:00,2025,11,13,port669,Luganville,Vanuatu,VUT,0,0,0,0,0,0,0,0,0,0,0,0,0,0,0,0,0,0,0,0,0
2025-11-13 00:00:00+00:00,2025,11,13,port980,Port Vila,Vanuatu,VUT,1,0,0,0,0,1,1,324,0,0,0,0,324,324,0,0,0,0,0,0,0
2025-11-12 00:00:00+00:00,2025,11,12,port669,Luganville,Vanuatu,VUT,0,0,0,0,0,0,0,0,0,0,0,0,0,0,0,0,0,0,0,0,0
2025-11-12 00:00:00+00:00,2025,11,12,port980,Port Vila,Vanuatu,VUT,0,0,0,0,0,0,0,0,0,0,0,0,0,0,0,0,0,0,0,0,0
2025-11-11 00:00:00+00:00,2025,11,11,port669,Luganville,Vanuatu,VUT,0,0,0,0,0,0,0,0,0,0,0,0,0,0,0,0,0,0,0,0,0
2025-11-11 00:00:00+00:00,2025,11,11,port980,Port Vila,Vanuatu,VUT,1,0,0,0,0,1,1,0,0,0,0,0,0,0,436,0,0,0,0,436,436
2025-11-10 00:00:00+00:00,2025,11,10,port669,Luganville,Vanuatu,VUT,0,0,0,0,0,0,0,0,0,0,0,0,0,0,0,0,0,0,0,0,0
2025-11-10 00:00:00+00:00,2025,11,10,port980,Port Vila,Vanuatu,VUT,0,0,0,0,0,0,0,0,0,0,0,0,0,0,0,0,0,0,0,0,0
2025-11-09 00:00:00+00:00,2025,11,9,port669,Luganville,Vanuatu,VUT,0,0,0,0,0,0,0,0,0,0,0,0,0,0,0,0,0,0,0,0,0
2025-11-09 00:00:00+00:00,2025,11,9,port980,Port Vila,Vanuatu,VUT,0,0,1,0,0,1,1,0,0,315,0,0,315,315,0,0,0,0,0,0,0
2025-11-08 00:00:00+00:00,2025,11,8,port669,Luganville,Vanuatu,VUT,0,0,0,0,0,0,0,0,0,0,0,0,0,0,0,0,0,0,0,0,0
2025-11-08 00:00:00+00:00,2025,11,8,port980,Port Vila,Vanuatu,VUT,0,0,0,0,0,0,0,0,0,0,0,0,0,0,0,0,0,0,0,0,0
2025-11-07 00:00:00+00:00,2025,11,7,port669,Luganville,Vanuatu,VUT,0,0,1,0,0,1,1,0,0,948,0,0,948,948,0,0,0,0,0,0,0
2025-11-07 00:00:00+00:00,2025,11,7,port980,Port Vila,Vanuatu,VUT,1,0,0,0,0,1,1,0,0,0,0,0,0,0,0,0,0,0,0,0,0
2025-11-06 00:00:00+00:00,2025,11,6,port669,Luganville,Vanuatu,VUT,0,0,0,0,0,0,0,0,0,0,0,0,0,0,0,0,0,0,0,0,0
2025-11-06 00:00:00+00:00,2025,11,6,port980,Port Vila,Vanuatu,VUT,0,0,0,0,0,0,0,0,0,0,0,0,0,0,0,0,0,0,0,0,0
2025-11-05 00:00:00+00:00,2025,11,5,port669,Luganville,Vanuatu,VUT,1,0,0,0,0,1,1,0,0,0,0,0,0,0,3138,0,0,0,0,3138,3138
2025-11-05 00:00:00+00:00,2025,11,5,port980,Port Vila,Vanuatu,VUT,0,0,0,0,1,0,1,0,0,0,0,0,0,0,0,0,0,0,254,0,254
2025-11-04 00:00:00+00:00,2025,11,4,port669,Luganville,Vanuatu,VUT,0,0,0,0,0,0,0,0,0,0,0,0,0,0,0,0,0,0,0,0,0
2025-11-04 00:00:00+00:00,2025,11,4,port980,Port Vila,Vanuatu,VUT,0,0,0,0,0,0,0,0,0,0,0,0,0,0,0,0,0,0,0,0,0
2025-11-03 00:00:00+00:00,2025,11,3,port669,Luganville,Vanuatu,VUT,0,0,0,0,0,0,0,0,0,0,0,0,0,0,0,0,0,0,0,0,0
2025-11-03 00:00:00+00:00,2025,11,3,port980,Port Vila,Vanuatu,VUT,0,1,0,0,0,1,1,0,2700,0,0,0,2700,2700,0,0,0,0,0,0,0
2025-11-02 00:00:00+00:00,2025,11,2,port669,Luganville,Vanuatu,VUT,0,0,0,0,0,0,0,0,0,0,0,0,0,0,0,0,0,0,0,0,0
2025-11-02 00:00:00+00:00,2025,11,2,port980,Port Vila,Vanuatu,VUT,0,0,0,0,0,0,0,0,0,0,0,0,0,0,0,0,0,0,0,0,0
2025-11-01 00:00:00+00:00,2025,11,1,port669,Luganville,Vanuatu,VUT,0,0,0,0,0,0,0,0,0,0,0,0,0,0,0,0,0,0,0,0,0
2025-11-01 00:00:00+00:00,2025,11,1,port980,Port Vila,Vanuatu,VUT,0,0,0,0,0,0,0,0,0,0,0,0,0,0,0,0,0,0,0,0,0
2025-10-31 00:00:00+00:00,2025,10,31,port669,Luganville,Vanuatu,VUT,0,0,0,0,0,0,0,0,0,0,0,0,0,0,0,0,0,0,0,0,0
2025-10-31 00:00:00+00:00,2025,10,31,port980,Port Vila,Vanuatu,VUT,0,0,0,0,0,0,0,0,0,0,0,0,0,0,0,0,0,0,0,0,0
2025-10-30 00:00:00+00:00,2025,10,30,port669,Luganville,Vanuatu,VUT,0,0,0,0,0,0,0,0,0,0,0,0,0,0,0,0,0,0,0,0,0
2025-10-30 00:00:00+00:00,2025,10,30,port980,Port Vila,Vanuatu,VUT,0,0,0,0,0,0,0,0,0,0,0,0,0,0,0,0,0,0,0,0,0
2025-10-29 00:00:00+00:00,2025,10,29,port669,Luganville,Vanuatu,VUT,0,0,0,0,0,0,0,0,0,0,0,0,0,0,0,0,0,0,0,0,0
2025-10-29 00:00:00+00:00,2025,10,29,port980,Port Vila,Vanuatu,VUT,0,0,0,0,0,0,0,0,0,0,0,0,0,0,0,0,0,0,0,0,0
2025-10-28 00:00:00+00:00,2025,10,28,port669,Luganville,Vanuatu,VUT,0,0,0,0,0,0,0,0,0,0,0,0,0,0,0,0,0,0,0,0,0
2025-10-28 00:00:00+00:00,2025,10,28,port980,Port Vila,Vanuatu,VUT,0,0,0,0,0,0,0,0,0,0,0,0,0,0,0,0,0,0,0,0,0
2025-10-27 00:00:00+00:00,2025,10,27,port669,Luganville,Vanuatu,VUT,0,0,0,0,0,0,0,0,0,0,0,0,0,0,0,0,0,0,0,0,0
2025-10-27 00:00:00+00:00,2025,10,27,port980,Port Vila,Vanuatu,VUT,0,0,0,0,0,0,0,0,0,0,0,0,0,0,0,0,0,0,0,0,0
2025-10-26 00:00:00+00:00,2025,10,26,port669,Luganville,Vanuatu,VUT,0,0,0,0,1,0,1,0,0,0,0,2107,0,2107,0,0,0,0,0,0,0
2025-10-26 00:00:00+00:00,2025,10,26,port980,Port Vila,Vanuatu,VUT,1,0,0,0,0,1,1,634,0,0,0,0,634,634,0,0,0,0,0,0,0
2025-10-25 00:00:00+00:00,2025,10,25,port669,Luganville,Vanuatu,VUT,0,0,0,0,0,0,0,0,0,0,0,0,0,0,0,0,0,0,0,0,0
2025-10-25 00:00:00+00:00,2025,10,25,port980,Port Vila,Vanuatu,VUT,0,0,0,0,1,0,1,0,0,0,0,0,0,0,0,0,0,0,0,0,0
2025-10-24 00:00:00+00:00,2025,10,24,port669,Luganville,Vanuatu,VUT,1,0,0,0,0,1,1,635,0,0,0,0,635,635,0,0,0,0,0,0,0
2025-10-24 00:00:00+00:00,2025,10,24,port980,Port Vila,Vanuatu,VUT,0,0,0,0,0,0,0,0,0,0,0,0,0,0,0,0,0,0,0,0,0
2025-10-23 00:00:00+00:00,2025,10,23,port669,Luganville,Vanuatu,VUT,0,0,0,0,0,0,0,0,0,0,0,0,0,0,0,0,0,0,0,0,0
2025-10-23 00:00:00+00:00,2025,10,23,port980,Port Vila,Vanuatu,VUT,0,0,0,0,0,0,0,0,0,0,0,0,0,0,0,0,0,0,0,0,0
2025-10-22 00:00:00+00:00,2025,10,22,port669,Luganville,Vanuatu,VUT,0,0,0,0,0,0,0,0,0,0,0,0,0,0,0,0,0,0,0,0,0
2025-10-22 00:00:00+00:00,2025,10,22,port980,Port Vila,Vanuatu,VUT,1,0,0,0,0,1,1,1032,0,0,0,0,1032,1032,377,0,0,0,0,377,377
2025-10-21 00:00:00+00:00,2025,10,21,port669,Luganville,Vanuatu,VUT,0,0,0,0,0,0,0,0,0,0,0,0,0,0,0,0,0,0,0,0,0
2025-10-21 00:00:00+00:00,2025,10,21,port980,Port Vila,Vanuatu,VUT,0,0,1,0,0,1,1,0,0,1272,0,0,1272,1272,0,0,0,0,0,0,0
2025-10-20 00:00:00+00:00,2025,10,20,port669,Luganville,Vanuatu,VUT,0,0,0,0,0,0,0,0,0,0,0,0,0,0,0,0,0,0,0,0,0
2025-10-20 00:00:00+00:00,2025,10,20,port980,Port Vila,Vanuatu,VUT,0,0,0,0,0,0,0,0,0,0,0,0,0,0,0,0,0,0,0,0,0
2025-10-19 00:00:00+00:00,2025,10,19,port669,Luganville,Vanuatu,VUT,0,0,1,0,0,1,1,0,0,0,0,0,0,0,0,0,318,0,0,318,318
2025-10-19 00:00:00+00:00,2025,10,19,port980,Port Vila,Vanuatu,VUT,0,0,0,0,0,0,0,0,0,0,0,0,0,0,0,0,0,0,0,0,0
2025-10-18 00:00:00+00:00,2025,10,18,port669,Luganville,Vanuatu,VUT,0,0,0,0,0,0,0,0,0,0,0,0,0,0,0,0,0,0,0,0,0
2025-10-18 00:00:00+00:00,2025,10,18,port980,Port Vila,Vanuatu,VUT,0,0,0,0,0,0,0,0,0,0,0,0,0,0,0,0,0,0,0,0,0
2025-10-17 00:00:00+00:00,2025,10,17,port669,Luganville,Vanuatu,VUT,0,0,0,0,0,0,0,0,0,0,0,0,0,0,0,0,0,0,0,0,0
2025-10-17 00:00:00+00:00,2025,10,17,port980,Port Vila,Vanuatu,VUT,0,0,0,0,0,0,0,0,0,0,0,0,0,0,0,0,0,0,0,0,0
2025-10-16 00:00:00+00:00,2025,10,16,port669,Luganville,Vanuatu,VUT,0,0,0,0,0,0,0,0,0,0,0,0,0,0,0,0,0,0,0,0,0
2025-10-16 00:00:00+00:00,2025,10,16,port980,Port Vila,Vanuatu,VUT,0,0,1,0,0,1,1,0,0,0,0,0,0,0,0,0,0,0,0,0,0
2025-10-15 00:00:00+00:00,2025,10,15,port669,Luganville,Vanuatu,VUT,0,0,1,0,0,1,1,0,0,0,0,0,0,0,0,0,0,0,0,0,0
2025-10-15 00:00:00+00:00,2025,10,15,port980,Port Vila,Vanuatu,VUT,0,0,0,0,0,0,0,0,0,0,0,0,0,0,0,0,0,0,0,0,0
2025-10-14 00:00:00+00:00,2025,10,14,port669,Luganville,Vanuatu,VUT,0,0,0,0,0,0,0,0,0,0,0,0,0,0,0,0,0,0,0,0,0
2025-10-14 00:00:00+00:00,2025,10,14,port980,Port Vila,Vanuatu,VUT,0,0,0,0,0,0,0,0,0,0,0,0,0,0,0,0,0,0,0,0,0
2025-10-13 00:00:00+00:00,2025,10,13,port669,Luganville,Vanuatu,VUT,0,0,0,0,0,0,0,0,0,0,0,0,0,0,0,0,0,0,0,0,0
2025-10-13 00:00:00+00:00,2025,10,13,port980,Port Vila,Vanuatu,VUT,1,0,0,0,0,1,1,0,0,0,0,0,0,0,646,0,0,0,0,646,646
2025-10-12 00:00:00+00:00,2025,10,12,port669,Luganville,Vanuatu,VUT,1,0,0,0,0,1,1,2748,0,0,0,0,2748,2748,0,0,0,0,0,0,0
2025-10-12 00:00:00+00:00,2025,10,12,port980,Port Vila,Vanuatu,VUT,1,0,0,0,0,1,1,1240,0,0,0,0,1240,1240,125,0,0,0,0,125,125
2025-10-11 00:00:00+00:00,2025,10,11,port669,Luganville,Vanuatu,VUT,0,0,0,0,0,0,0,0,0,0,0,0,0,0,0,0,0,0,0,0,0
2025-10-11 00:00:00+00:00,2025,10,11,port980,Port Vila,Vanuatu,VUT,0,0,0,0,0,0,0,0,0,0,0,0,0,0,0,0,0,0,0,0,0
2025-10-10 00:00:00+00:00,2025,10,10,port669,Luganville,Vanuatu,VUT,1,0,0,0,0,1,1,828,0,0,0,0,828,828,146,0,0,0,0,146,146
2025-10-10 00:00:00+00:00,2025,10,10,port980,Port Vila,Vanuatu,VUT,0,0,0,0,0,0,0,0,0,0,0,0,0,0,0,0,0,0,0,0,0
2025-10-09 00:00:00+00:00,2025,10,9,port669,Luganville,Vanuatu,VUT,0,0,0,0,0,0,0,0,0,0,0,0,0,0,0,0,0,0,0,0,0
2025-10-09 00:00:00+00:00,2025,10,9,port980,Port Vila,Vanuatu,VUT,0,0,0,0,0,0,0,0,0,0,0,0,0,0,0,0,0,0,0,0,0
2025-10-08 00:00:00+00:00,2025,10,8,port669,Luganville,Vanuatu,VUT,0,0,0,0,0,0,0,0,0,0,0,0,0,0,0,0,0,0,0,0,0
2025-10-08 00:00:00+00:00,2025,10,8,port980,Port Vila,Vanuatu,VUT,0,0,0,0,0,0,0,0,0,0,0,0,0,0,0,0,0,0,0,0,0
2025-10-07 00:00:00+00:00,2025,10,7,port669,Luganville,Vanuatu,VUT,0,0,0,0,0,0,0,0,0,0,0,0,0,0,0,0,0,0,0,0,0
2025-10-07 00:00:00+00:00,2025,10,7,port980,Port Vila,Vanuatu,VUT,0,0,0,0,0,0,0,0,0,0,0,0,0,0,0,0,0,0,0,0,0
2025-10-06 00:00:00+00:00,2025,10,6,port669,Luganville,Vanuatu,VUT,0,0,0,0,0,0,0,0,0,0,0,0,0,0,0,0,0,0,0,0,0
2025-10-06 00:00:00+00:00,2025,10,6,port980,Port Vila,Vanuatu,VUT,0,0,0,0,1,0,1,0,0,0,0,311,0,311,0,0,0,0,175,0,175
2025-10-05 00:00:00+00:00,2025,10,5,port669,Luganville,Vanuatu,VUT,0,0,0,0,0,0,0,0,0,0,0,0,0,0,0,0,0,0,0,0,0
2025-10-05 00:00:00+00:00,2025,10,5,port980,Port Vila,Vanuatu,VUT,0,0,0,0,0,0,0,0,0,0,0,0,0,0,0,0,0,0,0,0,0
2025-10-04 00:00:00+00:00,2025,10,4,port669,Luganville,Vanuatu,VUT,0,0,0,0,0,0,0,0,0,0,0,0,0,0,0,0,0,0,0,0,0
2025-10-04 00:00:00+00:00,2025,10,4,port980,Port Vila,Vanuatu,VUT,0,0,0,0,0,0,0,0,0,0,0,0,0,0,0,0,0,0,0,0,0
2025-10-03 00:00:00+00:00,2025,10,3,port669,Luganville,Vanuatu,VUT,0,0,0,0,0,0,0,0,0,0,0,0,0,0,0,0,0,0,0,0,0
2025-10-03 00:00:00+00:00,2025,10,3,port980,Port Vila,Vanuatu,VUT,0,0,0,0,1,0,1,0,0,0,0,0,0,0,0,0,0,0,0,0,0
2025-10-02 00:00:00+00:00,2025,10,2,port669,Luganville,Vanuatu,VUT,0,0,0,0,0,0,0,0,0,0,0,0,0,0,0,0,0,0,0,0,0
2025-10-02 00:00:00+00:00,2025,10,2,port980,Port Vila,Vanuatu,VUT,1,0,0,0,0,1,1,1240,0,0,0,0,1240,1240,125,0,0,0,0,125,125
2025-10-01 00:00:00+00:00,2025,10,1,port669,Luganville,Vanuatu,VUT,1,0,0,0,0,1,1,828,0,0,0,0,828,828,146,0,0,0,0,146,146
2025-10-01 00:00:00+00:00,2025,10,1,port980,Port Vila,Vanuatu,VUT,0,0,0,0,0,0,0,0,0,0,0,0,0,0,0,0,0,0,0,0,0
2025-09-30 00:00:00+00:00,2025,9,30,port669,Luganville,Vanuatu,VUT,0,0,0,0,0,0,0,0,0,0,0,0,0,0,0,0,0,0,0,0,0
2025-09-30 00:00:00+00:00,2025,9,30,port980,Port Vila,Vanuatu,VUT,0,0,0,0,0,0,0,0,0,0,0,0,0,0,0,0,0,0,0,0,0
2025-09-29 00:00:00+00:00,2025,9,29,port669,Luganville,Vanuatu,VUT,0,0,0,0,0,0,0,0,0,0,0,0,0,0,0,0,0,0,0,0,0
2025-09-29 00:00:00+00:00,2025,9,29,port980,Port Vila,Vanuatu,VUT,0,0,0,0,0,0,0,0,0,0,0,0,0,0,0,0,0,0,0,0,0
2025-09-28 00:00:00+00:00,2025,9,28,port669,Luganville,Vanuatu,VUT,0,0,0,0,0,0,0,0,0,0,0,0,0,0,0,0,0,0,0,0,0
2025-09-28 00:00:00+00:00,2025,9,28,port980,Port Vila,Vanuatu,VUT,0,0,0,0,0,0,0,0,0,0,0,0,0,0,0,0,0,0,0,0,0
2025-09-27 00:00:00+00:00,2025,9,27,port669,Luganville,Vanuatu,VUT,0,0,0,0,0,0,0,0,0,0,0,0,0,0,0,0,0,0,0,0,0
2025-09-27 00:00:00+00:00,2025,9,27,port980,Port Vila,Vanuatu,VUT,0,0,0,0,0,0,0,0,0,0,0,0,0,0,0,0,0,0,0,0,0
2025-09-26 00:00:00+00:00,2025,9,26,port669,Luganville,Vanuatu,VUT,0,0,0,0,0,0,0,0,0,0,0,0,0,0,0,0,0,0,0,0,0
2025-09-26 00:00:00+00:00,2025,9,26,port980,Port Vila,Vanuatu,VUT,0,0,0,0,0,0,0,0,0,0,0,0,0,0,0,0,0,0,0,0,0
2025-09-25 00:00:00+00:00,2025,9,25,port669,Luganville,Vanuatu,VUT,0,0,0,0,0,0,0,0,0,0,0,0,0,0,0,0,0,0,0,0,0
2025-09-25 00:00:00+00:00,2025,9,25,port980,Port Vila,Vanuatu,VUT,0,0,0,0,0,0,0,0,0,0,0,0,0,0,0,0,0,0,0,0,0
2025-09-24 00:00:00+00:00,2025,9,24,port669,Luganville,Vanuatu,VUT,0,0,0,0,0,0,0,0,0,0,0,0,0,0,0,0,0,0,0,0,0
2025-09-24 00:00:00+00:00,2025,9,24,port980,Port Vila,Vanuatu,VUT,0,0,0,0,0,0,0,0,0,0,0,0,0,0,0,0,0,0,0,0,0
2025-09-23 00:00:00+00:00,2025,9,23,port669,Luganville,Vanuatu,VUT,0,0,0,0,0,0,0,0,0,0,0,0,0,0,0,0,0,0,0,0,0
2025-09-23 00:00:00+00:00,2025,9,23,port980,Port Vila,Vanuatu,VUT,0,0,0,0,0,0,0,0,0,0,0,0,0,0,0,0,0,0,0,0,0
2025-09-22 00:00:00+00:00,2025,9,22,port669,Luganville,Vanuatu,VUT,0,0,0,0,0,0,0,0,0,0,0,0,0,0,0,0,0,0,0,0,0
2025-09-22 00:00:00+00:00,2025,9,22,port980,Port Vila,Vanuatu,VUT,1,0,0,0,0,1,1,632,0,0,0,0,632,632,0,0,0,0,0,0,0
2025-09-21 00:00:00+00:00,2025,9,21,port669,Luganville,Vanuatu,VUT,0,0,0,0,0,0,0,0,0,0,0,0,0,0,0,0,0,0,0,0,0
2025-09-21 00:00:00+00:00,2025,9,21,port980,Port Vila,Vanuatu,VUT,0,0,0,0,0,0,0,0,0,0,0,0,0,0,0,0,0,0,0,0,0
2025-09-20 00:00:00+00:00,2025,9,20,port669,Luganville,Vanuatu,VUT,0,0,0,0,0,0,0,0,0,0,0,0,0,0,0,0,0,0,0,0,0
2025-09-20 00:00:00+00:00,2025,9,20,port980,Port Vila,Vanuatu,VUT,0,0,0,0,0,0,0,0,0,0,0,0,0,0,0,0,0,0,0,0,0
2025-09-19 00:00:00+00:00,2025,9,19,port669,Luganville,Vanuatu,VUT,0,0,0,0,0,0,0,0,0,0,0,0,0,0,0,0,0,0,0,0,0
2025-09-19 00:00:00+00:00,2025,9,19,port980,Port Vila,Vanuatu,VUT,0,0,1,0,0,1,1,0,0,427,0,0,427,427,0,0,0,0,0,0,0
2025-09-18 00:00:00+00:00,2025,9,18,port669,Luganville,Vanuatu,VUT,0,0,0,0,0,0,0,0,0,0,0,0,0,0,0,0,0,0,0,0,0
2025-09-18 00:00:00+00:00,2025,9,18,port980,Port Vila,Vanuatu,VUT,0,0,0,0,0,0,0,0,0,0,0,0,0,0,0,0,0,0,0,0,0
2025-09-17 00:00:00+00:00,2025,9,17,port669,Luganville,Vanuatu,VUT,0,0,0,0,0,0,0,0,0,0,0,0,0,0,0,0,0,0,0,0,0
2025-09-17 00:00:00+00:00,2025,9,17,port980,Port Vila,Vanuatu,VUT,1,0,0,0,0,1,1,1625,0,0,0,0,1625,1625,0,0,0,0,0,0,0
2025-09-16 00:00:00+00:00,2025,9,16,port669,Luganville,Vanuatu,VUT,0,0,1,0,0,1,1,0,0,0,0,0,0,0,0,0,146,0,0,146,146
2025-09-16 00:00:00+00:00,2025,9,16,port980,Port Vila,Vanuatu,VUT,0,0,0,0,0,0,0,0,0,0,0,0,0,0,0,0,0,0,0,0,0
2025-09-15 00:00:00+00:00,2025,9,15,port669,Luganville,Vanuatu,VUT,0,0,0,0,0,0,0,0,0,0,0,0,0,0,0,0,0,0,0,0,0
2025-09-15 00:00:00+00:00,2025,9,15,port980,Port Vila,Vanuatu,VUT,0,0,0,0,0,0,0,0,0,0,0,0,0,0,0,0,0,0,0,0,0
2025-09-14 00:00:00+00:00,2025,9,14,port669,Luganville,Vanuatu,VUT,0,0,0,0,0,0,0,0,0,0,0,0,0,0,0,0,0,0,0,0,0
2025-09-14 00:00:00+00:00,2025,9,14,port980,Port Vila,Vanuatu,VUT,0,0,0,0,0,0,0,0,0,0,0,0,0,0,0,0,0,0,0,0,0
2025-09-13 00:00:00+00:00,2025,9,13,port669,Luganville,Vanuatu,VUT,0,0,0,0,0,0,0,0,0,0,0,0,0,0,0,0,0,0,0,0,0
2025-09-13 00:00:00+00:00,2025,9,13,port980,Port Vila,Vanuatu,VUT,0,0,0,0,0,0,0,0,0,0,0,0,0,0,0,0,0,0,0,0,0
2025-09-12 00:00:00+00:00,2025,9,12,port669,Luganville,Vanuatu,VUT,0,0,0,0,0,0,0,0,0,0,0,0,0,0,0,0,0,0,0,0,0
2025-09-12 00:00:00+00:00,2025,9,12,port980,Port Vila,Vanuatu,VUT,1,0,0,0,0,1,1,1176,0,0,0,0,1176,1176,0,0,0,0,0,0,0
2025-09-11 00:00:00+00:00,2025,9,11,port669,Luganville,Vanuatu,VUT,0,0,0,0,0,0,0,0,0,0,0,0,0,0,0,0,0,0,0,0,0
2025-09-11 00:00:00+00:00,2025,9,11,port980,Port Vila,Vanuatu,VUT,0,0,1,0,0,1,1,0,0,0,0,0,0,0,0,0,944,0,0,944,944
2025-09-10 00:00:00+00:00,2025,9,10,port669,Luganville,Vanuatu,VUT,0,0,0,0,0,0,0,0,0,0,0,0,0,0,0,0,0,0,0,0,0
2025-09-10 00:00:00+00:00,2025,9,10,port980,Port Vila,Vanuatu,VUT,1,0,0,0,0,1,1,2502,0,0,0,0,2502,2502,0,0,0,0,0,0,0
2025-09-09 00:00:00+00:00,2025,9,9,port669,Luganville,Vanuatu,VUT,0,0,1,0,0,1,1,0,0,883,0,0,883,883,0,0,314,0,0,314,314
2025-09-09 00:00:00+00:00,2025,9,9,port980,Port Vila,Vanuatu,VUT,0,0,0,0,0,0,0,0,0,0,0,0,0,0,0,0,0,0,0,0,0
2025-09-08 00:00:00+00:00,2025,9,8,port669,Luganville,Vanuatu,VUT,1,0,0,0,0,1,1,946,0,0,0,0,946,946,0,0,0,0,0,0,0
2025-09-08 00:00:00+00:00,2025,9,8,port980,Port Vila,Vanuatu,VUT,0,0,0,0,0,0,0,0,0,0,0,0,0,0,0,0,0,0,0,0,0
2025-09-07 00:00:00+00:00,2025,9,7,port669,Luganville,Vanuatu,VUT,0,0,0,0,0,0,0,0,0,0,0,0,0,0,0,0,0,0,0,0,0
2025-09-07 00:00:00+00:00,2025,9,7,port980,Port Vila,Vanuatu,VUT,0,0,0,0,0,0,0,0,0,0,0,0,0,0,0,0,0,0,0,0,0
2025-09-06 00:00:00+00:00,2025,9,6,port669,Luganville,Vanuatu,VUT,0,0,0,0,0,0,0,0,0,0,0,0,0,0,0,0,0,0,0,0,0
2025-09-06 00:00:00+00:00,2025,9,6,port980,Port Vila,Vanuatu,VUT,0,0,1,0,0,1,1,0,0,2218,0,0,2218,2218,0,0,0,0,0,0,0
2025-09-05 00:00:00+00:00,2025,9,5,port669,Luganville,Vanuatu,VUT,0,0,0,0,1,0,1,0,0,0,0,2629,0,2629,0,0,0,0,0,0,0
2025-09-05 00:00:00+00:00,2025,9,5,port980,Port Vila,Vanuatu,VUT,1,0,0,0,0,1,1,876,0,0,0,0,876,876,0,0,0,0,0,0,0
2025-09-04 00:00:00+00:00,2025,9,4,port669,Luganville,Vanuatu,VUT,0,0,0,0,0,0,0,0,0,0,0,0,0,0,0,0,0,0,0,0,0
2025-09-04 00:00:00+00:00,2025,9,4,port980,Port Vila,Vanuatu,VUT,0,0,0,0,0,0,0,0,0,0,0,0,0,0,0,0,0,0,0,0,0
2025-09-03 00:00:00+00:00,2025,9,3,port669,Luganville,Vanuatu,VUT,0,0,0,0,0,0,0,0,0,0,0,0,0,0,0,0,0,0,0,0,0
2025-09-03 00:00:00+00:00,2025,9,3,port980,Port Vila,Vanuatu,VUT,1,0,0,0,0,1,1,1240,0,0,0,0,1240,1240,125,0,0,0,0,125,125
2025-09-02 00:00:00+00:00,2025,9,2,port669,Luganville,Vanuatu,VUT,0,0,0,0,0,0,0,0,0,0,0,0,0,0,0,0,0,0,0,0,0
2025-09-02 00:00:00+00:00,2025,9,2,port980,Port Vila,Vanuatu,VUT,0,0,0,0,0,0,0,0,0,0,0,0,0,0,0,0,0,0,0,0,0
2025-09-01 00:00:00+00:00,2025,9,1,port669,Luganville,Vanuatu,VUT,0,0,0,0,0,0,0,0,0,0,0,0,0,0,0,0,0,0,0,0,0
2025-09-01 00:00:00+00:00,2025,9,1,port980,Port Vila,Vanuatu,VUT,0,0,0,0,1,0,1,0,0,0,0,1598,0,1598,0,0,0,0,0,0,0
2025-08-31 00:00:00+00:00,2025,8,31,port669,Luganville,Vanuatu,VUT,2,0,0,0,0,2,2,5180,0,0,0,0,5180,5180,3138,0,0,0,0,3138,3138
2025-08-31 00:00:00+00:00,2025,8,31,port980,Port Vila,Vanuatu,VUT,0,0,0,0,0,0,0,0,0,0,0,0,0,0,0,0,0,0,0,0,0
2025-08-30 00:00:00+00:00,2025,8,30,port669,Luganville,Vanuatu,VUT,0,0,0,0,0,0,0,0,0,0,0,0,0,0,0,0,0,0,0,0,0
2025-08-30 00:00:00+00:00,2025,8,30,port980,Port Vila,Vanuatu,VUT,0,0,1,0,1,1,2,0,0,0,0,311,0,311,0,0,316,0,175,316,492
2025-08-29 00:00:00+00:00,2025,8,29,port669,Luganville,Vanuatu,VUT,0,0,0,0,0,0,0,0,0,0,0,0,0,0,0,0,0,0,0,0,0
2025-08-29 00:00:00+00:00,2025,8,29,port980,Port Vila,Vanuatu,VUT,0,0,0,0,0,0,0,0,0,0,0,0,0,0,0,0,0,0,0,0,0
2025-08-28 00:00:00+00:00,2025,8,28,port669,Luganville,Vanuatu,VUT,0,0,0,0,0,0,0,0,0,0,0,0,0,0,0,0,0,0,0,0,0
2025-08-28 00:00:00+00:00,2025,8,28,port980,Port Vila,Vanuatu,VUT,0,0,0,0,0,0,0,0,0,0,0,0,0,0,0,0,0,0,0,0,0
2025-08-27 00:00:00+00:00,2025,8,27,port669,Luganville,Vanuatu,VUT,0,0,0,0,0,0,0,0,0,0,0,0,0,0,0,0,0,0,0,0,0
2025-08-27 00:00:00+00:00,2025,8,27,port980,Port Vila,Vanuatu,VUT,0,0,0,0,0,0,0,0,0,0,0,0,0,0,0,0,0,0,0,0,0
2025-08-26 00:00:00+00:00,2025,8,26,port669,Luganville,Vanuatu,VUT,0,0,0,0,0,0,0,0,0,0,0,0,0,0,0,0,0,0,0,0,0
2025-08-26 00:00:00+00:00,2025,8,26,port980,Port Vila,Vanuatu,VUT,1,0,1,0,0,2,2,1240,0,0,0,0,1240,1240,125,0,314,0,0,439,439
2025-08-25 00:00:00+00:00,2025,8,25,port669,Luganville,Vanuatu,VUT,0,0,0,0,0,0,0,0,0,0,0,0,0,0,0,0,0,0,0,0,0
2025-08-25 00:00:00+00:00,2025,8,25,port980,Port Vila,Vanuatu,VUT,0,0,0,0,0,0,0,0,0,0,0,0,0,0,0,0,0,0,0,0,0
2025-08-24 00:00:00+00:00,2025,8,24,port669,Luganville,Vanuatu,VUT,1,0,1,0,0,2,2,828,0,1260,0,0,2089,2089,146,0,0,0,0,146,146
2025-08-24 00:00:00+00:00,2025,8,24,port980,Port Vila,Vanuatu,VUT,0,0,0,0,0,0,0,0,0,0,0,0,0,0,0,0,0,0,0,0,0
2025-08-23 00:00:00+00:00,2025,8,23,port669,Luganville,Vanuatu,VUT,0,0,0,0,0,0,0,0,0,0,0,0,0,0,0,0,0,0,0,0,0
2025-08-23 00:00:00+00:00,2025,8,23,port980,Port Vila,Vanuatu,VUT,0,0,0,0,0,0,0,0,0,0,0,0,0,0,0,0,0,0,0,0,0
2025-08-22 00:00:00+00:00,2025,8,22,port669,Luganville,Vanuatu,VUT,0,0,0,0,0,0,0,0,0,0,0,0,0,0,0,0,0,0,0,0,0
2025-08-22 00:00:00+00:00,2025,8,22,port980,Port Vila,Vanuatu,VUT,0,0,0,0,0,0,0,0,0,0,0,0,0,0,0,0,0,0,0,0,0
2025-08-21 00:00:00+00:00,2025,8,21,port669,Luganville,Vanuatu,VUT,0,0,0,0,0,0,0,0,0,0,0,0,0,0,0,0,0,0,0,0,0
2025-08-21 00:00:00+00:00,2025,8,21,port980,Port Vila,Vanuatu,VUT,0,0,0,0,0,0,0,0,0,0,0,0,0,0,0,0,0,0,0,0,0
2025-08-20 00:00:00+00:00,2025,8,20,port669,Luganville,Vanuatu,VUT,0,0,0,0,0,0,0,0,0,0,0,0,0,0,0,0,0,0,0,0,0
2025-08-20 00:00:00+00:00,2025,8,20,port980,Port Vila,Vanuatu,VUT,1,0,0,0,0,1,1,323,0,0,0,0,323,323,0,0,0,0,0,0,0
2025-08-19 00:00:00+00:00,2025,8,19,port669,Luganville,Vanuatu,VUT,0,0,0,0,0,0,0,0,0,0,0,0,0,0,0,0,0,0,0,0,0
2025-08-19 00:00:00+00:00,2025,8,19,port980,Port Vila,Vanuatu,VUT,0,0,0,0,0,0,0,0,0,0,0,0,0,0,0,0,0,0,0,0,0
2025-08-18 00:00:00+00:00,2025,8,18,port669,Luganville,Vanuatu,VUT,0,0,0,0,0,0,0,0,0,0,0,0,0,0,0,0,0,0,0,0,0
2025-08-18 00:00:00+00:00,2025,8,18,port980,Port Vila,Vanuatu,VUT,0,0,0,0,0,0,0,0,0,0,0,0,0,0,0,0,0,0,0,0,0
2025-08-17 00:00:00+00:00,2025,8,17,port669,Luganville,Vanuatu,VUT,0,0,0,0,0,0,0,0,0,0,0,0,0,0,0,0,0,0,0,0,0
2025-08-17 00:00:00+00:00,2025,8,17,port980,Port Vila,Vanuatu,VUT,0,0,0,0,0,0,0,0,0,0,0,0,0,0,0,0,0,0,0,0,0
2025-08-16 00:00:00+00:00,2025,8,16,port669,Luganville,Vanuatu,VUT,0,0,0,0,0,0,0,0,0,0,0,0,0,0,0,0,0,0,0,0,0
2025-08-16 00:00:00+00:00,2025,8,16,port980,Port Vila,Vanuatu,VUT,0,0,0,0,0,0,0,0,0,0,0,0,0,0,0,0,0,0,0,0,0
2025-08-15 00:00:00+00:00,2025,8,15,port669,Luganville,Vanuatu,VUT,0,0,0,0,0,0,0,0,0,0,0,0,0,0,0,0,0,0,0,0,0
2025-08-15 00:00:00+00:00,2025,8,15,port980,Port Vila,Vanuatu,VUT,0,0,0,0,0,0,0,0,0,0,0,0,0,0,0,0,0,0,0,0,0
2025-08-14 00:00:00+00:00,2025,8,14,port669,Luganville,Vanuatu,VUT,0,0,0,0,0,0,0,0,0,0,0,0,0,0,0,0,0,0,0,0,0
2025-08-14 00:00:00+00:00,2025,8,14,port980,Port Vila,Vanuatu,VUT,0,0,0,0,0,0,0,0,0,0,0,0,0,0,0,0,0,0,0,0,0
2025-08-13 00:00:00+00:00,2025,8,13,port669,Luganville,Vanuatu,VUT,0,0,0,0,0,0,0,0,0,0,0,0,0,0,0,0,0,0,0,0,0
2025-08-13 00:00:00+00:00,2025,8,13,port980,Port Vila,Vanuatu,VUT,1,0,0,0,0,1,1,0,0,0,0,0,0,0,0,0,0,0,0,0,0
2025-08-12 00:00:00+00:00,2025,8,12,port669,Luganville,Vanuatu,VUT,0,0,0,0,0,0,0,0,0,0,0,0,0,0,0,0,0,0,0,0,0
2025-08-12 00:00:00+00:00,2025,8,12,port980,Port Vila,Vanuatu,VUT,0,0,0,0,0,0,0,0,0,0,0,0,0,0,0,0,0,0,0,0,0
2025-08-11 00:00:00+00:00,2025,8,11,port669,Luganville,Vanuatu,VUT,1,0,0,0,0,1,1,0,0,0,0,0,0,0,3138,0,0,0,0,3138,3138
2025-08-11 00:00:00+00:00,2025,8,11,port980,Port Vila,Vanuatu,VUT,1,0,0,0,0,1,1,1032,0,0,0,0,1032,1032,377,0,0,0,0,377,377
2025-08-10 00:00:00+00:00,2025,8,10,port669,Luganville,Vanuatu,VUT,0,0,1,0,0,1,1,0,0,1120,0,0,1120,1120,0,0,0,0,0,0,0
2025-08-10 00:00:00+00:00,2025,8,10,port980,Port Vila,Vanuatu,VUT,0,0,0,0,0,0,0,0,0,0,0,0,0,0,0,0,0,0,0,0,0
2025-08-09 00:00:00+00:00,2025,8,9,port669,Luganville,Vanuatu,VUT,0,0,0,0,0,0,0,0,0,0,0,0,0,0,0,0,0,0,0,0,0
2025-08-09 00:00:00+00:00,2025,8,9,port980,Port Vila,Vanuatu,VUT,0,0,0,0,0,0,0,0,0,0,0,0,0,0,0,0,0,0,0,0,0
2025-08-08 00:00:00+00:00,2025,8,8,port669,Luganville,Vanuatu,VUT,0,0,0,0,0,0,0,0,0,0,0,0,0,0,0,0,0,0,0,0,0
2025-08-08 00:00:00+00:00,2025,8,8,port980,Port Vila,Vanuatu,VUT,0,0,1,0,0,1,1,0,0,0,0,0,0,0,0,0,188,0,0,188,188
2025-08-07 00:00:00+00:00,2025,8,7,port669,Luganville,Vanuatu,VUT,0,0,0,0,0,0,0,0,0,0,0,0,0,0,0,0,0,0,0,0,0
2025-08-07 00:00:00+00:00,2025,8,7,port980,Port Vila,Vanuatu,VUT,0,0,0,0,0,0,0,0,0,0,0,0,0,0,0,0,0,0,0,0,0
2025-08-06 00:00:00+00:00,2025,8,6,port669,Luganville,Vanuatu,VUT,0,0,0,0,0,0,0,0,0,0,0,0,0,0,0,0,0,0,0,0,0
2025-08-06 00:00:00+00:00,2025,8,6,port980,Port Vila,Vanuatu,VUT,1,0,0,0,0,1,1,1240,0,0,0,0,1240,1240,125,0,0,0,0,125,125
2025-08-05 00:00:00+00:00,2025,8,5,port669,Luganville,Vanuatu,VUT,0,0,0,0,0,0,0,0,0,0,0,0,0,0,0,0,0,0,0,0,0
2025-08-05 00:00:00+00:00,2025,8,5,port980,Port Vila,Vanuatu,VUT,0,0,1,0,0,1,1,0,0,1471,0,0,1471,1471,0,0,0,0,0,0,0
2025-08-04 00:00:00+00:00,2025,8,4,port669,Luganville,Vanuatu,VUT,0,0,0,0,0,0,0,0,0,0,0,0,0,0,0,0,0,0,0,0,0
2025-08-04 00:00:00+00:00,2025,8,4,port980,Port Vila,Vanuatu,VUT,0,0,0,0,1,0,1,0,0,0,0,0,0,0,0,0,0,0,0,0,0
2025-08-03 00:00:00+00:00,2025,8,3,port669,Luganville,Vanuatu,VUT,0,0,1,0,0,1,1,0,0,617,0,0,617,617,0,0,0,0,0,0,0
2025-08-03 00:00:00+00:00,2025,8,3,port980,Port Vila,Vanuatu,VUT,1,0,0,0,0,1,1,2631,0,0,0,0,2631,2631,0,0,0,0,0,0,0
2025-08-02 00:00:00+00:00,2025,8,2,port669,Luganville,Vanuatu,VUT,0,0,0,0,0,0,0,0,0,0,0,0,0,0,0,0,0,0,0,0,0
2025-08-02 00:00:00+00:00,2025,8,2,port980,Port Vila,Vanuatu,VUT,0,0,0,0,0,0,0,0,0,0,0,0,0,0,0,0,0,0,0,0,0
2025-08-01 00:00:00+00:00,2025,8,1,port669,Luganville,Vanuatu,VUT,0,0,0,0,0,0,0,0,0,0,0,0,0,0,0,0,0,0,0,0,0
2025-08-01 00:00:00+00:00,2025,8,1,port980,Port Vila,Vanuatu,VUT,0,0,0,0,0,0,0,0,0,0,0,0,0,0,0,0,0,0,0,0,0
2025-07-31 00:00:00+00:00,2025,7,31,port669,Luganville,Vanuatu,VUT,1,0,0,0,0,1,1,1741,0,0,0,0,1741,1741,0,0,0,0,0,0,0
2025-07-31 00:00:00+00:00,2025,7,31,port980,Port Vila,Vanuatu,VUT,0,0,0,0,0,0,0,0,0,0,0,0,0,0,0,0,0,0,0,0,0
2025-07-30 00:00:00+00:00,2025,7,30,port669,Luganville,Vanuatu,VUT,0,0,0,0,0,0,0,0,0,0,0,0,0,0,0,0,0,0,0,0,0
2025-07-30 00:00:00+00:00,2025,7,30,port980,Port Vila,Vanuatu,VUT,0,0,0,0,0,0,0,0,0,0,0,0,0,0,0,0,0,0,0,0,0
2025-07-29 00:00:00+00:00,2025,7,29,port669,Luganville,Vanuatu,VUT,0,0,0,0,0,0,0,0,0,0,0,0,0,0,0,0,0,0,0,0,0
2025-07-29 00:00:00+00:00,2025,7,29,port980,Port Vila,Vanuatu,VUT,0,0,0,0,0,0,0,0,0,0,0,0,0,0,0,0,0,0,0,0,0
2025-07-28 00:00:00+00:00,2025,7,28,port669,Luganville,Vanuatu,VUT,0,0,0,0,0,0,0,0,0,0,0,0,0,0,0,0,0,0,0,0,0
2025-07-28 00:00:00+00:00,2025,7,28,port980,Port Vila,Vanuatu,VUT,0,0,0,0,0,0,0,0,0,0,0,0,0,0,0,0,0,0,0,0,0
2025-07-27 00:00:00+00:00,2025,7,27,port669,Luganville,Vanuatu,VUT,0,0,0,0,0,0,0,0,0,0,0,0,0,0,0,0,0,0,0,0,0
2025-07-27 00:00:00+00:00,2025,7,27,port980,Port Vila,Vanuatu,VUT,0,0,0,0,1,0,1,0,0,0,0,311,0,311,0,0,0,0,175,0,175
2025-07-26 00:00:00+00:00,2025,7,26,port669,Luganville,Vanuatu,VUT,0,0,0,0,0,0,0,0,0,0,0,0,0,0,0,0,0,0,0,0,0
2025-07-26 00:00:00+00:00,2025,7,26,port980,Port Vila,Vanuatu,VUT,0,0,0,0,0,0,0,0,0,0,0,0,0,0,0,0,0,0,0,0,0
2025-07-25 00:00:00+00:00,2025,7,25,port669,Luganville,Vanuatu,VUT,0,0,0,0,0,0,0,0,0,0,0,0,0,0,0,0,0,0,0,0,0
2025-07-25 00:00:00+00:00,2025,7,25,port980,Port Vila,Vanuatu,VUT,0,0,0,0,0,0,0,0,0,0,0,0,0,0,0,0,0,0,0,0,0
2025-07-24 00:00:00+00:00,2025,7,24,port669,Luganville,Vanuatu,VUT,0,0,0,0,0,0,0,0,0,0,0,0,0,0,0,0,0,0,0,0,0
2025-07-24 00:00:00+00:00,2025,7,24,port980,Port Vila,Vanuatu,VUT,1,0,0,0,0,1,1,2237,0,0,0,0,2237,2237,0,0,0,0,0,0,0
2025-07-23 00:00:00+00:00,2025,7,23,port669,Luganville,Vanuatu,VUT,0,0,0,0,0,0,0,0,0,0,0,0,0,0,0,0,0,0,0,0,0
2025-07-23 00:00:00+00:00,2025,7,23,port980,Port Vila,Vanuatu,VUT,0,0,0,0,0,0,0,0,0,0,0,0,0,0,0,0,0,0,0,0,0
2025-07-22 00:00:00+00:00,2025,7,22,port669,Luganville,Vanuatu,VUT,2,0,0,0,0,2,2,1584,0,0,0,0,1584,1584,960,0,0,0,0,960,960
2025-07-22 00:00:00+00:00,2025,7,22,port980,Port Vila,Vanuatu,VUT,1,0,0,0,0,1,1,2919,0,0,0,0,2919,2919,0,0,0,0,0,0,0
2025-07-21 00:00:00+00:00,2025,7,21,port669,Luganville,Vanuatu,VUT,0,0,0,0,0,0,0,0,0,0,0,0,0,0,0,0,0,0,0,0,0
2025-07-21 00:00:00+00:00,2025,7,21,port980,Port Vila,Vanuatu,VUT,0,0,0,0,0,0,0,0,0,0,0,0,0,0,0,0,0,0,0,0,0
2025-07-20 00:00:00+00:00,2025,7,20,port669,Luganville,Vanuatu,VUT,0,0,0,0,0,0,0,0,0,0,0,0,0,0,0,0,0,0,0,0,0
2025-07-20 00:00:00+00:00,2025,7,20,port980,Port Vila,Vanuatu,VUT,0,0,0,0,0,0,0,0,0,0,0,0,0,0,0,0,0,0,0,0,0
2025-07-19 00:00:00+00:00,2025,7,19,port669,Luganville,Vanuatu,VUT,0,0,0,0,0,0,0,0,0,0,0,0,0,0,0,0,0,0,0,0,0
2025-07-19 00:00:00+00:00,2025,7,19,port980,Port Vila,Vanuatu,VUT,0,0,0,0,0,0,0,0,0,0,0,0,0,0,0,0,0,0,0,0,0
2025-07-18 00:00:00+00:00,2025,7,18,port669,Luganville,Vanuatu,VUT,0,0,0,0,0,0,0,0,0,0,0,0,0,0,0,0,0,0,0,0,0
2025-07-18 00:00:00+00:00,2025,7,18,port980,Port Vila,Vanuatu,VUT,0,0,0,0,0,0,0,0,0,0,0,0,0,0,0,0,0,0,0,0,0
2025-07-17 00:00:00+00:00,2025,7,17,port669,Luganville,Vanuatu,VUT,0,0,0,0,0,0,0,0,0,0,0,0,0,0,0,0,0,0,0,0,0
2025-07-17 00:00:00+00:00,2025,7,17,port980,Port Vila,Vanuatu,VUT,0,0,1,0,0,1,1,0,0,832,0,0,832,832,0,0,183,0,0,183,183
2025-07-16 00:00:00+00:00,2025,7,16,port669,Luganville,Vanuatu,VUT,0,0,0,0,0,0,0,0,0,0,0,0,0,0,0,0,0,0,0,0,0
2025-07-16 00:00:00+00:00,2025,7,16,port980,Port Vila,Vanuatu,VUT,0,0,0,0,0,0,0,0,0,0,0,0,0,0,0,0,0,0,0,0,0
2025-07-15 00:00:00+00:00,2025,7,15,port669,Luganville,Vanuatu,VUT,0,0,1,0,0,1,1,0,0,949,0,0,949,949,0,0,0,0,0,0,0
2025-07-15 00:00:00+00:00,2025,7,15,port980,Port Vila,Vanuatu,VUT,0,0,0,0,0,0,0,0,0,0,0,0,0,0,0,0,0,0,0,0,0
2025-07-14 00:00:00+00:00,2025,7,14,port669,Luganville,Vanuatu,VUT,0,0,0,0,0,0,0,0,0,0,0,0,0,0,0,0,0,0,0,0,0
2025-07-14 00:00:00+00:00,2025,7,14,port980,Port Vila,Vanuatu,VUT,0,0,0,0,0,0,0,0,0,0,0,0,0,0,0,0,0,0,0,0,0
2025-07-13 00:00:00+00:00,2025,7,13,port669,Luganville,Vanuatu,VUT,0,0,0,0,0,0,0,0,0,0,0,0,0,0,0,0,0,0,0,0,0
2025-07-13 00:00:00+00:00,2025,7,13,port980,Port Vila,Vanuatu,VUT,1,0,0,0,0,1,1,1032,0,0,0,0,1032,1032,377,0,0,0,0,377,377
2025-07-12 00:00:00+00:00,2025,7,12,port669,Luganville,Vanuatu,VUT,0,0,0,0,0,0,0,0,0,0,0,0,0,0,0,0,0,0,0,0,0
2025-07-12 00:00:00+00:00,2025,7,12,port980,Port Vila,Vanuatu,VUT,0,0,0,0,0,0,0,0,0,0,0,0,0,0,0,0,0,0,0,0,0
2025-07-11 00:00:00+00:00,2025,7,11,port669,Luganville,Vanuatu,VUT,0,0,0,0,0,0,0,0,0,0,0,0,0,0,0,0,0,0,0,0,0
2025-07-11 00:00:00+00:00,2025,7,11,port980,Port Vila,Vanuatu,VUT,0,0,0,0,0,0,0,0,0,0,0,0,0,0,0,0,0,0,0,0,0
2025-07-10 00:00:00+00:00,2025,7,10,port669,Luganville,Vanuatu,VUT,0,0,0,0,1,0,1,0,0,0,0,2622,0,2622,0,0,0,0,0,0,0
2025-07-10 00:00:00+00:00,2025,7,10,port980,Port Vila,Vanuatu,VUT,1,0,0,0,0,1,1,1240,0,0,0,0,1240,1240,125,0,0,0,0,125,125
2025-07-09 00:00:00+00:00,2025,7,9,port669,Luganville,Vanuatu,VUT,0,0,0,0,0,0,0,0,0,0,0,0,0,0,0,0,0,0,0,0,0
2025-07-09 00:00:00+00:00,2025,7,9,port980,Port Vila,Vanuatu,VUT,0,0,0,0,0,0,0,0,0,0,0,0,0,0,0,0,0,0,0,0,0
2025-07-08 00:00:00+00:00,2025,7,8,port669,Luganville,Vanuatu,VUT,0,0,0,0,0,0,0,0,0,0,0,0,0,0,0,0,0,0,0,0,0
2025-07-08 00:00:00+00:00,2025,7,8,port980,Port Vila,Vanuatu,VUT,0,0,0,0,0,0,0,0,0,0,0,0,0,0,0,0,0,0,0,0,0
2025-07-07 00:00:00+00:00,2025,7,7,port669,Luganville,Vanuatu,VUT,0,0,0,0,0,0,0,0,0,0,0,0,0,0,0,0,0,0,0,0,0
2025-07-07 00:00:00+00:00,2025,7,7,port980,Port Vila,Vanuatu,VUT,0,0,0,0,1,0,1,0,0,0,0,1563,0,1563,0,0,0,0,0,0,0
2025-07-06 00:00:00+00:00,2025,7,6,port669,Luganville,Vanuatu,VUT,0,0,0,0,0,0,0,0,0,0,0,0,0,0,0,0,0,0,0,0,0
2025-07-06 00:00:00+00:00,2025,7,6,port980,Port Vila,Vanuatu,VUT,0,0,1,0,0,1,1,0,0,832,0,0,832,832,0,0,183,0,0,183,183
2025-07-05 00:00:00+00:00,2025,7,5,port669,Luganville,Vanuatu,VUT,0,0,0,0,0,0,0,0,0,0,0,0,0,0,0,0,0,0,0,0,0
2025-07-05 00:00:00+00:00,2025,7,5,port980,Port Vila,Vanuatu,VUT,0,0,0,0,0,0,0,0,0,0,0,0,0,0,0,0,0,0,0,0,0
2025-07-04 00:00:00+00:00,2025,7,4,port669,Luganville,Vanuatu,VUT,0,0,0,0,0,0,0,0,0,0,0,0,0,0,0,0,0,0,0,0,0
2025-07-04 00:00:00+00:00,2025,7,4,port980,Port Vila,Vanuatu,VUT,0,0,0,0,0,0,0,0,0,0,0,0,0,0,0,0,0,0,0,0,0
2025-07-03 00:00:00+00:00,2025,7,3,port669,Luganville,Vanuatu,VUT,0,0,1,0,0,1,1,0,0,0,0,0,0,0,0,0,239,0,0,239,239
2025-07-03 00:00:00+00:00,2025,7,3,port980,Port Vila,Vanuatu,VUT,1,0,0,0,0,1,1,3497,0,0,0,0,3497,3497,0,0,0,0,0,0,0
2025-07-02 00:00:00+00:00,2025,7,2,port669,Luganville,Vanuatu,VUT,0,0,1,0,0,1,1,0,0,883,0,0,883,883,0,0,314,0,0,314,314
2025-07-02 00:00:00+00:00,2025,7,2,port980,Port Vila,Vanuatu,VUT,1,0,0,0,0,1,1,0,0,0,0,0,0,0,644,0,0,0,0,644,644
2025-07-01 00:00:00+00:00,2025,7,1,port669,Luganville,Vanuatu,VUT,0,0,0,0,0,0,0,0,0,0,0,0,0,0,0,0,0,0,0,0,0
2025-07-01 00:00:00+00:00,2025,7,1,port980,Port Vila,Vanuatu,VUT,0,0,0,0,0,0,0,0,0,0,0,0,0,0,0,0,0,0,0,0,0
2025-06-30 00:00:00+00:00,2025,6,30,port669,Luganville,Vanuatu,VUT,0,0,0,0,0,0,0,0,0,0,0,0,0,0,0,0,0,0,0,0,0
2025-06-30 00:00:00+00:00,2025,6,30,port980,Port Vila,Vanuatu,VUT,0,0,1,0,0,1,1,0,0,832,0,0,832,832,0,0,183,0,0,183,183
2025-06-29 00:00:00+00:00,2025,6,29,port669,Luganville,Vanuatu,VUT,0,0,0,0,0,0,0,0,0,0,0,0,0,0,0,0,0,0,0,0,0
2025-06-29 00:00:00+00:00,2025,6,29,port980,Port Vila,Vanuatu,VUT,0,0,0,0,0,0,0,0,0,0,0,0,0,0,0,0,0,0,0,0,0
2025-06-28 00:00:00+00:00,2025,6,28,port669,Luganville,Vanuatu,VUT,0,0,0,0,0,0,0,0,0,0,0,0,0,0,0,0,0,0,0,0,0
2025-06-28 00:00:00+00:00,2025,6,28,port980,Port Vila,Vanuatu,VUT,0,0,0,0,0,0,0,0,0,0,0,0,0,0,0,0,0,0,0,0,0
2025-06-27 00:00:00+00:00,2025,6,27,port669,Luganville,Vanuatu,VUT,0,0,0,0,0,0,0,0,0,0,0,0,0,0,0,0,0,0,0,0,0
2025-06-27 00:00:00+00:00,2025,6,27,port980,Port Vila,Vanuatu,VUT,0,0,0,0,0,0,0,0,0,0,0,0,0,0,0,0,0,0,0,0,0
2025-06-26 00:00:00+00:00,2025,6,26,port669,Luganville,Vanuatu,VUT,0,0,0,0,0,0,0,0,0,0,0,0,0,0,0,0,0,0,0,0,0
2025-06-26 00:00:00+00:00,2025,6,26,port980,Port Vila,Vanuatu,VUT,0,0,0,0,0,0,0,0,0,0,0,0,0,0,0,0,0,0,0,0,0
2025-06-25 00:00:00+00:00,2025,6,25,port669,Luganville,Vanuatu,VUT,1,0,0,0,0,1,1,878,0,0,0,0,878,878,0,0,0,0,0,0,0
2025-06-25 00:00:00+00:00,2025,6,25,port980,Port Vila,Vanuatu,VUT,0,0,0,0,0,0,0,0,0,0,0,0,0,0,0,0,0,0,0,0,0
2025-06-24 00:00:00+00:00,2025,6,24,port669,Luganville,Vanuatu,VUT,0,0,0,0,0,0,0,0,0,0,0,0,0,0,0,0,0,0,0,0,0
2025-06-24 00:00:00+00:00,2025,6,24,port980,Port Vila,Vanuatu,VUT,0,0,1,0,0,1,1,0,0,239,0,0,239,239,0,0,0,0,0,0,0
2025-06-23 00:00:00+00:00,2025,6,23,port669,Luganville,Vanuatu,VUT,0,0,0,0,0,0,0,0,0,0,0,0,0,0,0,0,0,0,0,0,0
2025-06-23 00:00:00+00:00,2025,6,23,port980,Port Vila,Vanuatu,VUT,0,0,0,0,0,0,0,0,0,0,0,0,0,0,0,0,0,0,0,0,0
2025-06-22 00:00:00+00:00,2025,6,22,port669,Luganville,Vanuatu,VUT,0,0,0,0,0,0,0,0,0,0,0,0,0,0,0,0,0,0,0,0,0
2025-06-22 00:00:00+00:00,2025,6,22,port980,Port Vila,Vanuatu,VUT,0,0,0,0,1,0,1,0,0,0,0,311,0,311,0,0,0,0,175,0,175
2025-06-21 00:00:00+00:00,2025,6,21,port669,Luganville,Vanuatu,VUT,0,0,0,0,0,0,0,0,0,0,0,0,0,0,0,0,0,0,0,0,0
2025-06-21 00:00:00+00:00,2025,6,21,port980,Port Vila,Vanuatu,VUT,0,0,0,0,0,0,0,0,0,0,0,0,0,0,0,0,0,0,0,0,0
2025-06-20 00:00:00+00:00,2025,6,20,port669,Luganville,Vanuatu,VUT,0,0,0,0,0,0,0,0,0,0,0,0,0,0,0,0,0,0,0,0,0
2025-06-20 00:00:00+00:00,2025,6,20,port980,Port Vila,Vanuatu,VUT,0,0,0,0,0,0,0,0,0,0,0,0,0,0,0,0,0,0,0,0,0
2025-06-19 00:00:00+00:00,2025,6,19,port669,Luganville,Vanuatu,VUT,0,0,0,0,0,0,0,0,0,0,0,0,0,0,0,0,0,0,0,0,0
2025-06-19 00:00:00+00:00,2025,6,19,port980,Port Vila,Vanuatu,VUT,0,0,0,0,0,0,0,0,0,0,0,0,0,0,0,0,0,0,0,0,0
2025-06-18 00:00:00+00:00,2025,6,18,port669,Luganville,Vanuatu,VUT,0,0,0,0,0,0,0,0,0,0,0,0,0,0,0,0,0,0,0,0,0
2025-06-18 00:00:00+00:00,2025,6,18,port980,Port Vila,Vanuatu,VUT,0,0,0,0,0,0,0,0,0,0,0,0,0,0,0,0,0,0,0,0,0
2025-06-17 00:00:00+00:00,2025,6,17,port669,Luganville,Vanuatu,VUT,0,0,0,0,0,0,0,0,0,0,0,0,0,0,0,0,0,0,0,0,0
2025-06-17 00:00:00+00:00,2025,6,17,port980,Port Vila,Vanuatu,VUT,0,0,0,0,0,0,0,0,0,0,0,0,0,0,0,0,0,0,0,0,0
2025-06-16 00:00:00+00:00,2025,6,16,port669,Luganville,Vanuatu,VUT,0,0,0,0,0,0,0,0,0,0,0,0,0,0,0,0,0,0,0,0,0
2025-06-16 00:00:00+00:00,2025,6,16,port980,Port Vila,Vanuatu,VUT,0,0,0,0,0,0,0,0,0,0,0,0,0,0,0,0,0,0,0,0,0
2025-06-15 00:00:00+00:00,2025,6,15,port669,Luganville,Vanuatu,VUT,0,0,0,0,0,0,0,0,0,0,0,0,0,0,0,0,0,0,0,0,0
2025-06-15 00:00:00+00:00,2025,6,15,port980,Port Vila,Vanuatu,VUT,0,0,0,0,0,0,0,0,0,0,0,0,0,0,0,0,0,0,0,0,0
2025-06-14 00:00:00+00:00,2025,6,14,port669,Luganville,Vanuatu,VUT,0,0,0,0,0,0,0,0,0,0,0,0,0,0,0,0,0,0,0,0,0
2025-06-14 00:00:00+00:00,2025,6,14,port980,Port Vila,Vanuatu,VUT,0,0,0,0,0,0,0,0,0,0,0,0,0,0,0,0,0,0,0,0,0
2025-06-13 00:00:00+00:00,2025,6,13,port669,Luganville,Vanuatu,VUT,0,0,0,0,0,0,0,0,0,0,0,0,0,0,0,0,0,0,0,0,0
2025-06-13 00:00:00+00:00,2025,6,13,port980,Port Vila,Vanuatu,VUT,0,0,0,0,0,0,0,0,0,0,0,0,0,0,0,0,0,0,0,0,0
2025-06-12 00:00:00+00:00,2025,6,12,port669,Luganville,Vanuatu,VUT,0,0,0,0,0,0,0,0,0,0,0,0,0,0,0,0,0,0,0,0,0
2025-06-12 00:00:00+00:00,2025,6,12,port980,Port Vila,Vanuatu,VUT,0,0,0,0,0,0,0,0,0,0,0,0,0,0,0,0,0,0,0,0,0
2025-06-11 00:00:00+00:00,2025,6,11,port669,Luganville,Vanuatu,VUT,0,0,0,0,0,0,0,0,0,0,0,0,0,0,0,0,0,0,0,0,0
2025-06-11 00:00:00+00:00,2025,6,11,port980,Port Vila,Vanuatu,VUT,1,0,0,0,0,1,1,1240,0,0,0,0,1240,1240,125,0,0,0,0,125,125
2025-06-10 00:00:00+00:00,2025,6,10,port669,Luganville,Vanuatu,VUT,0,0,0,0,0,0,0,0,0,0,0,0,0,0,0,0,0,0,0,0,0
2025-06-10 00:00:00+00:00,2025,6,10,port980,Port Vila,Vanuatu,VUT,1,0,0,0,0,1,1,633,0,0,0,0,633,633,0,0,0,0,0,0,0
2025-06-09 00:00:00+00:00,2025,6,9,port669,Luganville,Vanuatu,VUT,0,0,0,0,0,0,0,0,0,0,0,0,0,0,0,0,0,0,0,0,0
2025-06-09 00:00:00+00:00,2025,6,9,port980,Port Vila,Vanuatu,VUT,0,0,0,0,0,0,0,0,0,0,0,0,0,0,0,0,0,0,0,0,0
2025-06-08 00:00:00+00:00,2025,6,8,port669,Luganville,Vanuatu,VUT,0,0,0,0,0,0,0,0,0,0,0,0,0,0,0,0,0,0,0,0,0
2025-06-08 00:00:00+00:00,2025,6,8,port980,Port Vila,Vanuatu,VUT,1,0,0,0,0,1,1,1176,0,0,0,0,1176,1176,0,0,0,0,0,0,0
2025-06-07 00:00:00+00:00,2025,6,7,port669,Luganville,Vanuatu,VUT,2,0,0,0,0,2,2,317,0,0,0,0,317,317,1432,0,0,0,0,1432,1432
2025-06-07 00:00:00+00:00,2025,6,7,port980,Port Vila,Vanuatu,VUT,0,0,0,0,0,0,0,0,0,0,0,0,0,0,0,0,0,0,0,0,0
2025-06-06 00:00:00+00:00,2025,6,6,port669,Luganville,Vanuatu,VUT,0,0,0,0,0,0,0,0,0,0,0,0,0,0,0,0,0,0,0,0,0
2025-06-06 00:00:00+00:00,2025,6,6,port980,Port Vila,Vanuatu,VUT,0,0,0,0,0,0,0,0,0,0,0,0,0,0,0,0,0,0,0,0,0
2025-06-05 00:00:00+00:00,2025,6,5,port669,Luganville,Vanuatu,VUT,0,0,0,0,0,0,0,0,0,0,0,0,0,0,0,0,0,0,0,0,0
2025-06-05 00:00:00+00:00,2025,6,5,port980,Port Vila,Vanuatu,VUT,0,0,0,0,0,0,0,0,0,0,0,0,0,0,0,0,0,0,0,0,0
2025-06-04 00:00:00+00:00,2025,6,4,port669,Luganville,Vanuatu,VUT,0,0,0,0,0,0,0,0,0,0,0,0,0,0,0,0,0,0,0,0,0
2025-06-04 00:00:00+00:00,2025,6,4,port980,Port Vila,Vanuatu,VUT,0,0,0,0,0,0,0,0,0,0,0,0,0,0,0,0,0,0,0,0,0
2025-06-03 00:00:00+00:00,2025,6,3,port669,Luganville,Vanuatu,VUT,0,0,0,0,0,0,0,0,0,0,0,0,0,0,0,0,0,0,0,0,0
2025-06-03 00:00:00+00:00,2025,6,3,port980,Port Vila,Vanuatu,VUT,0,0,0,0,0,0,0,0,0,0,0,0,0,0,0,0,0,0,0,0,0
2025-06-02 00:00:00+00:00,2025,6,2,port669,Luganville,Vanuatu,VUT,0,0,0,0,0,0,0,0,0,0,0,0,0,0,0,0,0,0,0,0,0
2025-06-02 00:00:00+00:00,2025,6,2,port980,Port Vila,Vanuatu,VUT,1,0,0,0,0,1,1,323,0,0,0,0,323,323,0,0,0,0,0,0,0
2025-06-01 00:00:00+00:00,2025,6,1,port669,Luganville,Vanuatu,VUT,0,0,0,0,0,0,0,0,0,0,0,0,0,0,0,0,0,0,0,0,0
2025-06-01 00:00:00+00:00,2025,6,1,port980,Port Vila,Vanuatu,VUT,0,0,0,0,0,0,0,0,0,0,0,0,0,0,0,0,0,0,0,0,0
2025-05-31 00:00:00+00:00,2025,5,31,port669,Luganville,Vanuatu,VUT,0,0,0,0,0,0,0,0,0,0,0,0,0,0,0,0,0,0,0,0,0
2025-05-31 00:00:00+00:00,2025,5,31,port980,Port Vila,Vanuatu,VUT,0,0,0,0,0,0,0,0,0,0,0,0,0,0,0,0,0,0,0,0,0
2025-05-30 00:00:00+00:00,2025,5,30,port669,Luganville,Vanuatu,VUT,1,0,0,0,0,1,1,3045,0,0,0,0,3045,3045,0,0,0,0,0,0,0
2025-05-30 00:00:00+00:00,2025,5,30,port980,Port Vila,Vanuatu,VUT,0,0,0,0,0,0,0,0,0,0,0,0,0,0,0,0,0,0,0,0,0
2025-05-29 00:00:00+00:00,2025,5,29,port669,Luganville,Vanuatu,VUT,0,0,0,0,0,0,0,0,0,0,0,0,0,0,0,0,0,0,0,0,0
2025-05-29 00:00:00+00:00,2025,5,29,port980,Port Vila,Vanuatu,VUT,0,1,1,0,0,2,2,0,4054,316,0,0,4370,4370,0,0,0,0,0,0,0
2025-05-28 00:00:00+00:00,2025,5,28,port669,Luganville,Vanuatu,VUT,0,0,0,0,0,0,0,0,0,0,0,0,0,0,0,0,0,0,0,0,0
2025-05-28 00:00:00+00:00,2025,5,28,port980,Port Vila,Vanuatu,VUT,0,0,1,0,0,1,1,0,0,1816,0,0,1816,1816,0,0,0,0,0,0,0
2025-05-27 00:00:00+00:00,2025,5,27,port669,Luganville,Vanuatu,VUT,0,0,1,0,0,1,1,0,0,634,0,0,634,634,0,0,0,0,0,0,0
2025-05-27 00:00:00+00:00,2025,5,27,port980,Port Vila,Vanuatu,VUT,0,0,0,0,0,0,0,0,0,0,0,0,0,0,0,0,0,0,0,0,0
2025-05-26 00:00:00+00:00,2025,5,26,port669,Luganville,Vanuatu,VUT,0,0,0,0,0,0,0,0,0,0,0,0,0,0,0,0,0,0,0,0,0
2025-05-26 00:00:00+00:00,2025,5,26,port980,Port Vila,Vanuatu,VUT,1,0,0,0,0,1,1,4371,0,0,0,0,4371,4371,0,0,0,0,0,0,0
2025-05-25 00:00:00+00:00,2025,5,25,port669,Luganville,Vanuatu,VUT,0,0,0,0,0,0,0,0,0,0,0,0,0,0,0,0,0,0,0,0,0
2025-05-25 00:00:00+00:00,2025,5,25,port980,Port Vila,Vanuatu,VUT,0,0,1,0,0,1,1,0,0,832,0,0,832,832,0,0,183,0,0,183,183
2025-05-24 00:00:00+00:00,2025,5,24,port669,Luganville,Vanuatu,VUT,0,0,0,0,0,0,0,0,0,0,0,0,0,0,0,0,0,0,0,0,0
2025-05-24 00:00:00+00:00,2025,5,24,port980,Port Vila,Vanuatu,VUT,0,0,0,0,0,0,0,0,0,0,0,0,0,0,0,0,0,0,0,0,0
2025-05-23 00:00:00+00:00,2025,5,23,port669,Luganville,Vanuatu,VUT,0,0,0,0,0,0,0,0,0,0,0,0,0,0,0,0,0,0,0,0,0
2025-05-23 00:00:00+00:00,2025,5,23,port980,Port Vila,Vanuatu,VUT,1,0,0,0,0,1,1,1265,0,0,0,0,1265,1265,0,0,0,0,0,0,0
2025-05-22 00:00:00+00:00,2025,5,22,port669,Luganville,Vanuatu,VUT,0,0,0,0,0,0,0,0,0,0,0,0,0,0,0,0,0,0,0,0,0
2025-05-22 00:00:00+00:00,2025,5,22,port980,Port Vila,Vanuatu,VUT,0,0,0,0,1,0,1,0,0,0,0,31322,0,31322,0,0,0,0,0,0,0
2025-05-21 00:00:00+00:00,2025,5,21,port669,Luganville,Vanuatu,VUT,0,0,0,0,0,0,0,0,0,0,0,0,0,0,0,0,0,0,0,0,0
2025-05-21 00:00:00+00:00,2025,5,21,port980,Port Vila,Vanuatu,VUT,0,0,0,0,0,0,0,0,0,0,0,0,0,0,0,0,0,0,0,0,0
2025-05-20 00:00:00+00:00,2025,5,20,port669,Luganville,Vanuatu,VUT,0,0,0,0,0,0,0,0,0,0,0,0,0,0,0,0,0,0,0,0,0
2025-05-20 00:00:00+00:00,2025,5,20,port980,Port Vila,Vanuatu,VUT,0,0,0,0,0,0,0,0,0,0,0,0,0,0,0,0,0,0,0,0,0
2025-05-19 00:00:00+00:00,2025,5,19,port669,Luganville,Vanuatu,VUT,0,0,0,0,0,0,0,0,0,0,0,0,0,0,0,0,0,0,0,0,0
2025-05-19 00:00:00+00:00,2025,5,19,port980,Port Vila,Vanuatu,VUT,0,0,0,0,1,0,1,0,0,0,0,311,0,311,0,0,0,0,175,0,175
2025-05-18 00:00:00+00:00,2025,5,18,port669,Luganville,Vanuatu,VUT,0,0,0,0,0,0,0,0,0,0,0,0,0,0,0,0,0,0,0,0,0
2025-05-18 00:00:00+00:00,2025,5,18,port980,Port Vila,Vanuatu,VUT,0,0,0,0,0,0,0,0,0,0,0,0,0,0,0,0,0,0,0,0,0
2025-05-17 00:00:00+00:00,2025,5,17,port669,Luganville,Vanuatu,VUT,0,0,0,0,0,0,0,0,0,0,0,0,0,0,0,0,0,0,0,0,0
2025-05-17 00:00:00+00:00,2025,5,17,port980,Port Vila,Vanuatu,VUT,0,0,0,0,0,0,0,0,0,0,0,0,0,0,0,0,0,0,0,0,0
2025-05-16 00:00:00+00:00,2025,5,16,port669,Luganville,Vanuatu,VUT,0,0,0,0,0,0,0,0,0,0,0,0,0,0,0,0,0,0,0,0,0
2025-05-16 00:00:00+00:00,2025,5,16,port980,Port Vila,Vanuatu,VUT,0,0,0,0,0,0,0,0,0,0,0,0,0,0,0,0,0,0,0,0,0
2025-05-15 00:00:00+00:00,2025,5,15,port669,Luganville,Vanuatu,VUT,0,0,0,0,1,0,1,0,0,0,0,2610,0,2610,0,0,0,0,0,0,0
2025-05-15 00:00:00+00:00,2025,5,15,port980,Port Vila,Vanuatu,VUT,1,0,0,0,0,1,1,382,0,0,0,0,382,382,0,0,0,0,0,0,0
2025-05-14 00:00:00+00:00,2025,5,14,port669,Luganville,Vanuatu,VUT,1,0,0,0,0,1,1,828,0,0,0,0,828,828,146,0,0,0,0,146,146
2025-05-14 00:00:00+00:00,2025,5,14,port980,Port Vila,Vanuatu,VUT,0,0,0,0,0,0,0,0,0,0,0,0,0,0,0,0,0,0,0,0,0
2025-05-13 00:00:00+00:00,2025,5,13,port669,Luganville,Vanuatu,VUT,0,0,0,0,0,0,0,0,0,0,0,0,0,0,0,0,0,0,0,0,0
2025-05-13 00:00:00+00:00,2025,5,13,port980,Port Vila,Vanuatu,VUT,0,0,0,0,0,0,0,0,0,0,0,0,0,0,0,0,0,0,0,0,0
2025-05-12 00:00:00+00:00,2025,5,12,port669,Luganville,Vanuatu,VUT,1,0,0,0,0,1,1,1112,0,0,0,0,1112,1112,0,0,0,0,0,0,0
2025-05-12 00:00:00+00:00,2025,5,12,port980,Port Vila,Vanuatu,VUT,0,0,0,0,0,0,0,0,0,0,0,0,0,0,0,0,0,0,0,0,0
2025-05-11 00:00:00+00:00,2025,5,11,port669,Luganville,Vanuatu,VUT,0,0,0,0,0,0,0,0,0,0,0,0,0,0,0,0,0,0,0,0,0
2025-05-11 00:00:00+00:00,2025,5,11,port980,Port Vila,Vanuatu,VUT,0,0,0,0,0,0,0,0,0,0,0,0,0,0,0,0,0,0,0,0,0
2025-05-10 00:00:00+00:00,2025,5,10,port669,Luganville,Vanuatu,VUT,0,0,0,0,0,0,0,0,0,0,0,0,0,0,0,0,0,0,0,0,0
2025-05-10 00:00:00+00:00,2025,5,10,port980,Port Vila,Vanuatu,VUT,0,0,0,0,0,0,0,0,0,0,0,0,0,0,0,0,0,0,0,0,0
2025-05-09 00:00:00+00:00,2025,5,9,port669,Luganville,Vanuatu,VUT,0,0,0,0,0,0,0,0,0,0,0,0,0,0,0,0,0,0,0,0,0
2025-05-09 00:00:00+00:00,2025,5,9,port980,Port Vila,Vanuatu,VUT,0,0,0,0,0,0,0,0,0,0,0,0,0,0,0,0,0,0,0,0,0
2025-05-08 00:00:00+00:00,2025,5,8,port669,Luganville,Vanuatu,VUT,0,0,0,0,0,0,0,0,0,0,0,0,0,0,0,0,0,0,0,0,0
2025-05-08 00:00:00+00:00,2025,5,8,port980,Port Vila,Vanuatu,VUT,0,0,0,0,0,0,0,0,0,0,0,0,0,0,0,0,0,0,0,0,0
2025-05-07 00:00:00+00:00,2025,5,7,port669,Luganville,Vanuatu,VUT,0,0,0,0,0,0,0,0,0,0,0,0,0,0,0,0,0,0,0,0,0
2025-05-07 00:00:00+00:00,2025,5,7,port980,Port Vila,Vanuatu,VUT,0,0,0,0,0,0,0,0,0,0,0,0,0,0,0,0,0,0,0,0,0
2025-05-06 00:00:00+00:00,2025,5,6,port669,Luganville,Vanuatu,VUT,0,0,0,0,0,0,0,0,0,0,0,0,0,0,0,0,0,0,0,0,0
2025-05-06 00:00:00+00:00,2025,5,6,port980,Port Vila,Vanuatu,VUT,1,0,0,0,0,1,1,1032,0,0,0,0,1032,1032,377,0,0,0,0,377,377
2025-05-05 00:00:00+00:00,2025,5,5,port669,Luganville,Vanuatu,VUT,0,0,0,0,0,0,0,0,0,0,0,0,0,0,0,0,0,0,0,0,0
2025-05-05 00:00:00+00:00,2025,5,5,port980,Port Vila,Vanuatu,VUT,0,0,1,0,0,1,1,0,0,832,0,0,832,832,0,0,183,0,0,183,183
2025-05-04 00:00:00+00:00,2025,5,4,port669,Luganville,Vanuatu,VUT,0,0,0,0,0,0,0,0,0,0,0,0,0,0,0,0,0,0,0,0,0
2025-05-04 00:00:00+00:00,2025,5,4,port980,Port Vila,Vanuatu,VUT,0,0,0,0,0,0,0,0,0,0,0,0,0,0,0,0,0,0,0,0,0
2025-05-03 00:00:00+00:00,2025,5,3,port669,Luganville,Vanuatu,VUT,0,0,0,0,0,0,0,0,0,0,0,0,0,0,0,0,0,0,0,0,0
2025-05-03 00:00:00+00:00,2025,5,3,port980,Port Vila,Vanuatu,VUT,0,0,0,0,0,0,0,0,0,0,0,0,0,0,0,0,0,0,0,0,0
2025-05-02 00:00:00+00:00,2025,5,2,port669,Luganville,Vanuatu,VUT,0,0,0,0,0,0,0,0,0,0,0,0,0,0,0,0,0,0,0,0,0
2025-05-02 00:00:00+00:00,2025,5,2,port980,Port Vila,Vanuatu,VUT,0,0,0,0,0,0,0,0,0,0,0,0,0,0,0,0,0,0,0,0,0
2025-05-01 00:00:00+00:00,2025,5,1,port669,Luganville,Vanuatu,VUT,0,0,0,0,0,0,0,0,0,0,0,0,0,0,0,0,0,0,0,0,0
2025-05-01 00:00:00+00:00,2025,5,1,port980,Port Vila,Vanuatu,VUT,1,0,0,0,0,1,1,1240,0,0,0,0,1240,1240,125,0,0,0,0,125,125
2025-04-30 00:00:00+00:00,2025,4,30,port669,Luganville,Vanuatu,VUT,0,0,0,0,0,0,0,0,0,0,0,0,0,0,0,0,0,0,0,0,0
2025-04-30 00:00:00+00:00,2025,4,30,port980,Port Vila,Vanuatu,VUT,0,0,0,0,0,0,0,0,0,0,0,0,0,0,0,0,0,0,0,0,0
2025-04-29 00:00:00+00:00,2025,4,29,port669,Luganville,Vanuatu,VUT,0,0,0,0,0,0,0,0,0,0,0,0,0,0,0,0,0,0,0,0,0
2025-04-29 00:00:00+00:00,2025,4,29,port980,Port Vila,Vanuatu,VUT,1,0,0,0,0,1,1,438,0,0,0,0,438,438,0,0,0,0,0,0,0
2025-04-28 00:00:00+00:00,2025,4,28,port669,Luganville,Vanuatu,VUT,0,0,1,0,0,1,1,0,0,145,0,0,145,145,0,0,0,0,0,0,0
2025-04-28 00:00:00+00:00,2025,4,28,port980,Port Vila,Vanuatu,VUT,0,0,0,0,0,0,0,0,0,0,0,0,0,0,0,0,0,0,0,0,0
2025-04-27 00:00:00+00:00,2025,4,27,port669,Luganville,Vanuatu,VUT,0,0,0,0,0,0,0,0,0,0,0,0,0,0,0,0,0,0,0,0,0
2025-04-27 00:00:00+00:00,2025,4,27,port980,Port Vila,Vanuatu,VUT,0,0,0,0,0,0,0,0,0,0,0,0,0,0,0,0,0,0,0,0,0
2025-04-26 00:00:00+00:00,2025,4,26,port669,Luganville,Vanuatu,VUT,0,0,0,0,0,0,0,0,0,0,0,0,0,0,0,0,0,0,0,0,0
2025-04-26 00:00:00+00:00,2025,4,26,port980,Port Vila,Vanuatu,VUT,1,0,0,0,0,1,1,1240,0,0,0,0,1240,1240,125,0,0,0,0,125,125
2025-04-25 00:00:00+00:00,2025,4,25,port669,Luganville,Vanuatu,VUT,0,0,0,0,0,0,0,0,0,0,0,0,0,0,0,0,0,0,0,0,0
2025-04-25 00:00:00+00:00,2025,4,25,port980,Port Vila,Vanuatu,VUT,0,0,0,0,0,0,0,0,0,0,0,0,0,0,0,0,0,0,0,0,0
2025-04-24 00:00:00+00:00,2025,4,24,port669,Luganville,Vanuatu,VUT,1,0,0,0,0,1,1,2193,0,0,0,0,2193,2193,0,0,0,0,0,0,0
2025-04-24 00:00:00+00:00,2025,4,24,port980,Port Vila,Vanuatu,VUT,0,0,0,0,0,0,0,0,0,0,0,0,0,0,0,0,0,0,0,0,0
2025-04-23 00:00:00+00:00,2025,4,23,port669,Luganville,Vanuatu,VUT,0,0,0,0,0,0,0,0,0,0,0,0,0,0,0,0,0,0,0,0,0
2025-04-23 00:00:00+00:00,2025,4,23,port980,Port Vila,Vanuatu,VUT,0,0,0,0,0,0,0,0,0,0,0,0,0,0,0,0,0,0,0,0,0
2025-04-22 00:00:00+00:00,2025,4,22,port669,Luganville,Vanuatu,VUT,0,0,0,0,0,0,0,0,0,0,0,0,0,0,0,0,0,0,0,0,0
2025-04-22 00:00:00+00:00,2025,4,22,port980,Port Vila,Vanuatu,VUT,1,0,0,0,1,1,2,1263,0,0,0,1043,1263,2306,0,0,0,0,0,0,0
2025-04-21 00:00:00+00:00,2025,4,21,port669,Luganville,Vanuatu,VUT,0,0,1,0,0,1,1,0,0,880,0,0,880,880,0,0,0,0,0,0,0
2025-04-21 00:00:00+00:00,2025,4,21,port980,Port Vila,Vanuatu,VUT,0,0,0,0,0,0,0,0,0,0,0,0,0,0,0,0,0,0,0,0,0
2025-04-20 00:00:00+00:00,2025,4,20,port669,Luganville,Vanuatu,VUT,2,0,0,0,0,2,2,794,0,0,0,0,794,794,0,0,0,0,0,0,0
2025-04-20 00:00:00+00:00,2025,4,20,port980,Port Vila,Vanuatu,VUT,0,0,0,0,0,0,0,0,0,0,0,0,0,0,0,0,0,0,0,0,0
2025-04-19 00:00:00+00:00,2025,4,19,port669,Luganville,Vanuatu,VUT,0,0,0,0,0,0,0,0,0,0,0,0,0,0,0,0,0,0,0,0,0
2025-04-19 00:00:00+00:00,2025,4,19,port980,Port Vila,Vanuatu,VUT,0,0,0,0,0,0,0,0,0,0,0,0,0,0,0,0,0,0,0,0,0
2025-04-18 00:00:00+00:00,2025,4,18,port669,Luganville,Vanuatu,VUT,0,0,0,0,0,0,0,0,0,0,0,0,0,0,0,0,0,0,0,0,0
2025-04-18 00:00:00+00:00,2025,4,18,port980,Port Vila,Vanuatu,VUT,0,0,0,0,0,0,0,0,0,0,0,0,0,0,0,0,0,0,0,0,0
2025-04-17 00:00:00+00:00,2025,4,17,port669,Luganville,Vanuatu,VUT,0,0,0,0,0,0,0,0,0,0,0,0,0,0,0,0,0,0,0,0,0
2025-04-17 00:00:00+00:00,2025,4,17,port980,Port Vila,Vanuatu,VUT,0,0,0,0,0,0,0,0,0,0,0,0,0,0,0,0,0,0,0,0,0
2025-04-16 00:00:00+00:00,2025,4,16,port669,Luganville,Vanuatu,VUT,0,0,0,0,0,0,0,0,0,0,0,0,0,0,0,0,0,0,0,0,0
2025-04-16 00:00:00+00:00,2025,4,16,port980,Port Vila,Vanuatu,VUT,0,0,0,0,0,0,0,0,0,0,0,0,0,0,0,0,0,0,0,0,0
2025-04-15 00:00:00+00:00,2025,4,15,port669,Luganville,Vanuatu,VUT,0,0,0,0,0,0,0,0,0,0,0,0,0,0,0,0,0,0,0,0,0
2025-04-15 00:00:00+00:00,2025,4,15,port980,Port Vila,Vanuatu,VUT,0,0,0,0,0,0,0,0,0,0,0,0,0,0,0,0,0,0,0,0,0
2025-04-14 00:00:00+00:00,2025,4,14,port669,Luganville,Vanuatu,VUT,0,0,0,0,0,0,0,0,0,0,0,0,0,0,0,0,0,0,0,0,0
2025-04-14 00:00:00+00:00,2025,4,14,port980,Port Vila,Vanuatu,VUT,0,0,1,0,0,1,1,0,0,832,0,0,832,832,0,0,183,0,0,183,183
2025-04-13 00:00:00+00:00,2025,4,13,port669,Luganville,Vanuatu,VUT,0,0,0,0,0,0,0,0,0,0,0,0,0,0,0,0,0,0,0,0,0
2025-04-13 00:00:00+00:00,2025,4,13,port980,Port Vila,Vanuatu,VUT,0,0,0,0,0,0,0,0,0,0,0,0,0,0,0,0,0,0,0,0,0
2025-04-12 00:00:00+00:00,2025,4,12,port669,Luganville,Vanuatu,VUT,0,0,0,0,0,0,0,0,0,0,0,0,0,0,0,0,0,0,0,0,0
2025-04-12 00:00:00+00:00,2025,4,12,port980,Port Vila,Vanuatu,VUT,0,0,0,0,0,0,0,0,0,0,0,0,0,0,0,0,0,0,0,0,0
2025-04-11 00:00:00+00:00,2025,4,11,port669,Luganville,Vanuatu,VUT,0,0,0,0,0,0,0,0,0,0,0,0,0,0,0,0,0,0,0,0,0
2025-04-11 00:00:00+00:00,2025,4,11,port980,Port Vila,Vanuatu,VUT,0,0,0,0,0,0,0,0,0,0,0,0,0,0,0,0,0,0,0,0,0
2025-04-10 00:00:00+00:00,2025,4,10,port669,Luganville,Vanuatu,VUT,0,0,0,0,0,0,0,0,0,0,0,0,0,0,0,0,0,0,0,0,0
2025-04-10 00:00:00+00:00,2025,4,10,port980,Port Vila,Vanuatu,VUT,0,0,1,0,1,1,2,0,0,1036,0,311,1036,1348,0,0,0,0,175,0,175
2025-04-09 00:00:00+00:00,2025,4,9,port669,Luganville,Vanuatu,VUT,0,0,0,0,0,0,0,0,0,0,0,0,0,0,0,0,0,0,0,0,0
2025-04-09 00:00:00+00:00,2025,4,9,port980,Port Vila,Vanuatu,VUT,0,0,0,0,0,0,0,0,0,0,0,0,0,0,0,0,0,0,0,0,0
2025-04-08 00:00:00+00:00,2025,4,8,port669,Luganville,Vanuatu,VUT,0,0,0,0,0,0,0,0,0,0,0,0,0,0,0,0,0,0,0,0,0
2025-04-08 00:00:00+00:00,2025,4,8,port980,Port Vila,Vanuatu,VUT,1,0,0,0,0,1,1,402,0,0,0,0,402,402,0,0,0,0,0,0,0
2025-04-07 00:00:00+00:00,2025,4,7,port669,Luganville,Vanuatu,VUT,0,0,0,0,0,0,0,0,0,0,0,0,0,0,0,0,0,0,0,0,0
2025-04-07 00:00:00+00:00,2025,4,7,port980,Port Vila,Vanuatu,VUT,0,0,0,0,0,0,0,0,0,0,0,0,0,0,0,0,0,0,0,0,0
2025-04-06 00:00:00+00:00,2025,4,6,port669,Luganville,Vanuatu,VUT,0,0,0,0,0,0,0,0,0,0,0,0,0,0,0,0,0,0,0,0,0
2025-04-06 00:00:00+00:00,2025,4,6,port980,Port Vila,Vanuatu,VUT,1,0,1,0,0,2,2,989,0,832,0,0,1822,1822,0,0,183,0,0,183,183
2025-04-05 00:00:00+00:00,2025,4,5,port669,Luganville,Vanuatu,VUT,0,0,0,0,0,0,0,0,0,0,0,0,0,0,0,0,0,0,0,0,0
2025-04-05 00:00:00+00:00,2025,4,5,port980,Port Vila,Vanuatu,VUT,0,0,0,0,0,0,0,0,0,0,0,0,0,0,0,0,0,0,0,0,0
2025-04-04 00:00:00+00:00,2025,4,4,port669,Luganville,Vanuatu,VUT,0,0,1,0,0,1,1,0,0,946,0,0,946,946,0,0,0,0,0,0,0
2025-04-04 00:00:00+00:00,2025,4,4,port980,Port Vila,Vanuatu,VUT,0,0,0,0,0,0,0,0,0,0,0,0,0,0,0,0,0,0,0,0,0
2025-04-03 00:00:00+00:00,2025,4,3,port669,Luganville,Vanuatu,VUT,0,0,0,0,0,0,0,0,0,0,0,0,0,0,0,0,0,0,0,0,0
2025-04-03 00:00:00+00:00,2025,4,3,port980,Port Vila,Vanuatu,VUT,0,0,0,0,0,0,0,0,0,0,0,0,0,0,0,0,0,0,0,0,0
2025-04-02 00:00:00+00:00,2025,4,2,port669,Luganville,Vanuatu,VUT,0,0,0,0,0,0,0,0,0,0,0,0,0,0,0,0,0,0,0,0,0
2025-04-02 00:00:00+00:00,2025,4,2,port980,Port Vila,Vanuatu,VUT,0,0,0,0,0,0,0,0,0,0,0,0,0,0,0,0,0,0,0,0,0
2025-04-01 00:00:00+00:00,2025,4,1,port669,Luganville,Vanuatu,VUT,0,0,0,0,0,0,0,0,0,0,0,0,0,0,0,0,0,0,0,0,0
2025-04-01 00:00:00+00:00,2025,4,1,port980,Port Vila,Vanuatu,VUT,0,0,2,0,0,2,2,0,0,631,0,0,631,631,0,0,0,0,0,0,0
2025-03-31 00:00:00+00:00,2025,3,31,port669,Luganville,Vanuatu,VUT,0,0,1,0,0,1,1,0,0,0,0,0,0,0,0,0,0,0,0,0,0
2025-03-31 00:00:00+00:00,2025,3,31,port980,Port Vila,Vanuatu,VUT,1,0,0,0,0,1,1,1240,0,0,0,0,1240,1240,125,0,0,0,0,125,125
2025-03-30 00:00:00+00:00,2025,3,30,port669,Luganville,Vanuatu,VUT,1,0,1,0,0,2,2,380,0,316,0,0,696,696,0,0,0,0,0,0,0
2025-03-30 00:00:00+00:00,2025,3,30,port980,Port Vila,Vanuatu,VUT,1,0,0,0,0,1,1,869,0,0,0,0,869,869,0,0,0,0,0,0,0
2025-03-29 00:00:00+00:00,2025,3,29,port669,Luganville,Vanuatu,VUT,0,0,0,0,0,0,0,0,0,0,0,0,0,0,0,0,0,0,0,0,0
2025-03-29 00:00:00+00:00,2025,3,29,port980,Port Vila,Vanuatu,VUT,0,0,0,0,0,0,0,0,0,0,0,0,0,0,0,0,0,0,0,0,0
2025-03-28 00:00:00+00:00,2025,3,28,port669,Luganville,Vanuatu,VUT,0,0,0,0,0,0,0,0,0,0,0,0,0,0,0,0,0,0,0,0,0
2025-03-28 00:00:00+00:00,2025,3,28,port980,Port Vila,Vanuatu,VUT,0,0,0,0,0,0,0,0,0,0,0,0,0,0,0,0,0,0,0,0,0
2025-03-27 00:00:00+00:00,2025,3,27,port669,Luganville,Vanuatu,VUT,0,0,1,0,0,1,1,0,0,0,0,0,0,0,0,0,0,0,0,0,0
2025-03-27 00:00:00+00:00,2025,3,27,port980,Port Vila,Vanuatu,VUT,0,0,0,0,0,0,0,0,0,0,0,0,0,0,0,0,0,0,0,0,0
2025-03-26 00:00:00+00:00,2025,3,26,port669,Luganville,Vanuatu,VUT,0,0,0,0,0,0,0,0,0,0,0,0,0,0,0,0,0,0,0,0,0
2025-03-26 00:00:00+00:00,2025,3,26,port980,Port Vila,Vanuatu,VUT,0,0,0,0,0,0,0,0,0,0,0,0,0,0,0,0,0,0,0,0,0
2025-03-25 00:00:00+00:00,2025,3,25,port669,Luganville,Vanuatu,VUT,0,0,0,0,0,0,0,0,0,0,0,0,0,0,0,0,0,0,0,0,0
2025-03-25 00:00:00+00:00,2025,3,25,port980,Port Vila,Vanuatu,VUT,0,0,0,0,0,0,0,0,0,0,0,0,0,0,0,0,0,0,0,0,0
2025-03-24 00:00:00+00:00,2025,3,24,port669,Luganville,Vanuatu,VUT,0,0,0,0,0,0,0,0,0,0,0,0,0,0,0,0,0,0,0,0,0
2025-03-24 00:00:00+00:00,2025,3,24,port980,Port Vila,Vanuatu,VUT,0,0,0,0,0,0,0,0,0,0,0,0,0,0,0,0,0,0,0,0,0
2025-03-23 00:00:00+00:00,2025,3,23,port669,Luganville,Vanuatu,VUT,0,0,0,0,0,0,0,0,0,0,0,0,0,0,0,0,0,0,0,0,0
2025-03-23 00:00:00+00:00,2025,3,23,port980,Port Vila,Vanuatu,VUT,2,0,0,0,0,2,2,1737,0,0,0,0,1737,1737,315,0,0,0,0,315,315
2025-03-22 00:00:00+00:00,2025,3,22,port669,Luganville,Vanuatu,VUT,0,0,0,0,0,0,0,0,0,0,0,0,0,0,0,0,0,0,0,0,0
2025-03-22 00:00:00+00:00,2025,3,22,port980,Port Vila,Vanuatu,VUT,0,0,0,0,1,0,1,0,0,0,0,31322,0,31322,0,0,0,0,0,0,0
2025-03-21 00:00:00+00:00,2025,3,21,port669,Luganville,Vanuatu,VUT,0,0,0,0,0,0,0,0,0,0,0,0,0,0,0,0,0,0,0,0,0
2025-03-21 00:00:00+00:00,2025,3,21,port980,Port Vila,Vanuatu,VUT,0,0,1,0,0,1,1,0,0,0,0,0,0,0,0,0,0,0,0,0,0
2025-03-20 00:00:00+00:00,2025,3,20,port669,Luganville,Vanuatu,VUT,0,0,0,0,0,0,0,0,0,0,0,0,0,0,0,0,0,0,0,0,0
2025-03-20 00:00:00+00:00,2025,3,20,port980,Port Vila,Vanuatu,VUT,0,0,0,0,0,0,0,0,0,0,0,0,0,0,0,0,0,0,0,0,0
2025-03-19 00:00:00+00:00,2025,3,19,port669,Luganville,Vanuatu,VUT,0,0,0,0,0,0,0,0,0,0,0,0,0,0,0,0,0,0,0,0,0
2025-03-19 00:00:00+00:00,2025,3,19,port980,Port Vila,Vanuatu,VUT,0,0,0,0,0,0,0,0,0,0,0,0,0,0,0,0,0,0,0,0,0
2025-03-18 00:00:00+00:00,2025,3,18,port669,Luganville,Vanuatu,VUT,0,0,0,0,0,0,0,0,0,0,0,0,0,0,0,0,0,0,0,0,0
2025-03-18 00:00:00+00:00,2025,3,18,port980,Port Vila,Vanuatu,VUT,0,0,0,0,1,0,1,0,0,0,0,311,0,311,0,0,0,0,175,0,175
2025-03-17 00:00:00+00:00,2025,3,17,port669,Luganville,Vanuatu,VUT,0,0,0,0,0,0,0,0,0,0,0,0,0,0,0,0,0,0,0,0,0
2025-03-17 00:00:00+00:00,2025,3,17,port980,Port Vila,Vanuatu,VUT,0,0,0,0,0,0,0,0,0,0,0,0,0,0,0,0,0,0,0,0,0
2025-03-16 00:00:00+00:00,2025,3,16,port669,Luganville,Vanuatu,VUT,0,0,1,0,0,1,1,0,0,734,0,0,734,734,0,0,0,0,0,0,0
2025-03-16 00:00:00+00:00,2025,3,16,port980,Port Vila,Vanuatu,VUT,0,0,0,0,0,0,0,0,0,0,0,0,0,0,0,0,0,0,0,0,0
2025-03-15 00:00:00+00:00,2025,3,15,port669,Luganville,Vanuatu,VUT,0,0,0,0,0,0,0,0,0,0,0,0,0,0,0,0,0,0,0,0,0
2025-03-15 00:00:00+00:00,2025,3,15,port980,Port Vila,Vanuatu,VUT,0,0,0,0,0,0,0,0,0,0,0,0,0,0,0,0,0,0,0,0,0
2025-03-14 00:00:00+00:00,2025,3,14,port669,Luganville,Vanuatu,VUT,0,0,0,0,1,0,1,0,0,0,0,2090,0,2090,0,0,0,0,0,0,0
2025-03-14 00:00:00+00:00,2025,3,14,port980,Port Vila,Vanuatu,VUT,0,0,0,0,0,0,0,0,0,0,0,0,0,0,0,0,0,0,0,0,0
2025-03-13 00:00:00+00:00,2025,3,13,port669,Luganville,Vanuatu,VUT,0,0,0,0,0,0,0,0,0,0,0,0,0,0,0,0,0,0,0,0,0
2025-03-13 00:00:00+00:00,2025,3,13,port980,Port Vila,Vanuatu,VUT,0,0,0,0,0,0,0,0,0,0,0,0,0,0,0,0,0,0,0,0,0
2025-03-12 00:00:00+00:00,2025,3,12,port669,Luganville,Vanuatu,VUT,0,0,0,0,0,0,0,0,0,0,0,0,0,0,0,0,0,0,0,0,0
2025-03-12 00:00:00+00:00,2025,3,12,port980,Port Vila,Vanuatu,VUT,0,0,0,0,0,0,0,0,0,0,0,0,0,0,0,0,0,0,0,0,0
2025-03-11 00:00:00+00:00,2025,3,11,port669,Luganville,Vanuatu,VUT,0,0,0,0,0,0,0,0,0,0,0,0,0,0,0,0,0,0,0,0,0
2025-03-11 00:00:00+00:00,2025,3,11,port980,Port Vila,Vanuatu,VUT,2,0,1,0,0,3,3,1977,0,0,0,0,1977,1977,377,0,0,0,0,377,377
2025-03-10 00:00:00+00:00,2025,3,10,port669,Luganville,Vanuatu,VUT,0,0,0,0,0,0,0,0,0,0,0,0,0,0,0,0,0,0,0,0,0
2025-03-10 00:00:00+00:00,2025,3,10,port980,Port Vila,Vanuatu,VUT,0,0,0,0,0,0,0,0,0,0,0,0,0,0,0,0,0,0,0,0,0
2025-03-09 00:00:00+00:00,2025,3,9,port669,Luganville,Vanuatu,VUT,1,0,0,0,0,1,1,828,0,0,0,0,828,828,146,0,0,0,0,146,146
2025-03-09 00:00:00+00:00,2025,3,9,port980,Port Vila,Vanuatu,VUT,1,0,0,0,0,1,1,990,0,0,0,0,990,990,0,0,0,0,0,0,0
2025-03-08 00:00:00+00:00,2025,3,8,port669,Luganville,Vanuatu,VUT,0,0,0,0,0,0,0,0,0,0,0,0,0,0,0,0,0,0,0,0,0
2025-03-08 00:00:00+00:00,2025,3,8,port980,Port Vila,Vanuatu,VUT,0,0,0,0,0,0,0,0,0,0,0,0,0,0,0,0,0,0,0,0,0
2025-03-07 00:00:00+00:00,2025,3,7,port669,Luganville,Vanuatu,VUT,0,0,0,0,0,0,0,0,0,0,0,0,0,0,0,0,0,0,0,0,0
2025-03-07 00:00:00+00:00,2025,3,7,port980,Port Vila,Vanuatu,VUT,0,0,0,0,0,0,0,0,0,0,0,0,0,0,0,0,0,0,0,0,0
2025-03-06 00:00:00+00:00,2025,3,6,port669,Luganville,Vanuatu,VUT,0,0,0,0,0,0,0,0,0,0,0,0,0,0,0,0,0,0,0,0,0
2025-03-06 00:00:00+00:00,2025,3,6,port980,Port Vila,Vanuatu,VUT,0,0,0,0,0,0,0,0,0,0,0,0,0,0,0,0,0,0,0,0,0
2025-03-05 00:00:00+00:00,2025,3,5,port669,Luganville,Vanuatu,VUT,0,0,0,0,0,0,0,0,0,0,0,0,0,0,0,0,0,0,0,0,0
2025-03-05 00:00:00+00:00,2025,3,5,port980,Port Vila,Vanuatu,VUT,0,0,1,0,0,1,1,0,0,0,0,0,0,0,0,0,0,0,0,0,0
2025-03-04 00:00:00+00:00,2025,3,4,port669,Luganville,Vanuatu,VUT,0,0,0,0,0,0,0,0,0,0,0,0,0,0,0,0,0,0,0,0,0
2025-03-04 00:00:00+00:00,2025,3,4,port980,Port Vila,Vanuatu,VUT,0,0,0,0,0,0,0,0,0,0,0,0,0,0,0,0,0,0,0,0,0
2025-03-03 00:00:00+00:00,2025,3,3,port669,Luganville,Vanuatu,VUT,0,0,0,0,0,0,0,0,0,0,0,0,0,0,0,0,0,0,0,0,0
2025-03-03 00:00:00+00:00,2025,3,3,port980,Port Vila,Vanuatu,VUT,0,0,1,0,0,1,1,0,0,635,0,0,635,635,0,0,0,0,0,0,0
2025-03-02 00:00:00+00:00,2025,3,2,port669,Luganville,Vanuatu,VUT,0,0,0,0,0,0,0,0,0,0,0,0,0,0,0,0,0,0,0,0,0
2025-03-02 00:00:00+00:00,2025,3,2,port980,Port Vila,Vanuatu,VUT,0,0,0,0,0,0,0,0,0,0,0,0,0,0,0,0,0,0,0,0,0
2025-03-01 00:00:00+00:00,2025,3,1,port669,Luganville,Vanuatu,VUT,0,0,0,0,0,0,0,0,0,0,0,0,0,0,0,0,0,0,0,0,0
2025-03-01 00:00:00+00:00,2025,3,1,port980,Port Vila,Vanuatu,VUT,0,0,0,0,0,0,0,0,0,0,0,0,0,0,0,0,0,0,0,0,0
2025-02-28 00:00:00+00:00,2025,2,28,port669,Luganville,Vanuatu,VUT,0,0,0,0,0,0,0,0,0,0,0,0,0,0,0,0,0,0,0,0,0
2025-02-28 00:00:00+00:00,2025,2,28,port980,Port Vila,Vanuatu,VUT,0,0,0,0,0,0,0,0,0,0,0,0,0,0,0,0,0,0,0,0,0
2025-02-27 00:00:00+00:00,2025,2,27,port669,Luganville,Vanuatu,VUT,0,0,0,0,0,0,0,0,0,0,0,0,0,0,0,0,0,0,0,0,0
2025-02-27 00:00:00+00:00,2025,2,27,port980,Port Vila,Vanuatu,VUT,0,0,0,0,0,0,0,0,0,0,0,0,0,0,0,0,0,0,0,0,0
2025-02-26 00:00:00+00:00,2025,2,26,port669,Luganville,Vanuatu,VUT,0,0,0,0,0,0,0,0,0,0,0,0,0,0,0,0,0,0,0,0,0
2025-02-26 00:00:00+00:00,2025,2,26,port980,Port Vila,Vanuatu,VUT,0,0,0,0,0,0,0,0,0,0,0,0,0,0,0,0,0,0,0,0,0
2025-02-25 00:00:00+00:00,2025,2,25,port669,Luganville,Vanuatu,VUT,0,0,0,0,0,0,0,0,0,0,0,0,0,0,0,0,0,0,0,0,0
2025-02-25 00:00:00+00:00,2025,2,25,port980,Port Vila,Vanuatu,VUT,0,0,0,0,0,0,0,0,0,0,0,0,0,0,0,0,0,0,0,0,0
2025-02-24 00:00:00+00:00,2025,2,24,port669,Luganville,Vanuatu,VUT,1,0,0,0,0,1,1,0,0,0,0,0,0,0,878,0,0,0,0,878,878
2025-02-24 00:00:00+00:00,2025,2,24,port980,Port Vila,Vanuatu,VUT,0,0,0,0,0,0,0,0,0,0,0,0,0,0,0,0,0,0,0,0,0
2025-02-23 00:00:00+00:00,2025,2,23,port669,Luganville,Vanuatu,VUT,0,0,0,0,0,0,0,0,0,0,0,0,0,0,0,0,0,0,0,0,0
2025-02-23 00:00:00+00:00,2025,2,23,port980,Port Vila,Vanuatu,VUT,0,0,0,0,0,0,0,0,0,0,0,0,0,0,0,0,0,0,0,0,0
2025-02-22 00:00:00+00:00,2025,2,22,port669,Luganville,Vanuatu,VUT,0,0,0,0,0,0,0,0,0,0,0,0,0,0,0,0,0,0,0,0,0
2025-02-22 00:00:00+00:00,2025,2,22,port980,Port Vila,Vanuatu,VUT,0,0,0,0,1,0,1,0,0,0,0,29663,0,29663,0,0,0,0,0,0,0
2025-02-21 00:00:00+00:00,2025,2,21,port669,Luganville,Vanuatu,VUT,0,0,0,0,0,0,0,0,0,0,0,0,0,0,0,0,0,0,0,0,0
2025-02-21 00:00:00+00:00,2025,2,21,port980,Port Vila,Vanuatu,VUT,0,0,0,0,0,0,0,0,0,0,0,0,0,0,0,0,0,0,0,0,0
2025-02-20 00:00:00+00:00,2025,2,20,port669,Luganville,Vanuatu,VUT,0,0,0,0,0,0,0,0,0,0,0,0,0,0,0,0,0,0,0,0,0
2025-02-20 00:00:00+00:00,2025,2,20,port980,Port Vila,Vanuatu,VUT,1,0,0,0,0,1,1,439,0,0,0,0,439,439,0,0,0,0,0,0,0
2025-02-19 00:00:00+00:00,2025,2,19,port669,Luganville,Vanuatu,VUT,0,0,0,0,0,0,0,0,0,0,0,0,0,0,0,0,0,0,0,0,0
2025-02-19 00:00:00+00:00,2025,2,19,port980,Port Vila,Vanuatu,VUT,0,0,0,0,1,0,1,0,0,0,0,0,0,0,0,0,0,0,0,0,0
2025-02-18 00:00:00+00:00,2025,2,18,port669,Luganville,Vanuatu,VUT,0,0,0,0,0,0,0,0,0,0,0,0,0,0,0,0,0,0,0,0,0
2025-02-18 00:00:00+00:00,2025,2,18,port980,Port Vila,Vanuatu,VUT,1,0,0,0,0,1,1,756,0,0,0,0,756,756,0,0,0,0,0,0,0
2025-02-17 00:00:00+00:00,2025,2,17,port669,Luganville,Vanuatu,VUT,0,0,0,0,0,0,0,0,0,0,0,0,0,0,0,0,0,0,0,0,0
2025-02-17 00:00:00+00:00,2025,2,17,port980,Port Vila,Vanuatu,VUT,0,0,0,0,0,0,0,0,0,0,0,0,0,0,0,0,0,0,0,0,0
2025-02-16 00:00:00+00:00,2025,2,16,port669,Luganville,Vanuatu,VUT,1,0,0,0,0,1,1,378,0,0,0,0,378,378,0,0,0,0,0,0,0
2025-02-16 00:00:00+00:00,2025,2,16,port980,Port Vila,Vanuatu,VUT,0,0,0,0,0,0,0,0,0,0,0,0,0,0,0,0,0,0,0,0,0
2025-02-15 00:00:00+00:00,2025,2,15,port669,Luganville,Vanuatu,VUT,0,0,0,0,0,0,0,0,0,0,0,0,0,0,0,0,0,0,0,0,0
2025-02-15 00:00:00+00:00,2025,2,15,port980,Port Vila,Vanuatu,VUT,0,0,0,0,0,0,0,0,0,0,0,0,0,0,0,0,0,0,0,0,0
2025-02-14 00:00:00+00:00,2025,2,14,port669,Luganville,Vanuatu,VUT,0,0,0,0,0,0,0,0,0,0,0,0,0,0,0,0,0,0,0,0,0
2025-02-14 00:00:00+00:00,2025,2,14,port980,Port Vila,Vanuatu,VUT,0,0,0,0,0,0,0,0,0,0,0,0,0,0,0,0,0,0,0,0,0
2025-02-13 00:00:00+00:00,2025,2,13,port669,Luganville,Vanuatu,VUT,0,0,0,0,0,0,0,0,0,0,0,0,0,0,0,0,0,0,0,0,0
2025-02-13 00:00:00+00:00,2025,2,13,port980,Port Vila,Vanuatu,VUT,0,0,0,0,0,0,0,0,0,0,0,0,0,0,0,0,0,0,0,0,0
2025-02-12 00:00:00+00:00,2025,2,12,port669,Luganville,Vanuatu,VUT,0,0,0,0,0,0,0,0,0,0,0,0,0,0,0,0,0,0,0,0,0
2025-02-12 00:00:00+00:00,2025,2,12,port980,Port Vila,Vanuatu,VUT,0,0,0,0,0,0,0,0,0,0,0,0,0,0,0,0,0,0,0,0,0
2025-02-11 00:00:00+00:00,2025,2,11,port669,Luganville,Vanuatu,VUT,0,0,0,0,0,0,0,0,0,0,0,0,0,0,0,0,0,0,0,0,0
2025-02-11 00:00:00+00:00,2025,2,11,port980,Port Vila,Vanuatu,VUT,0,0,0,0,0,0,0,0,0,0,0,0,0,0,0,0,0,0,0,0,0
2025-02-10 00:00:00+00:00,2025,2,10,port669,Luganville,Vanuatu,VUT,0,0,0,0,0,0,0,0,0,0,0,0,0,0,0,0,0,0,0,0,0
2025-02-10 00:00:00+00:00,2025,2,10,port980,Port Vila,Vanuatu,VUT,0,0,0,0,0,0,0,0,0,0,0,0,0,0,0,0,0,0,0,0,0
2025-02-09 00:00:00+00:00,2025,2,9,port669,Luganville,Vanuatu,VUT,0,0,0,0,0,0,0,0,0,0,0,0,0,0,0,0,0,0,0,0,0
2025-02-09 00:00:00+00:00,2025,2,9,port980,Port Vila,Vanuatu,VUT,0,0,0,0,0,0,0,0,0,0,0,0,0,0,0,0,0,0,0,0,0
2025-02-08 00:00:00+00:00,2025,2,8,port669,Luganville,Vanuatu,VUT,0,0,0,0,0,0,0,0,0,0,0,0,0,0,0,0,0,0,0,0,0
2025-02-08 00:00:00+00:00,2025,2,8,port980,Port Vila,Vanuatu,VUT,0,0,0,0,0,0,0,0,0,0,0,0,0,0,0,0,0,0,0,0,0
2025-02-07 00:00:00+00:00,2025,2,7,port669,Luganville,Vanuatu,VUT,0,0,0,0,0,0,0,0,0,0,0,0,0,0,0,0,0,0,0,0,0
2025-02-07 00:00:00+00:00,2025,2,7,port980,Port Vila,Vanuatu,VUT,0,0,0,0,0,0,0,0,0,0,0,0,0,0,0,0,0,0,0,0,0
2025-02-06 00:00:00+00:00,2025,2,6,port669,Luganville,Vanuatu,VUT,0,0,1,0,0,1,1,0,0,572,0,0,572,572,0,0,0,0,0,0,0
2025-02-06 00:00:00+00:00,2025,2,6,port980,Port Vila,Vanuatu,VUT,0,0,0,0,0,0,0,0,0,0,0,0,0,0,0,0,0,0,0,0,0
2025-02-05 00:00:00+00:00,2025,2,5,port669,Luganville,Vanuatu,VUT,0,0,0,0,0,0,0,0,0,0,0,0,0,0,0,0,0,0,0,0,0
2025-02-05 00:00:00+00:00,2025,2,5,port980,Port Vila,Vanuatu,VUT,1,0,0,0,0,1,1,3300,0,0,0,0,3300,3300,0,0,0,0,0,0,0
2025-02-04 00:00:00+00:00,2025,2,4,port669,Luganville,Vanuatu,VUT,0,0,0,0,0,0,0,0,0,0,0,0,0,0,0,0,0,0,0,0,0
2025-02-04 00:00:00+00:00,2025,2,4,port980,Port Vila,Vanuatu,VUT,0,0,0,0,0,0,0,0,0,0,0,0,0,0,0,0,0,0,0,0,0
2025-02-03 00:00:00+00:00,2025,2,3,port669,Luganville,Vanuatu,VUT,0,0,0,0,0,0,0,0,0,0,0,0,0,0,0,0,0,0,0,0,0
2025-02-03 00:00:00+00:00,2025,2,3,port980,Port Vila,Vanuatu,VUT,0,0,0,0,0,0,0,0,0,0,0,0,0,0,0,0,0,0,0,0,0
2025-02-02 00:00:00+00:00,2025,2,2,port669,Luganville,Vanuatu,VUT,0,0,0,0,0,0,0,0,0,0,0,0,0,0,0,0,0,0,0,0,0
2025-02-02 00:00:00+00:00,2025,2,2,port980,Port Vila,Vanuatu,VUT,1,0,0,0,0,1,1,1588,0,0,0,0,1588,1588,0,0,0,0,0,0,0
2025-02-01 00:00:00+00:00,2025,2,1,port669,Luganville,Vanuatu,VUT,0,0,0,0,0,0,0,0,0,0,0,0,0,0,0,0,0,0,0,0,0
2025-02-01 00:00:00+00:00,2025,2,1,port980,Port Vila,Vanuatu,VUT,0,0,0,0,0,0,0,0,0,0,0,0,0,0,0,0,0,0,0,0,0
2025-01-31 00:00:00+00:00,2025,1,31,port669,Luganville,Vanuatu,VUT,1,0,0,0,0,1,1,638,0,0,0,0,638,638,0,0,0,0,0,0,0
2025-01-31 00:00:00+00:00,2025,1,31,port980,Port Vila,Vanuatu,VUT,1,0,0,0,0,1,1,1032,0,0,0,0,1032,1032,377,0,0,0,0,377,377
2025-01-30 00:00:00+00:00,2025,1,30,port669,Luganville,Vanuatu,VUT,0,0,0,0,0,0,0,0,0,0,0,0,0,0,0,0,0,0,0,0,0
2025-01-30 00:00:00+00:00,2025,1,30,port980,Port Vila,Vanuatu,VUT,0,0,1,0,0,1,1,0,0,832,0,0,832,832,0,0,183,0,0,183,183
2025-01-29 00:00:00+00:00,2025,1,29,port669,Luganville,Vanuatu,VUT,0,0,0,0,0,0,0,0,0,0,0,0,0,0,0,0,0,0,0,0,0
2025-01-29 00:00:00+00:00,2025,1,29,port980,Port Vila,Vanuatu,VUT,0,0,0,0,0,0,0,0,0,0,0,0,0,0,0,0,0,0,0,0,0
2025-01-28 00:00:00+00:00,2025,1,28,port669,Luganville,Vanuatu,VUT,0,0,1,0,0,1,1,0,0,1268,0,0,1268,1268,0,0,0,0,0,0,0
2025-01-28 00:00:00+00:00,2025,1,28,port980,Port Vila,Vanuatu,VUT,1,0,0,0,0,1,1,1240,0,0,0,0,1240,1240,125,0,0,0,0,125,125
2025-01-27 00:00:00+00:00,2025,1,27,port669,Luganville,Vanuatu,VUT,1,0,0,0,0,1,1,828,0,0,0,0,828,828,146,0,0,0,0,146,146
2025-01-27 00:00:00+00:00,2025,1,27,port980,Port Vila,Vanuatu,VUT,0,0,0,0,0,0,0,0,0,0,0,0,0,0,0,0,0,0,0,0,0
2025-01-26 00:00:00+00:00,2025,1,26,port669,Luganville,Vanuatu,VUT,0,0,0,0,0,0,0,0,0,0,0,0,0,0,0,0,0,0,0,0,0
2025-01-26 00:00:00+00:00,2025,1,26,port980,Port Vila,Vanuatu,VUT,0,0,0,0,0,0,0,0,0,0,0,0,0,0,0,0,0,0,0,0,0
2025-01-25 00:00:00+00:00,2025,1,25,port669,Luganville,Vanuatu,VUT,0,0,0,0,0,0,0,0,0,0,0,0,0,0,0,0,0,0,0,0,0
2025-01-25 00:00:00+00:00,2025,1,25,port980,Port Vila,Vanuatu,VUT,0,0,0,0,0,0,0,0,0,0,0,0,0,0,0,0,0,0,0,0,0
2025-01-24 00:00:00+00:00,2025,1,24,port669,Luganville,Vanuatu,VUT,0,0,0,0,0,0,0,0,0,0,0,0,0,0,0,0,0,0,0,0,0
2025-01-24 00:00:00+00:00,2025,1,24,port980,Port Vila,Vanuatu,VUT,1,0,1,0,0,2,2,318,0,583,0,0,901,901,0,0,0,0,0,0,0
2025-01-23 00:00:00+00:00,2025,1,23,port669,Luganville,Vanuatu,VUT,0,0,0,0,0,0,0,0,0,0,0,0,0,0,0,0,0,0,0,0,0
2025-01-23 00:00:00+00:00,2025,1,23,port980,Port Vila,Vanuatu,VUT,0,0,0,0,0,0,0,0,0,0,0,0,0,0,0,0,0,0,0,0,0
2025-01-22 00:00:00+00:00,2025,1,22,port669,Luganville,Vanuatu,VUT,0,0,0,0,0,0,0,0,0,0,0,0,0,0,0,0,0,0,0,0,0
2025-01-22 00:00:00+00:00,2025,1,22,port980,Port Vila,Vanuatu,VUT,0,0,0,0,0,0,0,0,0,0,0,0,0,0,0,0,0,0,0,0,0
2025-01-21 00:00:00+00:00,2025,1,21,port669,Luganville,Vanuatu,VUT,0,0,0,0,0,0,0,0,0,0,0,0,0,0,0,0,0,0,0,0,0
2025-01-21 00:00:00+00:00,2025,1,21,port980,Port Vila,Vanuatu,VUT,0,0,0,0,0,0,0,0,0,0,0,0,0,0,0,0,0,0,0,0,0
2025-01-20 00:00:00+00:00,2025,1,20,port669,Luganville,Vanuatu,VUT,0,0,0,0,0,0,0,0,0,0,0,0,0,0,0,0,0,0,0,0,0
2025-01-20 00:00:00+00:00,2025,1,20,port980,Port Vila,Vanuatu,VUT,0,0,0,0,0,0,0,0,0,0,0,0,0,0,0,0,0,0,0,0,0
2025-01-19 00:00:00+00:00,2025,1,19,port669,Luganville,Vanuatu,VUT,1,0,0,0,0,1,1,1743,0,0,0,0,1743,1743,0,0,0,0,0,0,0
2025-01-19 00:00:00+00:00,2025,1,19,port980,Port Vila,Vanuatu,VUT,1,0,0,0,0,1,1,2628,0,0,0,0,2628,2628,0,0,0,0,0,0,0
2025-01-18 00:00:00+00:00,2025,1,18,port669,Luganville,Vanuatu,VUT,0,0,0,0,0,0,0,0,0,0,0,0,0,0,0,0,0,0,0,0,0
2025-01-18 00:00:00+00:00,2025,1,18,port980,Port Vila,Vanuatu,VUT,0,0,0,0,0,0,0,0,0,0,0,0,0,0,0,0,0,0,0,0,0
2025-01-17 00:00:00+00:00,2025,1,17,port669,Luganville,Vanuatu,VUT,0,0,0,0,0,0,0,0,0,0,0,0,0,0,0,0,0,0,0,0,0
2025-01-17 00:00:00+00:00,2025,1,17,port980,Port Vila,Vanuatu,VUT,0,0,0,0,0,0,0,0,0,0,0,0,0,0,0,0,0,0,0,0,0
2025-01-16 00:00:00+00:00,2025,1,16,port669,Luganville,Vanuatu,VUT,0,0,0,0,0,0,0,0,0,0,0,0,0,0,0,0,0,0,0,0,0
2025-01-16 00:00:00+00:00,2025,1,16,port980,Port Vila,Vanuatu,VUT,0,0,0,0,0,0,0,0,0,0,0,0,0,0,0,0,0,0,0,0,0
2025-01-15 00:00:00+00:00,2025,1,15,port669,Luganville,Vanuatu,VUT,0,0,0,0,0,0,0,0,0,0,0,0,0,0,0,0,0,0,0,0,0
2025-01-15 00:00:00+00:00,2025,1,15,port980,Port Vila,Vanuatu,VUT,0,0,0,0,0,0,0,0,0,0,0,0,0,0,0,0,0,0,0,0,0
2025-01-14 00:00:00+00:00,2025,1,14,port669,Luganville,Vanuatu,VUT,0,0,0,0,0,0,0,0,0,0,0,0,0,0,0,0,0,0,0,0,0
2025-01-14 00:00:00+00:00,2025,1,14,port980,Port Vila,Vanuatu,VUT,0,0,0,0,0,0,0,0,0,0,0,0,0,0,0,0,0,0,0,0,0
2025-01-13 00:00:00+00:00,2025,1,13,port669,Luganville,Vanuatu,VUT,0,0,0,0,0,0,0,0,0,0,0,0,0,0,0,0,0,0,0,0,0
2025-01-13 00:00:00+00:00,2025,1,13,port980,Port Vila,Vanuatu,VUT,0,0,0,0,0,0,0,0,0,0,0,0,0,0,0,0,0,0,0,0,0
2025-01-12 00:00:00+00:00,2025,1,12,port669,Luganville,Vanuatu,VUT,0,0,0,0,0,0,0,0,0,0,0,0,0,0,0,0,0,0,0,0,0
2025-01-12 00:00:00+00:00,2025,1,12,port980,Port Vila,Vanuatu,VUT,1,0,0,0,1,1,2,4499,0,0,0,477,4499,4977,0,0,0,0,0,0,0
2025-01-11 00:00:00+00:00,2025,1,11,port669,Luganville,Vanuatu,VUT,0,0,0,0,0,0,0,0,0,0,0,0,0,0,0,0,0,0,0,0,0
2025-01-11 00:00:00+00:00,2025,1,11,port980,Port Vila,Vanuatu,VUT,0,0,0,0,1,0,1,0,0,0,0,32223,0,32223,0,0,0,0,0,0,0
2025-01-10 00:00:00+00:00,2025,1,10,port669,Luganville,Vanuatu,VUT,0,0,0,0,1,0,1,0,0,0,0,2084,0,2084,0,0,0,0,0,0,0
2025-01-10 00:00:00+00:00,2025,1,10,port980,Port Vila,Vanuatu,VUT,0,0,0,0,0,0,0,0,0,0,0,0,0,0,0,0,0,0,0,0,0
2025-01-09 00:00:00+00:00,2025,1,9,port669,Luganville,Vanuatu,VUT,1,0,0,0,0,1,1,828,0,0,0,0,828,828,146,0,0,0,0,146,146
2025-01-09 00:00:00+00:00,2025,1,9,port980,Port Vila,Vanuatu,VUT,1,0,0,0,0,1,1,1649,0,0,0,0,1649,1649,0,0,0,0,0,0,0
2025-01-08 00:00:00+00:00,2025,1,8,port669,Luganville,Vanuatu,VUT,0,0,0,0,0,0,0,0,0,0,0,0,0,0,0,0,0,0,0,0,0
2025-01-08 00:00:00+00:00,2025,1,8,port980,Port Vila,Vanuatu,VUT,0,0,0,0,0,0,0,0,0,0,0,0,0,0,0,0,0,0,0,0,0
2025-01-07 00:00:00+00:00,2025,1,7,port669,Luganville,Vanuatu,VUT,0,0,0,0,0,0,0,0,0,0,0,0,0,0,0,0,0,0,0,0,0
2025-01-07 00:00:00+00:00,2025,1,7,port980,Port Vila,Vanuatu,VUT,0,0,0,0,0,0,0,0,0,0,0,0,0,0,0,0,0,0,0,0,0
2025-01-06 00:00:00+00:00,2025,1,6,port669,Luganville,Vanuatu,VUT,0,0,0,0,0,0,0,0,0,0,0,0,0,0,0,0,0,0,0,0,0
2025-01-06 00:00:00+00:00,2025,1,6,port980,Port Vila,Vanuatu,VUT,0,0,0,0,0,0,0,0,0,0,0,0,0,0,0,0,0,0,0,0,0
2025-01-05 00:00:00+00:00,2025,1,5,port669,Luganville,Vanuatu,VUT,0,0,0,0,0,0,0,0,0,0,0,0,0,0,0,0,0,0,0,0,0
2025-01-05 00:00:00+00:00,2025,1,5,port980,Port Vila,Vanuatu,VUT,0,0,1,0,0,1,1,0,0,832,0,0,832,832,0,0,183,0,0,183,183
2025-01-04 00:00:00+00:00,2025,1,4,port669,Luganville,Vanuatu,VUT,0,0,0,0,0,0,0,0,0,0,0,0,0,0,0,0,0,0,0,0,0
2025-01-04 00:00:00+00:00,2025,1,4,port980,Port Vila,Vanuatu,VUT,0,0,0,0,0,0,0,0,0,0,0,0,0,0,0,0,0,0,0,0,0
2025-01-03 00:00:00+00:00,2025,1,3,port669,Luganville,Vanuatu,VUT,0,0,0,0,0,0,0,0,0,0,0,0,0,0,0,0,0,0,0,0,0
2025-01-03 00:00:00+00:00,2025,1,3,port980,Port Vila,Vanuatu,VUT,0,0,0,0,0,0,0,0,0,0,0,0,0,0,0,0,0,0,0,0,0
2025-01-02 00:00:00+00:00,2025,1,2,port669,Luganville,Vanuatu,VUT,0,0,0,0,0,0,0,0,0,0,0,0,0,0,0,0,0,0,0,0,0
2025-01-02 00:00:00+00:00,2025,1,2,port980,Port Vila,Vanuatu,VUT,0,0,0,0,0,0,0,0,0,0,0,0,0,0,0,0,0,0,0,0,0
2025-01-01 00:00:00+00:00,2025,1,1,port669,Luganville,Vanuatu,VUT,0,0,1,0,0,1,1,0,0,883,0,0,883,883,0,0,314,0,0,314,314
2025-01-01 00:00:00+00:00,2025,1,1,port980,Port Vila,Vanuatu,VUT,1,0,0,0,0,1,1,1221,0,0,0,0,1221,1221,0,0,0,0,0,0,0
2024-12-31 00:00:00+00:00,2024,12,31,port669,Luganville,Vanuatu,VUT,0,0,0,0,0,0,0,0,0,0,0,0,0,0,0,0,0,0,0,0,0
2024-12-31 00:00:00+00:00,2024,12,31,port980,Port Vila,Vanuatu,VUT,0,0,0,0,0,0,0,0,0,0,0,0,0,0,0,0,0,0,0,0,0
2024-12-30 00:00:00+00:00,2024,12,30,port669,Luganville,Vanuatu,VUT,0,0,0,0,0,0,0,0,0,0,0,0,0,0,0,0,0,0,0,0,0
2024-12-30 00:00:00+00:00,2024,12,30,port980,Port Vila,Vanuatu,VUT,0,0,0,0,0,0,0,0,0,0,0,0,0,0,0,0,0,0,0,0,0
2024-12-29 00:00:00+00:00,2024,12,29,port669,Luganville,Vanuatu,VUT,0,0,0,0,0,0,0,0,0,0,0,0,0,0,0,0,0,0,0,0,0
2024-12-29 00:00:00+00:00,2024,12,29,port980,Port Vila,Vanuatu,VUT,0,0,0,0,0,0,0,0,0,0,0,0,0,0,0,0,0,0,0,0,0
2024-12-28 00:00:00+00:00,2024,12,28,port669,Luganville,Vanuatu,VUT,0,0,0,0,0,0,0,0,0,0,0,0,0,0,0,0,0,0,0,0,0
2024-12-28 00:00:00+00:00,2024,12,28,port980,Port Vila,Vanuatu,VUT,0,0,0,0,0,0,0,0,0,0,0,0,0,0,0,0,0,0,0,0,0
2024-12-27 00:00:00+00:00,2024,12,27,port669,Luganville,Vanuatu,VUT,0,0,0,0,0,0,0,0,0,0,0,0,0,0,0,0,0,0,0,0,0
2024-12-27 00:00:00+00:00,2024,12,27,port980,Port Vila,Vanuatu,VUT,0,0,0,0,0,0,0,0,0,0,0,0,0,0,0,0,0,0,0,0,0
2024-12-26 00:00:00+00:00,2024,12,26,port669,Luganville,Vanuatu,VUT,0,0,0,0,0,0,0,0,0,0,0,0,0,0,0,0,0,0,0,0,0
2024-12-26 00:00:00+00:00,2024,12,26,port980,Port Vila,Vanuatu,VUT,1,0,0,0,0,1,1,1240,0,0,0,0,1240,1240,125,0,0,0,0,125,125
2024-12-25 00:00:00+00:00,2024,12,25,port669,Luganville,Vanuatu,VUT,0,0,0,0,0,0,0,0,0,0,0,0,0,0,0,0,0,0,0,0,0
2024-12-25 00:00:00+00:00,2024,12,25,port980,Port Vila,Vanuatu,VUT,0,0,0,0,0,0,0,0,0,0,0,0,0,0,0,0,0,0,0,0,0
2024-12-24 00:00:00+00:00,2024,12,24,port669,Luganville,Vanuatu,VUT,0,0,0,0,0,0,0,0,0,0,0,0,0,0,0,0,0,0,0,0,0
2024-12-24 00:00:00+00:00,2024,12,24,port980,Port Vila,Vanuatu,VUT,0,0,0,0,0,0,0,0,0,0,0,0,0,0,0,0,0,0,0,0,0
2024-12-23 00:00:00+00:00,2024,12,23,port669,Luganville,Vanuatu,VUT,0,0,0,0,0,0,0,0,0,0,0,0,0,0,0,0,0,0,0,0,0
2024-12-23 00:00:00+00:00,2024,12,23,port980,Port Vila,Vanuatu,VUT,0,0,0,0,0,0,0,0,0,0,0,0,0,0,0,0,0,0,0,0,0
2024-12-22 00:00:00+00:00,2024,12,22,port669,Luganville,Vanuatu,VUT,0,0,0,0,0,0,0,0,0,0,0,0,0,0,0,0,0,0,0,0,0
2024-12-22 00:00:00+00:00,2024,12,22,port980,Port Vila,Vanuatu,VUT,0,0,0,0,0,0,0,0,0,0,0,0,0,0,0,0,0,0,0,0,0
2024-12-21 00:00:00+00:00,2024,12,21,port669,Luganville,Vanuatu,VUT,0,0,0,0,0,0,0,0,0,0,0,0,0,0,0,0,0,0,0,0,0
2024-12-21 00:00:00+00:00,2024,12,21,port980,Port Vila,Vanuatu,VUT,0,0,0,0,0,0,0,0,0,0,0,0,0,0,0,0,0,0,0,0,0
2024-12-20 00:00:00+00:00,2024,12,20,port669,Luganville,Vanuatu,VUT,0,0,0,0,0,0,0,0,0,0,0,0,0,0,0,0,0,0,0,0,0
2024-12-20 00:00:00+00:00,2024,12,20,port980,Port Vila,Vanuatu,VUT,0,0,0,0,0,0,0,0,0,0,0,0,0,0,0,0,0,0,0,0,0
2024-12-19 00:00:00+00:00,2024,12,19,port669,Luganville,Vanuatu,VUT,0,0,0,0,0,0,0,0,0,0,0,0,0,0,0,0,0,0,0,0,0
2024-12-19 00:00:00+00:00,2024,12,19,port980,Port Vila,Vanuatu,VUT,1,0,0,0,0,1,1,2817,0,0,0,0,2817,2817,0,0,0,0,0,0,0
2024-12-18 00:00:00+00:00,2024,12,18,port669,Luganville,Vanuatu,VUT,1,0,0,0,0,1,1,1899,0,0,0,0,1899,1899,0,0,0,0,0,0,0
2024-12-18 00:00:00+00:00,2024,12,18,port980,Port Vila,Vanuatu,VUT,0,0,0,0,0,0,0,0,0,0,0,0,0,0,0,0,0,0,0,0,0
2024-12-17 00:00:00+00:00,2024,12,17,port669,Luganville,Vanuatu,VUT,0,0,0,0,0,0,0,0,0,0,0,0,0,0,0,0,0,0,0,0,0
2024-12-17 00:00:00+00:00,2024,12,17,port980,Port Vila,Vanuatu,VUT,0,0,1,0,0,1,1,0,0,0,0,0,0,0,0,0,0,0,0,0,0
2024-12-16 00:00:00+00:00,2024,12,16,port669,Luganville,Vanuatu,VUT,0,0,0,0,0,0,0,0,0,0,0,0,0,0,0,0,0,0,0,0,0
2024-12-16 00:00:00+00:00,2024,12,16,port980,Port Vila,Vanuatu,VUT,0,0,0,0,0,0,0,0,0,0,0,0,0,0,0,0,0,0,0,0,0
2024-12-15 00:00:00+00:00,2024,12,15,port669,Luganville,Vanuatu,VUT,0,0,0,0,0,0,0,0,0,0,0,0,0,0,0,0,0,0,0,0,0
2024-12-15 00:00:00+00:00,2024,12,15,port980,Port Vila,Vanuatu,VUT,1,0,0,0,0,1,1,3041,0,0,0,0,3041,3041,0,0,0,0,0,0,0
2024-12-14 00:00:00+00:00,2024,12,14,port669,Luganville,Vanuatu,VUT,0,0,0,0,0,0,0,0,0,0,0,0,0,0,0,0,0,0,0,0,0
2024-12-14 00:00:00+00:00,2024,12,14,port980,Port Vila,Vanuatu,VUT,0,0,0,0,0,0,0,0,0,0,0,0,0,0,0,0,0,0,0,0,0
2024-12-13 00:00:00+00:00,2024,12,13,port669,Luganville,Vanuatu,VUT,0,0,0,0,0,0,0,0,0,0,0,0,0,0,0,0,0,0,0,0,0
2024-12-13 00:00:00+00:00,2024,12,13,port980,Port Vila,Vanuatu,VUT,1,0,0,0,0,1,1,5299,0,0,0,0,5299,5299,0,0,0,0,0,0,0
2024-12-12 00:00:00+00:00,2024,12,12,port669,Luganville,Vanuatu,VUT,1,0,0,0,0,1,1,427,0,0,0,0,427,427,0,0,0,0,0,0,0
2024-12-12 00:00:00+00:00,2024,12,12,port980,Port Vila,Vanuatu,VUT,0,0,0,0,0,0,0,0,0,0,0,0,0,0,0,0,0,0,0,0,0
2024-12-11 00:00:00+00:00,2024,12,11,port669,Luganville,Vanuatu,VUT,0,0,0,0,0,0,0,0,0,0,0,0,0,0,0,0,0,0,0,0,0
2024-12-11 00:00:00+00:00,2024,12,11,port980,Port Vila,Vanuatu,VUT,0,0,0,0,0,0,0,0,0,0,0,0,0,0,0,0,0,0,0,0,0
2024-12-10 00:00:00+00:00,2024,12,10,port669,Luganville,Vanuatu,VUT,0,0,0,0,0,0,0,0,0,0,0,0,0,0,0,0,0,0,0,0,0
2024-12-10 00:00:00+00:00,2024,12,10,port980,Port Vila,Vanuatu,VUT,0,0,0,0,0,0,0,0,0,0,0,0,0,0,0,0,0,0,0,0,0
2024-12-09 00:00:00+00:00,2024,12,9,port669,Luganville,Vanuatu,VUT,0,0,0,0,0,0,0,0,0,0,0,0,0,0,0,0,0,0,0,0,0
2024-12-09 00:00:00+00:00,2024,12,9,port980,Port Vila,Vanuatu,VUT,0,0,0,0,0,0,0,0,0,0,0,0,0,0,0,0,0,0,0,0,0
2024-12-08 00:00:00+00:00,2024,12,8,port669,Luganville,Vanuatu,VUT,0,0,0,0,0,0,0,0,0,0,0,0,0,0,0,0,0,0,0,0,0
2024-12-08 00:00:00+00:00,2024,12,8,port980,Port Vila,Vanuatu,VUT,0,0,0,0,0,0,0,0,0,0,0,0,0,0,0,0,0,0,0,0,0
2024-12-07 00:00:00+00:00,2024,12,7,port669,Luganville,Vanuatu,VUT,0,0,0,0,0,0,0,0,0,0,0,0,0,0,0,0,0,0,0,0,0
2024-12-07 00:00:00+00:00,2024,12,7,port980,Port Vila,Vanuatu,VUT,0,0,1,0,0,1,1,0,0,375,0,0,375,375,0,0,0,0,0,0,0
2024-12-06 00:00:00+00:00,2024,12,6,port669,Luganville,Vanuatu,VUT,0,0,0,0,0,0,0,0,0,0,0,0,0,0,0,0,0,0,0,0,0
2024-12-06 00:00:00+00:00,2024,12,6,port980,Port Vila,Vanuatu,VUT,0,0,0,0,0,0,0,0,0,0,0,0,0,0,0,0,0,0,0,0,0
2024-12-05 00:00:00+00:00,2024,12,5,port669,Luganville,Vanuatu,VUT,0,0,0,0,0,0,0,0,0,0,0,0,0,0,0,0,0,0,0,0,0
2024-12-05 00:00:00+00:00,2024,12,5,port980,Port Vila,Vanuatu,VUT,0,0,1,0,0,1,1,0,0,0,0,0,0,0,0,0,0,0,0,0,0
2024-12-04 00:00:00+00:00,2024,12,4,port669,Luganville,Vanuatu,VUT,0,0,1,0,0,1,1,0,0,883,0,0,883,883,0,0,314,0,0,314,314
2024-12-04 00:00:00+00:00,2024,12,4,port980,Port Vila,Vanuatu,VUT,0,0,0,0,0,0,0,0,0,0,0,0,0,0,0,0,0,0,0,0,0
2024-12-03 00:00:00+00:00,2024,12,3,port669,Luganville,Vanuatu,VUT,0,0,0,0,0,0,0,0,0,0,0,0,0,0,0,0,0,0,0,0,0
2024-12-03 00:00:00+00:00,2024,12,3,port980,Port Vila,Vanuatu,VUT,0,0,1,0,1,1,2,0,0,832,0,311,832,1144,0,0,183,0,175,183,358
2024-12-02 00:00:00+00:00,2024,12,2,port669,Luganville,Vanuatu,VUT,1,0,0,0,0,1,1,161,0,0,0,0,161,161,0,0,0,0,0,0,0
2024-12-02 00:00:00+00:00,2024,12,2,port980,Port Vila,Vanuatu,VUT,1,0,1,0,1,2,3,0,0,0,0,0,0,0,379,0,0,0,0,379,379
2024-12-01 00:00:00+00:00,2024,12,1,port669,Luganville,Vanuatu,VUT,0,0,0,0,0,0,0,0,0,0,0,0,0,0,0,0,0,0,0,0,0
2024-12-01 00:00:00+00:00,2024,12,1,port980,Port Vila,Vanuatu,VUT,0,0,0,0,0,0,0,0,0,0,0,0,0,0,0,0,0,0,0,0,0
2024-11-30 00:00:00+00:00,2024,11,30,port669,Luganville,Vanuatu,VUT,0,0,0,0,0,0,0,0,0,0,0,0,0,0,0,0,0,0,0,0,0
2024-11-30 00:00:00+00:00,2024,11,30,port980,Port Vila,Vanuatu,VUT,1,0,0,0,0,1,1,2720,0,0,0,0,2720,2720,0,0,0,0,0,0,0
2024-11-29 00:00:00+00:00,2024,11,29,port669,Luganville,Vanuatu,VUT,1,0,0,0,0,1,1,828,0,0,0,0,828,828,146,0,0,0,0,146,146
2024-11-29 00:00:00+00:00,2024,11,29,port980,Port Vila,Vanuatu,VUT,0,0,1,0,0,1,1,0,0,633,0,0,633,633,0,0,0,0,0,0,0
2024-11-28 00:00:00+00:00,2024,11,28,port669,Luganville,Vanuatu,VUT,0,0,1,0,0,1,1,0,0,1271,0,0,1271,1271,0,0,0,0,0,0,0
2024-11-28 00:00:00+00:00,2024,11,28,port980,Port Vila,Vanuatu,VUT,0,0,0,0,0,0,0,0,0,0,0,0,0,0,0,0,0,0,0,0,0
2024-11-27 00:00:00+00:00,2024,11,27,port669,Luganville,Vanuatu,VUT,0,0,0,0,0,0,0,0,0,0,0,0,0,0,0,0,0,0,0,0,0
2024-11-27 00:00:00+00:00,2024,11,27,port980,Port Vila,Vanuatu,VUT,0,0,0,0,0,0,0,0,0,0,0,0,0,0,0,0,0,0,0,0,0
2024-11-26 00:00:00+00:00,2024,11,26,port669,Luganville,Vanuatu,VUT,0,0,0,0,0,0,0,0,0,0,0,0,0,0,0,0,0,0,0,0,0
2024-11-26 00:00:00+00:00,2024,11,26,port980,Port Vila,Vanuatu,VUT,0,0,0,0,0,0,0,0,0,0,0,0,0,0,0,0,0,0,0,0,0
2024-11-25 00:00:00+00:00,2024,11,25,port669,Luganville,Vanuatu,VUT,0,0,0,0,0,0,0,0,0,0,0,0,0,0,0,0,0,0,0,0,0
2024-11-25 00:00:00+00:00,2024,11,25,port980,Port Vila,Vanuatu,VUT,0,0,0,0,0,0,0,0,0,0,0,0,0,0,0,0,0,0,0,0,0
2024-11-24 00:00:00+00:00,2024,11,24,port669,Luganville,Vanuatu,VUT,0,0,0,0,0,0,0,0,0,0,0,0,0,0,0,0,0,0,0,0,0
2024-11-24 00:00:00+00:00,2024,11,24,port980,Port Vila,Vanuatu,VUT,0,0,1,0,0,1,1,0,0,0,0,0,0,0,0,0,0,0,0,0,0
2024-11-23 00:00:00+00:00,2024,11,23,port669,Luganville,Vanuatu,VUT,0,0,0,0,0,0,0,0,0,0,0,0,0,0,0,0,0,0,0,0,0
2024-11-23 00:00:00+00:00,2024,11,23,port980,Port Vila,Vanuatu,VUT,0,0,0,0,0,0,0,0,0,0,0,0,0,0,0,0,0,0,0,0,0
2024-11-22 00:00:00+00:00,2024,11,22,port669,Luganville,Vanuatu,VUT,0,0,0,0,0,0,0,0,0,0,0,0,0,0,0,0,0,0,0,0,0
2024-11-22 00:00:00+00:00,2024,11,22,port980,Port Vila,Vanuatu,VUT,0,0,0,0,0,0,0,0,0,0,0,0,0,0,0,0,0,0,0,0,0
2024-11-21 00:00:00+00:00,2024,11,21,port669,Luganville,Vanuatu,VUT,0,0,0,0,0,0,0,0,0,0,0,0,0,0,0,0,0,0,0,0,0
2024-11-21 00:00:00+00:00,2024,11,21,port980,Port Vila,Vanuatu,VUT,0,0,0,0,0,0,0,0,0,0,0,0,0,0,0,0,0,0,0,0,0
2024-11-20 00:00:00+00:00,2024,11,20,port669,Luganville,Vanuatu,VUT,0,0,0,0,0,0,0,0,0,0,0,0,0,0,0,0,0,0,0,0,0
2024-11-20 00:00:00+00:00,2024,11,20,port980,Port Vila,Vanuatu,VUT,0,0,0,0,0,0,0,0,0,0,0,0,0,0,0,0,0,0,0,0,0
2024-11-19 00:00:00+00:00,2024,11,19,port669,Luganville,Vanuatu,VUT,0,0,0,0,0,0,0,0,0,0,0,0,0,0,0,0,0,0,0,0,0
2024-11-19 00:00:00+00:00,2024,11,19,port980,Port Vila,Vanuatu,VUT,0,0,0,0,0,0,0,0,0,0,0,0,0,0,0,0,0,0,0,0,0
2024-11-18 00:00:00+00:00,2024,11,18,port669,Luganville,Vanuatu,VUT,0,0,0,0,0,0,0,0,0,0,0,0,0,0,0,0,0,0,0,0,0
2024-11-18 00:00:00+00:00,2024,11,18,port980,Port Vila,Vanuatu,VUT,1,0,0,0,0,1,1,4376,0,0,0,0,4376,4376,0,0,0,0,0,0,0
2024-11-17 00:00:00+00:00,2024,11,17,port669,Luganville,Vanuatu,VUT,0,0,0,0,0,0,0,0,0,0,0,0,0,0,0,0,0,0,0,0,0
2024-11-17 00:00:00+00:00,2024,11,17,port980,Port Vila,Vanuatu,VUT,0,0,0,0,0,0,0,0,0,0,0,0,0,0,0,0,0,0,0,0,0
2024-11-16 00:00:00+00:00,2024,11,16,port669,Luganville,Vanuatu,VUT,0,0,0,0,0,0,0,0,0,0,0,0,0,0,0,0,0,0,0,0,0
2024-11-16 00:00:00+00:00,2024,11,16,port980,Port Vila,Vanuatu,VUT,0,0,0,0,0,0,0,0,0,0,0,0,0,0,0,0,0,0,0,0,0
2024-11-15 00:00:00+00:00,2024,11,15,port669,Luganville,Vanuatu,VUT,0,0,0,0,0,0,0,0,0,0,0,0,0,0,0,0,0,0,0,0,0
2024-11-15 00:00:00+00:00,2024,11,15,port980,Port Vila,Vanuatu,VUT,1,0,0,0,0,1,1,4631,0,0,0,0,4631,4631,0,0,0,0,0,0,0
2024-11-14 00:00:00+00:00,2024,11,14,port669,Luganville,Vanuatu,VUT,0,0,0,0,0,0,0,0,0,0,0,0,0,0,0,0,0,0,0,0,0
2024-11-14 00:00:00+00:00,2024,11,14,port980,Port Vila,Vanuatu,VUT,0,0,0,0,0,0,0,0,0,0,0,0,0,0,0,0,0,0,0,0,0
2024-11-13 00:00:00+00:00,2024,11,13,port669,Luganville,Vanuatu,VUT,0,0,0,0,0,0,0,0,0,0,0,0,0,0,0,0,0,0,0,0,0
2024-11-13 00:00:00+00:00,2024,11,13,port980,Port Vila,Vanuatu,VUT,0,0,0,0,0,0,0,0,0,0,0,0,0,0,0,0,0,0,0,0,0
2024-11-12 00:00:00+00:00,2024,11,12,port669,Luganville,Vanuatu,VUT,0,0,0,0,0,0,0,0,0,0,0,0,0,0,0,0,0,0,0,0,0
2024-11-12 00:00:00+00:00,2024,11,12,port980,Port Vila,Vanuatu,VUT,0,0,0,0,0,0,0,0,0,0,0,0,0,0,0,0,0,0,0,0,0
2024-11-11 00:00:00+00:00,2024,11,11,port669,Luganville,Vanuatu,VUT,0,0,0,0,0,0,0,0,0,0,0,0,0,0,0,0,0,0,0,0,0
2024-11-11 00:00:00+00:00,2024,11,11,port980,Port Vila,Vanuatu,VUT,0,0,1,0,0,1,1,0,0,832,0,0,832,832,0,0,183,0,0,183,183
2024-11-10 00:00:00+00:00,2024,11,10,port669,Luganville,Vanuatu,VUT,0,0,0,0,0,0,0,0,0,0,0,0,0,0,0,0,0,0,0,0,0
2024-11-10 00:00:00+00:00,2024,11,10,port980,Port Vila,Vanuatu,VUT,0,0,0,0,0,0,0,0,0,0,0,0,0,0,0,0,0,0,0,0,0
2024-11-09 00:00:00+00:00,2024,11,9,port669,Luganville,Vanuatu,VUT,0,0,0,0,0,0,0,0,0,0,0,0,0,0,0,0,0,0,0,0,0
2024-11-09 00:00:00+00:00,2024,11,9,port980,Port Vila,Vanuatu,VUT,1,0,0,0,0,1,1,1268,0,0,0,0,1268,1268,0,0,0,0,0,0,0
2024-11-08 00:00:00+00:00,2024,11,8,port669,Luganville,Vanuatu,VUT,0,0,0,0,0,0,0,0,0,0,0,0,0,0,0,0,0,0,0,0,0
2024-11-08 00:00:00+00:00,2024,11,8,port980,Port Vila,Vanuatu,VUT,0,0,0,0,0,0,0,0,0,0,0,0,0,0,0,0,0,0,0,0,0
2024-11-07 00:00:00+00:00,2024,11,7,port669,Luganville,Vanuatu,VUT,0,0,0,0,0,0,0,0,0,0,0,0,0,0,0,0,0,0,0,0,0
2024-11-07 00:00:00+00:00,2024,11,7,port980,Port Vila,Vanuatu,VUT,1,0,0,0,0,1,1,1575,0,0,0,0,1575,1575,0,0,0,0,0,0,0
2024-11-06 00:00:00+00:00,2024,11,6,port669,Luganville,Vanuatu,VUT,0,0,0,0,0,0,0,0,0,0,0,0,0,0,0,0,0,0,0,0,0
2024-11-06 00:00:00+00:00,2024,11,6,port980,Port Vila,Vanuatu,VUT,0,0,0,0,0,0,0,0,0,0,0,0,0,0,0,0,0,0,0,0,0
2024-11-05 00:00:00+00:00,2024,11,5,port669,Luganville,Vanuatu,VUT,1,0,0,0,0,1,1,316,0,0,0,0,316,316,0,0,0,0,0,0,0
2024-11-05 00:00:00+00:00,2024,11,5,port980,Port Vila,Vanuatu,VUT,0,0,0,0,0,0,0,0,0,0,0,0,0,0,0,0,0,0,0,0,0
2024-11-04 00:00:00+00:00,2024,11,4,port669,Luganville,Vanuatu,VUT,0,0,0,0,0,0,0,0,0,0,0,0,0,0,0,0,0,0,0,0,0
2024-11-04 00:00:00+00:00,2024,11,4,port980,Port Vila,Vanuatu,VUT,0,0,0,0,0,0,0,0,0,0,0,0,0,0,0,0,0,0,0,0,0
2024-11-03 00:00:00+00:00,2024,11,3,port669,Luganville,Vanuatu,VUT,2,0,0,0,0,2,2,1556,0,0,0,0,1556,1556,0,0,0,0,0,0,0
2024-11-03 00:00:00+00:00,2024,11,3,port980,Port Vila,Vanuatu,VUT,0,0,1,0,0,1,1,0,0,471,0,0,471,471,0,0,0,0,0,0,0
2024-11-02 00:00:00+00:00,2024,11,2,port669,Luganville,Vanuatu,VUT,0,0,0,0,0,0,0,0,0,0,0,0,0,0,0,0,0,0,0,0,0
2024-11-02 00:00:00+00:00,2024,11,2,port980,Port Vila,Vanuatu,VUT,0,0,0,0,0,0,0,0,0,0,0,0,0,0,0,0,0,0,0,0,0
2024-11-01 00:00:00+00:00,2024,11,1,port669,Luganville,Vanuatu,VUT,0,0,0,0,0,0,0,0,0,0,0,0,0,0,0,0,0,0,0,0,0
2024-11-01 00:00:00+00:00,2024,11,1,port980,Port Vila,Vanuatu,VUT,0,0,0,0,0,0,0,0,0,0,0,0,0,0,0,0,0,0,0,0,0
2024-10-31 00:00:00+00:00,2024,10,31,port669,Luganville,Vanuatu,VUT,0,0,0,0,0,0,0,0,0,0,0,0,0,0,0,0,0,0,0,0,0
2024-10-31 00:00:00+00:00,2024,10,31,port980,Port Vila,Vanuatu,VUT,0,0,2,0,0,2,2,0,0,0,0,0,0,0,0,0,316,0,0,316,316
2024-10-30 00:00:00+00:00,2024,10,30,port669,Luganville,Vanuatu,VUT,0,0,1,0,0,1,1,0,0,883,0,0,883,883,0,0,314,0,0,314,314
2024-10-30 00:00:00+00:00,2024,10,30,port980,Port Vila,Vanuatu,VUT,0,0,1,0,0,1,1,0,0,1273,0,0,1273,1273,0,0,0,0,0,0,0
2024-10-29 00:00:00+00:00,2024,10,29,port669,Luganville,Vanuatu,VUT,0,0,0,0,0,0,0,0,0,0,0,0,0,0,0,0,0,0,0,0,0
2024-10-29 00:00:00+00:00,2024,10,29,port980,Port Vila,Vanuatu,VUT,0,0,0,0,1,0,1,0,0,0,0,0,0,0,0,0,0,0,158,0,158
2024-10-28 00:00:00+00:00,2024,10,28,port669,Luganville,Vanuatu,VUT,0,0,0,0,0,0,0,0,0,0,0,0,0,0,0,0,0,0,0,0,0
2024-10-28 00:00:00+00:00,2024,10,28,port980,Port Vila,Vanuatu,VUT,0,0,0,0,1,0,1,0,0,0,0,0,0,0,0,0,0,0,0,0,0
2024-10-27 00:00:00+00:00,2024,10,27,port669,Luganville,Vanuatu,VUT,0,0,1,0,0,1,1,0,0,844,0,0,844,844,0,0,0,0,0,0,0
2024-10-27 00:00:00+00:00,2024,10,27,port980,Port Vila,Vanuatu,VUT,0,0,0,0,0,0,0,0,0,0,0,0,0,0,0,0,0,0,0,0,0
2024-10-26 00:00:00+00:00,2024,10,26,port669,Luganville,Vanuatu,VUT,0,0,0,0,0,0,0,0,0,0,0,0,0,0,0,0,0,0,0,0,0
2024-10-26 00:00:00+00:00,2024,10,26,port980,Port Vila,Vanuatu,VUT,0,0,0,0,0,0,0,0,0,0,0,0,0,0,0,0,0,0,0,0,0
2024-10-25 00:00:00+00:00,2024,10,25,port669,Luganville,Vanuatu,VUT,0,0,0,0,0,0,0,0,0,0,0,0,0,0,0,0,0,0,0,0,0
2024-10-25 00:00:00+00:00,2024,10,25,port980,Port Vila,Vanuatu,VUT,1,0,0,0,0,1,1,807,0,0,0,0,807,807,0,0,0,0,0,0,0
2024-10-24 00:00:00+00:00,2024,10,24,port669,Luganville,Vanuatu,VUT,0,0,0,0,0,0,0,0,0,0,0,0,0,0,0,0,0,0,0,0,0
2024-10-24 00:00:00+00:00,2024,10,24,port980,Port Vila,Vanuatu,VUT,0,0,1,0,0,1,1,0,0,0,0,0,0,0,0,0,0,0,0,0,0
2024-10-23 00:00:00+00:00,2024,10,23,port669,Luganville,Vanuatu,VUT,0,0,0,0,0,0,0,0,0,0,0,0,0,0,0,0,0,0,0,0,0
2024-10-23 00:00:00+00:00,2024,10,23,port980,Port Vila,Vanuatu,VUT,1,0,0,0,0,1,1,2307,0,0,0,0,2307,2307,0,0,0,0,0,0,0
2024-10-22 00:00:00+00:00,2024,10,22,port669,Luganville,Vanuatu,VUT,0,0,0,0,0,0,0,0,0,0,0,0,0,0,0,0,0,0,0,0,0
2024-10-22 00:00:00+00:00,2024,10,22,port980,Port Vila,Vanuatu,VUT,0,0,0,0,0,0,0,0,0,0,0,0,0,0,0,0,0,0,0,0,0
2024-10-21 00:00:00+00:00,2024,10,21,port669,Luganville,Vanuatu,VUT,1,0,0,0,0,1,1,828,0,0,0,0,828,828,146,0,0,0,0,146,146
2024-10-21 00:00:00+00:00,2024,10,21,port980,Port Vila,Vanuatu,VUT,0,0,0,0,0,0,0,0,0,0,0,0,0,0,0,0,0,0,0,0,0
2024-10-20 00:00:00+00:00,2024,10,20,port669,Luganville,Vanuatu,VUT,0,0,0,0,0,0,0,0,0,0,0,0,0,0,0,0,0,0,0,0,0
2024-10-20 00:00:00+00:00,2024,10,20,port980,Port Vila,Vanuatu,VUT,1,0,0,0,0,1,1,1662,0,0,0,0,1662,1662,0,0,0,0,0,0,0
2024-10-19 00:00:00+00:00,2024,10,19,port669,Luganville,Vanuatu,VUT,0,0,1,0,0,1,1,0,0,687,0,0,687,687,0,0,0,0,0,0,0
2024-10-19 00:00:00+00:00,2024,10,19,port980,Port Vila,Vanuatu,VUT,0,0,0,0,0,0,0,0,0,0,0,0,0,0,0,0,0,0,0,0,0
2024-10-18 00:00:00+00:00,2024,10,18,port669,Luganville,Vanuatu,VUT,0,0,0,0,0,0,0,0,0,0,0,0,0,0,0,0,0,0,0,0,0
2024-10-18 00:00:00+00:00,2024,10,18,port980,Port Vila,Vanuatu,VUT,0,0,0,0,1,0,1,0,0,0,0,311,0,311,0,0,0,0,175,0,175
2024-10-17 00:00:00+00:00,2024,10,17,port669,Luganville,Vanuatu,VUT,0,0,0,0,1,0,1,0,0,0,0,2618,0,2618,0,0,0,0,0,0,0
2024-10-17 00:00:00+00:00,2024,10,17,port980,Port Vila,Vanuatu,VUT,0,0,0,0,0,0,0,0,0,0,0,0,0,0,0,0,0,0,0,0,0
2024-10-16 00:00:00+00:00,2024,10,16,port669,Luganville,Vanuatu,VUT,0,0,0,0,0,0,0,0,0,0,0,0,0,0,0,0,0,0,0,0,0
2024-10-16 00:00:00+00:00,2024,10,16,port980,Port Vila,Vanuatu,VUT,0,0,0,0,0,0,0,0,0,0,0,0,0,0,0,0,0,0,0,0,0
2024-10-15 00:00:00+00:00,2024,10,15,port669,Luganville,Vanuatu,VUT,1,0,1,0,0,2,2,314,0,0,0,0,314,314,0,0,0,0,0,0,0
2024-10-15 00:00:00+00:00,2024,10,15,port980,Port Vila,Vanuatu,VUT,0,0,0,0,0,0,0,0,0,0,0,0,0,0,0,0,0,0,0,0,0
2024-10-14 00:00:00+00:00,2024,10,14,port669,Luganville,Vanuatu,VUT,0,0,0,0,0,0,0,0,0,0,0,0,0,0,0,0,0,0,0,0,0
2024-10-14 00:00:00+00:00,2024,10,14,port980,Port Vila,Vanuatu,VUT,0,0,0,0,0,0,0,0,0,0,0,0,0,0,0,0,0,0,0,0,0
2024-10-13 00:00:00+00:00,2024,10,13,port669,Luganville,Vanuatu,VUT,0,0,0,0,0,0,0,0,0,0,0,0,0,0,0,0,0,0,0,0,0
2024-10-13 00:00:00+00:00,2024,10,13,port980,Port Vila,Vanuatu,VUT,0,0,1,0,0,1,1,0,0,832,0,0,832,832,0,0,183,0,0,183,183
2024-10-12 00:00:00+00:00,2024,10,12,port669,Luganville,Vanuatu,VUT,0,0,0,0,0,0,0,0,0,0,0,0,0,0,0,0,0,0,0,0,0
2024-10-12 00:00:00+00:00,2024,10,12,port980,Port Vila,Vanuatu,VUT,0,0,0,0,0,0,0,0,0,0,0,0,0,0,0,0,0,0,0,0,0
2024-10-11 00:00:00+00:00,2024,10,11,port669,Luganville,Vanuatu,VUT,1,0,0,0,0,1,1,854,0,0,0,0,854,854,0,0,0,0,0,0,0
2024-10-11 00:00:00+00:00,2024,10,11,port980,Port Vila,Vanuatu,VUT,0,0,1,0,1,1,2,0,0,634,0,2060,634,2694,0,0,0,0,0,0,0
2024-10-10 00:00:00+00:00,2024,10,10,port669,Luganville,Vanuatu,VUT,0,0,0,0,0,0,0,0,0,0,0,0,0,0,0,0,0,0,0,0,0
2024-10-10 00:00:00+00:00,2024,10,10,port980,Port Vila,Vanuatu,VUT,0,0,0,0,0,0,0,0,0,0,0,0,0,0,0,0,0,0,0,0,0
2024-10-09 00:00:00+00:00,2024,10,9,port669,Luganville,Vanuatu,VUT,0,0,0,0,0,0,0,0,0,0,0,0,0,0,0,0,0,0,0,0,0
2024-10-09 00:00:00+00:00,2024,10,9,port980,Port Vila,Vanuatu,VUT,1,0,0,0,0,1,1,2167,0,0,0,0,2167,2167,0,0,0,0,0,0,0
2024-10-08 00:00:00+00:00,2024,10,8,port669,Luganville,Vanuatu,VUT,0,0,0,0,0,0,0,0,0,0,0,0,0,0,0,0,0,0,0,0,0
2024-10-08 00:00:00+00:00,2024,10,8,port980,Port Vila,Vanuatu,VUT,1,0,0,0,0,1,1,1240,0,0,0,0,1240,1240,125,0,0,0,0,125,125
2024-10-07 00:00:00+00:00,2024,10,7,port669,Luganville,Vanuatu,VUT,0,0,0,0,0,0,0,0,0,0,0,0,0,0,0,0,0,0,0,0,0
2024-10-07 00:00:00+00:00,2024,10,7,port980,Port Vila,Vanuatu,VUT,0,0,1,0,0,1,1,0,0,0,0,0,0,0,0,0,0,0,0,0,0
2024-10-06 00:00:00+00:00,2024,10,6,port669,Luganville,Vanuatu,VUT,0,0,0,0,0,0,0,0,0,0,0,0,0,0,0,0,0,0,0,0,0
2024-10-06 00:00:00+00:00,2024,10,6,port980,Port Vila,Vanuatu,VUT,0,0,0,0,0,0,0,0,0,0,0,0,0,0,0,0,0,0,0,0,0
2024-10-05 00:00:00+00:00,2024,10,5,port669,Luganville,Vanuatu,VUT,0,0,0,0,0,0,0,0,0,0,0,0,0,0,0,0,0,0,0,0,0
2024-10-05 00:00:00+00:00,2024,10,5,port980,Port Vila,Vanuatu,VUT,0,0,0,0,0,0,0,0,0,0,0,0,0,0,0,0,0,0,0,0,0
2024-10-04 00:00:00+00:00,2024,10,4,port669,Luganville,Vanuatu,VUT,0,0,0,0,0,0,0,0,0,0,0,0,0,0,0,0,0,0,0,0,0
2024-10-04 00:00:00+00:00,2024,10,4,port980,Port Vila,Vanuatu,VUT,1,0,0,0,0,1,1,0,0,0,0,0,0,0,779,0,0,0,0,779,779
2024-10-03 00:00:00+00:00,2024,10,3,port669,Luganville,Vanuatu,VUT,0,0,0,0,0,0,0,0,0,0,0,0,0,0,0,0,0,0,0,0,0
2024-10-03 00:00:00+00:00,2024,10,3,port980,Port Vila,Vanuatu,VUT,0,0,0,0,0,0,0,0,0,0,0,0,0,0,0,0,0,0,0,0,0
2024-10-02 00:00:00+00:00,2024,10,2,port669,Luganville,Vanuatu,VUT,0,0,0,0,0,0,0,0,0,0,0,0,0,0,0,0,0,0,0,0,0
2024-10-02 00:00:00+00:00,2024,10,2,port980,Port Vila,Vanuatu,VUT,0,0,0,0,0,0,0,0,0,0,0,0,0,0,0,0,0,0,0,0,0
2024-10-01 00:00:00+00:00,2024,10,1,port669,Luganville,Vanuatu,VUT,0,0,0,0,0,0,0,0,0,0,0,0,0,0,0,0,0,0,0,0,0
2024-10-01 00:00:00+00:00,2024,10,1,port980,Port Vila,Vanuatu,VUT,0,0,0,0,0,0,0,0,0,0,0,0,0,0,0,0,0,0,0,0,0
2024-09-30 00:00:00+00:00,2024,9,30,port669,Luganville,Vanuatu,VUT,0,0,0,0,0,0,0,0,0,0,0,0,0,0,0,0,0,0,0,0,0
2024-09-30 00:00:00+00:00,2024,9,30,port980,Port Vila,Vanuatu,VUT,0,0,0,0,0,0,0,0,0,0,0,0,0,0,0,0,0,0,0,0,0
2024-09-29 00:00:00+00:00,2024,9,29,port669,Luganville,Vanuatu,VUT,0,0,0,0,0,0,0,0,0,0,0,0,0,0,0,0,0,0,0,0,0
2024-09-29 00:00:00+00:00,2024,9,29,port980,Port Vila,Vanuatu,VUT,0,0,0,0,0,0,0,0,0,0,0,0,0,0,0,0,0,0,0,0,0
2024-09-28 00:00:00+00:00,2024,9,28,port669,Luganville,Vanuatu,VUT,0,0,0,0,0,0,0,0,0,0,0,0,0,0,0,0,0,0,0,0,0
2024-09-28 00:00:00+00:00,2024,9,28,port980,Port Vila,Vanuatu,VUT,0,0,0,0,0,0,0,0,0,0,0,0,0,0,0,0,0,0,0,0,0
2024-09-27 00:00:00+00:00,2024,9,27,port669,Luganville,Vanuatu,VUT,0,0,0,0,0,0,0,0,0,0,0,0,0,0,0,0,0,0,0,0,0
2024-09-27 00:00:00+00:00,2024,9,27,port980,Port Vila,Vanuatu,VUT,0,0,1,0,0,1,1,0,0,1584,0,0,1584,1584,0,0,0,0,0,0,0
2024-09-26 00:00:00+00:00,2024,9,26,port669,Luganville,Vanuatu,VUT,0,0,1,0,0,1,1,0,0,883,0,0,883,883,0,0,314,0,0,314,314
2024-09-26 00:00:00+00:00,2024,9,26,port980,Port Vila,Vanuatu,VUT,0,0,0,0,0,0,0,0,0,0,0,0,0,0,0,0,0,0,0,0,0
2024-09-25 00:00:00+00:00,2024,9,25,port669,Luganville,Vanuatu,VUT,0,0,0,0,0,0,0,0,0,0,0,0,0,0,0,0,0,0,0,0,0
2024-09-25 00:00:00+00:00,2024,9,25,port980,Port Vila,Vanuatu,VUT,1,0,0,0,0,1,1,0,0,0,0,0,0,0,0,0,0,0,0,0,0
2024-09-24 00:00:00+00:00,2024,9,24,port669,Luganville,Vanuatu,VUT,1,0,0,0,0,1,1,828,0,0,0,0,828,828,146,0,0,0,0,146,146
2024-09-24 00:00:00+00:00,2024,9,24,port980,Port Vila,Vanuatu,VUT,0,0,0,0,0,0,0,0,0,0,0,0,0,0,0,0,0,0,0,0,0
2024-09-23 00:00:00+00:00,2024,9,23,port669,Luganville,Vanuatu,VUT,0,0,0,0,0,0,0,0,0,0,0,0,0,0,0,0,0,0,0,0,0
2024-09-23 00:00:00+00:00,2024,9,23,port980,Port Vila,Vanuatu,VUT,0,0,0,0,0,0,0,0,0,0,0,0,0,0,0,0,0,0,0,0,0
2024-09-22 00:00:00+00:00,2024,9,22,port669,Luganville,Vanuatu,VUT,0,0,0,0,0,0,0,0,0,0,0,0,0,0,0,0,0,0,0,0,0
2024-09-22 00:00:00+00:00,2024,9,22,port980,Port Vila,Vanuatu,VUT,1,0,0,0,0,1,1,0,0,0,0,0,0,0,1320,0,0,0,0,1320,1320
2024-09-21 00:00:00+00:00,2024,9,21,port669,Luganville,Vanuatu,VUT,0,0,0,0,0,0,0,0,0,0,0,0,0,0,0,0,0,0,0,0,0
2024-09-21 00:00:00+00:00,2024,9,21,port980,Port Vila,Vanuatu,VUT,0,0,0,0,0,0,0,0,0,0,0,0,0,0,0,0,0,0,0,0,0
2024-09-20 00:00:00+00:00,2024,9,20,port669,Luganville,Vanuatu,VUT,0,0,0,0,0,0,0,0,0,0,0,0,0,0,0,0,0,0,0,0,0
2024-09-20 00:00:00+00:00,2024,9,20,port980,Port Vila,Vanuatu,VUT,0,0,0,0,0,0,0,0,0,0,0,0,0,0,0,0,0,0,0,0,0
2024-09-19 00:00:00+00:00,2024,9,19,port669,Luganville,Vanuatu,VUT,0,0,0,0,0,0,0,0,0,0,0,0,0,0,0,0,0,0,0,0,0
2024-09-19 00:00:00+00:00,2024,9,19,port980,Port Vila,Vanuatu,VUT,0,0,0,0,0,0,0,0,0,0,0,0,0,0,0,0,0,0,0,0,0
2024-09-18 00:00:00+00:00,2024,9,18,port669,Luganville,Vanuatu,VUT,0,0,0,0,0,0,0,0,0,0,0,0,0,0,0,0,0,0,0,0,0
2024-09-18 00:00:00+00:00,2024,9,18,port980,Port Vila,Vanuatu,VUT,0,0,0,0,0,0,0,0,0,0,0,0,0,0,0,0,0,0,0,0,0
2024-09-17 00:00:00+00:00,2024,9,17,port669,Luganville,Vanuatu,VUT,0,0,0,0,0,0,0,0,0,0,0,0,0,0,0,0,0,0,0,0,0
2024-09-17 00:00:00+00:00,2024,9,17,port980,Port Vila,Vanuatu,VUT,0,0,0,0,0,0,0,0,0,0,0,0,0,0,0,0,0,0,0,0,0
2024-09-16 00:00:00+00:00,2024,9,16,port669,Luganville,Vanuatu,VUT,0,0,0,0,0,0,0,0,0,0,0,0,0,0,0,0,0,0,0,0,0
2024-09-16 00:00:00+00:00,2024,9,16,port980,Port Vila,Vanuatu,VUT,0,0,0,0,0,0,0,0,0,0,0,0,0,0,0,0,0,0,0,0,0
2024-09-15 00:00:00+00:00,2024,9,15,port669,Luganville,Vanuatu,VUT,0,0,0,0,0,0,0,0,0,0,0,0,0,0,0,0,0,0,0,0,0
2024-09-15 00:00:00+00:00,2024,9,15,port980,Port Vila,Vanuatu,VUT,1,0,0,0,0,1,1,253,0,0,0,0,253,253,0,0,0,0,0,0,0
2024-09-14 00:00:00+00:00,2024,9,14,port669,Luganville,Vanuatu,VUT,0,0,0,0,0,0,0,0,0,0,0,0,0,0,0,0,0,0,0,0,0
2024-09-14 00:00:00+00:00,2024,9,14,port980,Port Vila,Vanuatu,VUT,0,0,0,0,0,0,0,0,0,0,0,0,0,0,0,0,0,0,0,0,0
2024-09-13 00:00:00+00:00,2024,9,13,port669,Luganville,Vanuatu,VUT,0,0,0,0,0,0,0,0,0,0,0,0,0,0,0,0,0,0,0,0,0
2024-09-13 00:00:00+00:00,2024,9,13,port980,Port Vila,Vanuatu,VUT,1,0,0,0,1,1,2,1240,0,0,0,0,1240,1240,125,0,0,0,0,125,125
2024-09-12 00:00:00+00:00,2024,9,12,port669,Luganville,Vanuatu,VUT,1,1,0,0,0,2,2,828,34780,0,0,0,35609,35609,146,0,0,0,0,146,146
2024-09-12 00:00:00+00:00,2024,9,12,port980,Port Vila,Vanuatu,VUT,0,0,0,0,0,0,0,0,0,0,0,0,0,0,0,0,0,0,0,0,0
2024-09-11 00:00:00+00:00,2024,9,11,port669,Luganville,Vanuatu,VUT,0,0,0,0,0,0,0,0,0,0,0,0,0,0,0,0,0,0,0,0,0
2024-09-11 00:00:00+00:00,2024,9,11,port980,Port Vila,Vanuatu,VUT,1,0,0,0,1,1,2,1313,0,0,0,0,1313,1313,0,0,0,0,0,0,0
2024-09-10 00:00:00+00:00,2024,9,10,port669,Luganville,Vanuatu,VUT,0,0,0,0,0,0,0,0,0,0,0,0,0,0,0,0,0,0,0,0,0
2024-09-10 00:00:00+00:00,2024,9,10,port980,Port Vila,Vanuatu,VUT,0,0,0,0,0,0,0,0,0,0,0,0,0,0,0,0,0,0,0,0,0
2024-09-09 00:00:00+00:00,2024,9,9,port669,Luganville,Vanuatu,VUT,0,0,0,0,0,0,0,0,0,0,0,0,0,0,0,0,0,0,0,0,0
2024-09-09 00:00:00+00:00,2024,9,9,port980,Port Vila,Vanuatu,VUT,1,0,0,0,0,1,1,0,0,0,0,0,0,0,317,0,0,0,0,317,317
2024-09-08 00:00:00+00:00,2024,9,8,port669,Luganville,Vanuatu,VUT,0,0,0,0,0,0,0,0,0,0,0,0,0,0,0,0,0,0,0,0,0
2024-09-08 00:00:00+00:00,2024,9,8,port980,Port Vila,Vanuatu,VUT,0,0,0,0,0,0,0,0,0,0,0,0,0,0,0,0,0,0,0,0,0
2024-09-07 00:00:00+00:00,2024,9,7,port669,Luganville,Vanuatu,VUT,0,0,0,0,0,0,0,0,0,0,0,0,0,0,0,0,0,0,0,0,0
2024-09-07 00:00:00+00:00,2024,9,7,port980,Port Vila,Vanuatu,VUT,0,0,0,0,0,0,0,0,0,0,0,0,0,0,0,0,0,0,0,0,0
2024-09-06 00:00:00+00:00,2024,9,6,port669,Luganville,Vanuatu,VUT,1,0,0,0,0,1,1,1757,0,0,0,0,1757,1757,0,0,0,0,0,0,0
2024-09-06 00:00:00+00:00,2024,9,6,port980,Port Vila,Vanuatu,VUT,0,0,0,0,0,0,0,0,0,0,0,0,0,0,0,0,0,0,0,0,0
2024-09-05 00:00:00+00:00,2024,9,5,port669,Luganville,Vanuatu,VUT,0,0,0,0,0,0,0,0,0,0,0,0,0,0,0,0,0,0,0,0,0
2024-09-05 00:00:00+00:00,2024,9,5,port980,Port Vila,Vanuatu,VUT,0,0,1,0,0,1,1,0,0,832,0,0,832,832,0,0,183,0,0,183,183
2024-09-04 00:00:00+00:00,2024,9,4,port669,Luganville,Vanuatu,VUT,0,0,0,0,0,0,0,0,0,0,0,0,0,0,0,0,0,0,0,0,0
2024-09-04 00:00:00+00:00,2024,9,4,port980,Port Vila,Vanuatu,VUT,0,0,0,0,0,0,0,0,0,0,0,0,0,0,0,0,0,0,0,0,0
2024-09-03 00:00:00+00:00,2024,9,3,port669,Luganville,Vanuatu,VUT,0,0,1,0,0,1,1,0,0,1265,0,0,1265,1265,0,0,0,0,0,0,0
2024-09-03 00:00:00+00:00,2024,9,3,port980,Port Vila,Vanuatu,VUT,0,0,0,0,0,0,0,0,0,0,0,0,0,0,0,0,0,0,0,0,0
2024-09-02 00:00:00+00:00,2024,9,2,port669,Luganville,Vanuatu,VUT,0,0,0,0,0,0,0,0,0,0,0,0,0,0,0,0,0,0,0,0,0
2024-09-02 00:00:00+00:00,2024,9,2,port980,Port Vila,Vanuatu,VUT,0,0,0,0,0,0,0,0,0,0,0,0,0,0,0,0,0,0,0,0,0
2024-09-01 00:00:00+00:00,2024,9,1,port669,Luganville,Vanuatu,VUT,0,0,0,0,0,0,0,0,0,0,0,0,0,0,0,0,0,0,0,0,0
2024-09-01 00:00:00+00:00,2024,9,1,port980,Port Vila,Vanuatu,VUT,0,0,0,0,0,0,0,0,0,0,0,0,0,0,0,0,0,0,0,0,0
2024-08-31 00:00:00+00:00,2024,8,31,port669,Luganville,Vanuatu,VUT,0,0,0,0,0,0,0,0,0,0,0,0,0,0,0,0,0,0,0,0,0
2024-08-31 00:00:00+00:00,2024,8,31,port980,Port Vila,Vanuatu,VUT,0,0,0,0,0,0,0,0,0,0,0,0,0,0,0,0,0,0,0,0,0
2024-08-30 00:00:00+00:00,2024,8,30,port669,Luganville,Vanuatu,VUT,0,0,0,0,0,0,0,0,0,0,0,0,0,0,0,0,0,0,0,0,0
2024-08-30 00:00:00+00:00,2024,8,30,port980,Port Vila,Vanuatu,VUT,0,0,0,0,0,0,0,0,0,0,0,0,0,0,0,0,0,0,0,0,0
2024-08-29 00:00:00+00:00,2024,8,29,port669,Luganville,Vanuatu,VUT,1,0,0,0,0,1,1,2593,0,0,0,0,2593,2593,0,0,0,0,0,0,0
2024-08-29 00:00:00+00:00,2024,8,29,port980,Port Vila,Vanuatu,VUT,0,0,0,0,0,0,0,0,0,0,0,0,0,0,0,0,0,0,0,0,0
2024-08-28 00:00:00+00:00,2024,8,28,port669,Luganville,Vanuatu,VUT,0,0,0,0,0,0,0,0,0,0,0,0,0,0,0,0,0,0,0,0,0
2024-08-28 00:00:00+00:00,2024,8,28,port980,Port Vila,Vanuatu,VUT,1,0,0,0,0,1,1,0,0,0,0,0,0,0,2003,0,0,0,0,2003,2003
2024-08-27 00:00:00+00:00,2024,8,27,port669,Luganville,Vanuatu,VUT,0,0,0,0,0,0,0,0,0,0,0,0,0,0,0,0,0,0,0,0,0
2024-08-27 00:00:00+00:00,2024,8,27,port980,Port Vila,Vanuatu,VUT,0,0,0,0,0,0,0,0,0,0,0,0,0,0,0,0,0,0,0,0,0
2024-08-26 00:00:00+00:00,2024,8,26,port669,Luganville,Vanuatu,VUT,0,0,0,0,0,0,0,0,0,0,0,0,0,0,0,0,0,0,0,0,0
2024-08-26 00:00:00+00:00,2024,8,26,port980,Port Vila,Vanuatu,VUT,0,0,0,0,0,0,0,0,0,0,0,0,0,0,0,0,0,0,0,0,0
2024-08-25 00:00:00+00:00,2024,8,25,port669,Luganville,Vanuatu,VUT,0,0,0,0,0,0,0,0,0,0,0,0,0,0,0,0,0,0,0,0,0
2024-08-25 00:00:00+00:00,2024,8,25,port980,Port Vila,Vanuatu,VUT,1,0,1,0,0,2,2,990,0,0,0,0,990,990,0,0,0,0,0,0,0
2024-08-24 00:00:00+00:00,2024,8,24,port669,Luganville,Vanuatu,VUT,0,0,0,0,0,0,0,0,0,0,0,0,0,0,0,0,0,0,0,0,0
2024-08-24 00:00:00+00:00,2024,8,24,port980,Port Vila,Vanuatu,VUT,0,0,0,0,0,0,0,0,0,0,0,0,0,0,0,0,0,0,0,0,0
2024-08-23 00:00:00+00:00,2024,8,23,port669,Luganville,Vanuatu,VUT,0,0,0,0,0,0,0,0,0,0,0,0,0,0,0,0,0,0,0,0,0
2024-08-23 00:00:00+00:00,2024,8,23,port980,Port Vila,Vanuatu,VUT,0,0,0,0,0,0,0,0,0,0,0,0,0,0,0,0,0,0,0,0,0
2024-08-22 00:00:00+00:00,2024,8,22,port669,Luganville,Vanuatu,VUT,0,0,0,0,0,0,0,0,0,0,0,0,0,0,0,0,0,0,0,0,0
2024-08-22 00:00:00+00:00,2024,8,22,port980,Port Vila,Vanuatu,VUT,0,0,0,0,1,0,1,0,0,0,0,0,0,0,0,0,0,0,0,0,0
2024-08-21 00:00:00+00:00,2024,8,21,port669,Luganville,Vanuatu,VUT,0,0,0,0,0,0,0,0,0,0,0,0,0,0,0,0,0,0,0,0,0
2024-08-21 00:00:00+00:00,2024,8,21,port980,Port Vila,Vanuatu,VUT,0,0,0,0,0,0,0,0,0,0,0,0,0,0,0,0,0,0,0,0,0
2024-08-20 00:00:00+00:00,2024,8,20,port669,Luganville,Vanuatu,VUT,0,0,0,0,0,0,0,0,0,0,0,0,0,0,0,0,0,0,0,0,0
2024-08-20 00:00:00+00:00,2024,8,20,port980,Port Vila,Vanuatu,VUT,0,0,0,0,0,0,0,0,0,0,0,0,0,0,0,0,0,0,0,0,0
2024-08-19 00:00:00+00:00,2024,8,19,port669,Luganville,Vanuatu,VUT,0,0,0,0,0,0,0,0,0,0,0,0,0,0,0,0,0,0,0,0,0
2024-08-19 00:00:00+00:00,2024,8,19,port980,Port Vila,Vanuatu,VUT,0,0,1,0,1,1,2,0,0,0,0,158,0,158,0,0,0,0,0,0,0
2024-08-18 00:00:00+00:00,2024,8,18,port669,Luganville,Vanuatu,VUT,0,0,0,0,0,0,0,0,0,0,0,0,0,0,0,0,0,0,0,0,0
2024-08-18 00:00:00+00:00,2024,8,18,port980,Port Vila,Vanuatu,VUT,1,0,0,0,0,1,1,950,0,0,0,0,950,950,0,0,0,0,0,0,0
2024-08-17 00:00:00+00:00,2024,8,17,port669,Luganville,Vanuatu,VUT,0,0,0,0,1,0,1,0,0,0,0,1563,0,1563,0,0,0,0,0,0,0
2024-08-17 00:00:00+00:00,2024,8,17,port980,Port Vila,Vanuatu,VUT,0,0,0,0,0,0,0,0,0,0,0,0,0,0,0,0,0,0,0,0,0
2024-08-16 00:00:00+00:00,2024,8,16,port669,Luganville,Vanuatu,VUT,2,0,0,0,0,2,2,2660,0,0,0,0,2660,2660,0,0,0,0,0,0,0
2024-08-16 00:00:00+00:00,2024,8,16,port980,Port Vila,Vanuatu,VUT,0,0,0,0,0,0,0,0,0,0,0,0,0,0,0,0,0,0,0,0,0
2024-08-15 00:00:00+00:00,2024,8,15,port669,Luganville,Vanuatu,VUT,0,0,0,0,0,0,0,0,0,0,0,0,0,0,0,0,0,0,0,0,0
2024-08-15 00:00:00+00:00,2024,8,15,port980,Port Vila,Vanuatu,VUT,1,0,0,0,0,1,1,1240,0,0,0,0,1240,1240,125,0,0,0,0,125,125
2024-08-14 00:00:00+00:00,2024,8,14,port669,Luganville,Vanuatu,VUT,0,0,0,0,0,0,0,0,0,0,0,0,0,0,0,0,0,0,0,0,0
2024-08-14 00:00:00+00:00,2024,8,14,port980,Port Vila,Vanuatu,VUT,0,0,0,0,0,0,0,0,0,0,0,0,0,0,0,0,0,0,0,0,0
2024-08-13 00:00:00+00:00,2024,8,13,port669,Luganville,Vanuatu,VUT,0,0,1,0,0,1,1,0,0,883,0,0,883,883,0,0,314,0,0,314,314
2024-08-13 00:00:00+00:00,2024,8,13,port980,Port Vila,Vanuatu,VUT,0,0,0,0,0,0,0,0,0,0,0,0,0,0,0,0,0,0,0,0,0
2024-08-12 00:00:00+00:00,2024,8,12,port669,Luganville,Vanuatu,VUT,0,0,0,0,0,0,0,0,0,0,0,0,0,0,0,0,0,0,0,0,0
2024-08-12 00:00:00+00:00,2024,8,12,port980,Port Vila,Vanuatu,VUT,0,0,0,0,0,0,0,0,0,0,0,0,0,0,0,0,0,0,0,0,0
2024-08-11 00:00:00+00:00,2024,8,11,port669,Luganville,Vanuatu,VUT,0,0,0,0,0,0,0,0,0,0,0,0,0,0,0,0,0,0,0,0,0
2024-08-11 00:00:00+00:00,2024,8,11,port980,Port Vila,Vanuatu,VUT,0,0,0,0,0,0,0,0,0,0,0,0,0,0,0,0,0,0,0,0,0
2024-08-10 00:00:00+00:00,2024,8,10,port669,Luganville,Vanuatu,VUT,0,0,0,0,0,0,0,0,0,0,0,0,0,0,0,0,0,0,0,0,0
2024-08-10 00:00:00+00:00,2024,8,10,port980,Port Vila,Vanuatu,VUT,0,0,0,0,0,0,0,0,0,0,0,0,0,0,0,0,0,0,0,0,0
2024-08-09 00:00:00+00:00,2024,8,9,port669,Luganville,Vanuatu,VUT,0,0,0,0,0,0,0,0,0,0,0,0,0,0,0,0,0,0,0,0,0
2024-08-09 00:00:00+00:00,2024,8,9,port980,Port Vila,Vanuatu,VUT,0,0,0,0,0,0,0,0,0,0,0,0,0,0,0,0,0,0,0,0,0
2024-08-08 00:00:00+00:00,2024,8,8,port669,Luganville,Vanuatu,VUT,0,0,0,0,0,0,0,0,0,0,0,0,0,0,0,0,0,0,0,0,0
2024-08-08 00:00:00+00:00,2024,8,8,port980,Port Vila,Vanuatu,VUT,0,0,0,0,0,0,0,0,0,0,0,0,0,0,0,0,0,0,0,0,0
2024-08-07 00:00:00+00:00,2024,8,7,port669,Luganville,Vanuatu,VUT,1,0,0,0,0,1,1,424,0,0,0,0,424,424,0,0,0,0,0,0,0
2024-08-07 00:00:00+00:00,2024,8,7,port980,Port Vila,Vanuatu,VUT,0,0,1,0,0,1,1,0,0,631,0,0,631,631,0,0,0,0,0,0,0
2024-08-06 00:00:00+00:00,2024,8,6,port669,Luganville,Vanuatu,VUT,0,0,0,0,0,0,0,0,0,0,0,0,0,0,0,0,0,0,0,0,0
2024-08-06 00:00:00+00:00,2024,8,6,port980,Port Vila,Vanuatu,VUT,0,0,0,0,0,0,0,0,0,0,0,0,0,0,0,0,0,0,0,0,0
2024-08-05 00:00:00+00:00,2024,8,5,port669,Luganville,Vanuatu,VUT,0,0,0,0,0,0,0,0,0,0,0,0,0,0,0,0,0,0,0,0,0
2024-08-05 00:00:00+00:00,2024,8,5,port980,Port Vila,Vanuatu,VUT,0,0,0,0,0,0,0,0,0,0,0,0,0,0,0,0,0,0,0,0,0
2024-08-04 00:00:00+00:00,2024,8,4,port669,Luganville,Vanuatu,VUT,0,0,0,0,0,0,0,0,0,0,0,0,0,0,0,0,0,0,0,0,0
2024-08-04 00:00:00+00:00,2024,8,4,port980,Port Vila,Vanuatu,VUT,1,0,0,0,0,1,1,439,0,0,0,0,439,439,0,0,0,0,0,0,0
2024-08-03 00:00:00+00:00,2024,8,3,port669,Luganville,Vanuatu,VUT,0,0,0,0,0,0,0,0,0,0,0,0,0,0,0,0,0,0,0,0,0
2024-08-03 00:00:00+00:00,2024,8,3,port980,Port Vila,Vanuatu,VUT,0,0,0,0,0,0,0,0,0,0,0,0,0,0,0,0,0,0,0,0,0
2024-08-02 00:00:00+00:00,2024,8,2,port669,Luganville,Vanuatu,VUT,0,0,0,0,0,0,0,0,0,0,0,0,0,0,0,0,0,0,0,0,0
2024-08-02 00:00:00+00:00,2024,8,2,port980,Port Vila,Vanuatu,VUT,0,0,0,0,0,0,0,0,0,0,0,0,0,0,0,0,0,0,0,0,0
2024-08-01 00:00:00+00:00,2024,8,1,port669,Luganville,Vanuatu,VUT,0,0,0,0,0,0,0,0,0,0,0,0,0,0,0,0,0,0,0,0,0
2024-08-01 00:00:00+00:00,2024,8,1,port980,Port Vila,Vanuatu,VUT,0,0,0,0,0,0,0,0,0,0,0,0,0,0,0,0,0,0,0,0,0
2024-07-31 00:00:00+00:00,2024,7,31,port669,Luganville,Vanuatu,VUT,0,0,0,0,0,0,0,0,0,0,0,0,0,0,0,0,0,0,0,0,0
2024-07-31 00:00:00+00:00,2024,7,31,port980,Port Vila,Vanuatu,VUT,0,0,1,0,0,1,1,0,0,1725,0,0,1725,1725,0,0,0,0,0,0,0
2024-07-30 00:00:00+00:00,2024,7,30,port669,Luganville,Vanuatu,VUT,0,0,0,0,0,0,0,0,0,0,0,0,0,0,0,0,0,0,0,0,0
2024-07-30 00:00:00+00:00,2024,7,30,port980,Port Vila,Vanuatu,VUT,0,0,0,0,0,0,0,0,0,0,0,0,0,0,0,0,0,0,0,0,0
2024-07-29 00:00:00+00:00,2024,7,29,port669,Luganville,Vanuatu,VUT,0,0,0,0,0,0,0,0,0,0,0,0,0,0,0,0,0,0,0,0,0
2024-07-29 00:00:00+00:00,2024,7,29,port980,Port Vila,Vanuatu,VUT,0,0,0,0,0,0,0,0,0,0,0,0,0,0,0,0,0,0,0,0,0
2024-07-28 00:00:00+00:00,2024,7,28,port669,Luganville,Vanuatu,VUT,0,0,0,0,0,0,0,0,0,0,0,0,0,0,0,0,0,0,0,0,0
2024-07-28 00:00:00+00:00,2024,7,28,port980,Port Vila,Vanuatu,VUT,0,0,1,0,0,1,1,0,0,0,0,0,0,0,0,0,0,0,0,0,0
2024-07-27 00:00:00+00:00,2024,7,27,port669,Luganville,Vanuatu,VUT,0,0,0,0,0,0,0,0,0,0,0,0,0,0,0,0,0,0,0,0,0
2024-07-27 00:00:00+00:00,2024,7,27,port980,Port Vila,Vanuatu,VUT,0,0,0,0,0,0,0,0,0,0,0,0,0,0,0,0,0,0,0,0,0
2024-07-26 00:00:00+00:00,2024,7,26,port669,Luganville,Vanuatu,VUT,0,0,0,0,0,0,0,0,0,0,0,0,0,0,0,0,0,0,0,0,0
2024-07-26 00:00:00+00:00,2024,7,26,port980,Port Vila,Vanuatu,VUT,1,0,0,0,0,1,1,1240,0,0,0,0,1240,1240,125,0,0,0,0,125,125
2024-07-25 00:00:00+00:00,2024,7,25,port669,Luganville,Vanuatu,VUT,0,0,0,0,0,0,0,0,0,0,0,0,0,0,0,0,0,0,0,0,0
2024-07-25 00:00:00+00:00,2024,7,25,port980,Port Vila,Vanuatu,VUT,0,0,0,0,0,0,0,0,0,0,0,0,0,0,0,0,0,0,0,0,0
2024-07-24 00:00:00+00:00,2024,7,24,port669,Luganville,Vanuatu,VUT,0,0,0,0,0,0,0,0,0,0,0,0,0,0,0,0,0,0,0,0,0
2024-07-24 00:00:00+00:00,2024,7,24,port980,Port Vila,Vanuatu,VUT,0,0,0,0,0,0,0,0,0,0,0,0,0,0,0,0,0,0,0,0,0
2024-07-23 00:00:00+00:00,2024,7,23,port669,Luganville,Vanuatu,VUT,0,0,0,0,0,0,0,0,0,0,0,0,0,0,0,0,0,0,0,0,0
2024-07-23 00:00:00+00:00,2024,7,23,port980,Port Vila,Vanuatu,VUT,0,0,0,0,0,0,0,0,0,0,0,0,0,0,0,0,0,0,0,0,0
2024-07-22 00:00:00+00:00,2024,7,22,port669,Luganville,Vanuatu,VUT,0,0,0,0,0,0,0,0,0,0,0,0,0,0,0,0,0,0,0,0,0
2024-07-22 00:00:00+00:00,2024,7,22,port980,Port Vila,Vanuatu,VUT,0,0,1,0,0,1,1,0,0,316,0,0,316,316,0,0,0,0,0,0,0
2024-07-21 00:00:00+00:00,2024,7,21,port669,Luganville,Vanuatu,VUT,0,0,0,0,0,0,0,0,0,0,0,0,0,0,0,0,0,0,0,0,0
2024-07-21 00:00:00+00:00,2024,7,21,port980,Port Vila,Vanuatu,VUT,0,0,0,0,0,0,0,0,0,0,0,0,0,0,0,0,0,0,0,0,0
2024-07-20 00:00:00+00:00,2024,7,20,port669,Luganville,Vanuatu,VUT,0,0,1,0,0,1,1,0,0,1271,0,0,1271,1271,0,0,0,0,0,0,0
2024-07-20 00:00:00+00:00,2024,7,20,port980,Port Vila,Vanuatu,VUT,0,0,0,0,0,0,0,0,0,0,0,0,0,0,0,0,0,0,0,0,0
2024-07-19 00:00:00+00:00,2024,7,19,port669,Luganville,Vanuatu,VUT,0,0,0,0,0,0,0,0,0,0,0,0,0,0,0,0,0,0,0,0,0
2024-07-19 00:00:00+00:00,2024,7,19,port980,Port Vila,Vanuatu,VUT,0,0,0,0,0,0,0,0,0,0,0,0,0,0,0,0,0,0,0,0,0
2024-07-18 00:00:00+00:00,2024,7,18,port669,Luganville,Vanuatu,VUT,0,0,0,0,0,0,0,0,0,0,0,0,0,0,0,0,0,0,0,0,0
2024-07-18 00:00:00+00:00,2024,7,18,port980,Port Vila,Vanuatu,VUT,0,0,0,0,0,0,0,0,0,0,0,0,0,0,0,0,0,0,0,0,0
2024-07-17 00:00:00+00:00,2024,7,17,port669,Luganville,Vanuatu,VUT,0,0,0,0,0,0,0,0,0,0,0,0,0,0,0,0,0,0,0,0,0
2024-07-17 00:00:00+00:00,2024,7,17,port980,Port Vila,Vanuatu,VUT,0,0,0,0,1,0,1,0,0,0,0,0,0,0,0,0,0,0,0,0,0
2024-07-16 00:00:00+00:00,2024,7,16,port669,Luganville,Vanuatu,VUT,0,0,0,0,0,0,0,0,0,0,0,0,0,0,0,0,0,0,0,0,0
2024-07-16 00:00:00+00:00,2024,7,16,port980,Port Vila,Vanuatu,VUT,1,0,0,0,0,1,1,3048,0,0,0,0,3048,3048,0,0,0,0,0,0,0
2024-07-15 00:00:00+00:00,2024,7,15,port669,Luganville,Vanuatu,VUT,0,0,0,0,0,0,0,0,0,0,0,0,0,0,0,0,0,0,0,0,0
2024-07-15 00:00:00+00:00,2024,7,15,port980,Port Vila,Vanuatu,VUT,0,0,0,0,0,0,0,0,0,0,0,0,0,0,0,0,0,0,0,0,0
2024-07-14 00:00:00+00:00,2024,7,14,port669,Luganville,Vanuatu,VUT,0,0,0,0,0,0,0,0,0,0,0,0,0,0,0,0,0,0,0,0,0
2024-07-14 00:00:00+00:00,2024,7,14,port980,Port Vila,Vanuatu,VUT,0,0,1,0,0,1,1,0,0,0,0,0,0,0,0,0,0,0,0,0,0
2024-07-13 00:00:00+00:00,2024,7,13,port669,Luganville,Vanuatu,VUT,0,0,0,0,0,0,0,0,0,0,0,0,0,0,0,0,0,0,0,0,0
2024-07-13 00:00:00+00:00,2024,7,13,port980,Port Vila,Vanuatu,VUT,0,0,0,0,0,0,0,0,0,0,0,0,0,0,0,0,0,0,0,0,0
2024-07-12 00:00:00+00:00,2024,7,12,port669,Luganville,Vanuatu,VUT,0,0,0,0,0,0,0,0,0,0,0,0,0,0,0,0,0,0,0,0,0
2024-07-12 00:00:00+00:00,2024,7,12,port980,Port Vila,Vanuatu,VUT,1,0,0,0,0,1,1,1240,0,0,0,0,1240,1240,125,0,0,0,0,125,125
2024-07-11 00:00:00+00:00,2024,7,11,port669,Luganville,Vanuatu,VUT,0,0,1,0,0,1,1,0,0,399,0,0,399,399,0,0,0,0,0,0,0
2024-07-11 00:00:00+00:00,2024,7,11,port980,Port Vila,Vanuatu,VUT,0,0,0,0,0,0,0,0,0,0,0,0,0,0,0,0,0,0,0,0,0
2024-07-10 00:00:00+00:00,2024,7,10,port669,Luganville,Vanuatu,VUT,0,0,0,0,0,0,0,0,0,0,0,0,0,0,0,0,0,0,0,0,0
2024-07-10 00:00:00+00:00,2024,7,10,port980,Port Vila,Vanuatu,VUT,0,0,1,0,0,1,1,0,0,832,0,0,832,832,0,0,183,0,0,183,183
2024-07-09 00:00:00+00:00,2024,7,9,port669,Luganville,Vanuatu,VUT,0,0,0,0,0,0,0,0,0,0,0,0,0,0,0,0,0,0,0,0,0
2024-07-09 00:00:00+00:00,2024,7,9,port980,Port Vila,Vanuatu,VUT,0,0,0,0,0,0,0,0,0,0,0,0,0,0,0,0,0,0,0,0,0
2024-07-08 00:00:00+00:00,2024,7,8,port669,Luganville,Vanuatu,VUT,0,0,0,0,0,0,0,0,0,0,0,0,0,0,0,0,0,0,0,0,0
2024-07-08 00:00:00+00:00,2024,7,8,port980,Port Vila,Vanuatu,VUT,1,0,0,0,1,1,2,945,0,0,0,0,945,945,0,0,0,0,0,0,0
2024-07-07 00:00:00+00:00,2024,7,7,port669,Luganville,Vanuatu,VUT,1,0,0,0,0,1,1,828,0,0,0,0,828,828,146,0,0,0,0,146,146
2024-07-07 00:00:00+00:00,2024,7,7,port980,Port Vila,Vanuatu,VUT,0,0,0,0,0,0,0,0,0,0,0,0,0,0,0,0,0,0,0,0,0
2024-07-06 00:00:00+00:00,2024,7,6,port669,Luganville,Vanuatu,VUT,0,0,0,0,0,0,0,0,0,0,0,0,0,0,0,0,0,0,0,0,0
2024-07-06 00:00:00+00:00,2024,7,6,port980,Port Vila,Vanuatu,VUT,0,0,0,0,1,0,1,0,0,0,0,29663,0,29663,0,0,0,0,0,0,0
2024-07-05 00:00:00+00:00,2024,7,5,port669,Luganville,Vanuatu,VUT,0,0,0,0,0,0,0,0,0,0,0,0,0,0,0,0,0,0,0,0,0
2024-07-05 00:00:00+00:00,2024,7,5,port980,Port Vila,Vanuatu,VUT,0,1,0,0,0,1,1,0,0,0,0,0,0,0,0,0,0,0,0,0,0
2024-07-04 00:00:00+00:00,2024,7,4,port669,Luganville,Vanuatu,VUT,0,0,0,0,0,0,0,0,0,0,0,0,0,0,0,0,0,0,0,0,0
2024-07-04 00:00:00+00:00,2024,7,4,port980,Port Vila,Vanuatu,VUT,1,0,0,0,0,1,1,317,0,0,0,0,317,317,0,0,0,0,0,0,0
2024-07-03 00:00:00+00:00,2024,7,3,port669,Luganville,Vanuatu,VUT,1,0,0,0,0,1,1,3027,0,0,0,0,3027,3027,0,0,0,0,0,0,0
2024-07-03 00:00:00+00:00,2024,7,3,port980,Port Vila,Vanuatu,VUT,1,0,0,0,0,1,1,1032,0,0,0,0,1032,1032,377,0,0,0,0,377,377
2024-07-02 00:00:00+00:00,2024,7,2,port669,Luganville,Vanuatu,VUT,0,0,0,0,0,0,0,0,0,0,0,0,0,0,0,0,0,0,0,0,0
2024-07-02 00:00:00+00:00,2024,7,2,port980,Port Vila,Vanuatu,VUT,0,0,0,0,0,0,0,0,0,0,0,0,0,0,0,0,0,0,0,0,0
2024-07-01 00:00:00+00:00,2024,7,1,port669,Luganville,Vanuatu,VUT,0,0,0,0,0,0,0,0,0,0,0,0,0,0,0,0,0,0,0,0,0
2024-07-01 00:00:00+00:00,2024,7,1,port980,Port Vila,Vanuatu,VUT,0,0,0,0,0,0,0,0,0,0,0,0,0,0,0,0,0,0,0,0,0
2024-06-30 00:00:00+00:00,2024,6,30,port669,Luganville,Vanuatu,VUT,0,0,0,0,0,0,0,0,0,0,0,0,0,0,0,0,0,0,0,0,0
2024-06-30 00:00:00+00:00,2024,6,30,port980,Port Vila,Vanuatu,VUT,0,0,0,0,0,0,0,0,0,0,0,0,0,0,0,0,0,0,0,0,0
2024-06-29 00:00:00+00:00,2024,6,29,port669,Luganville,Vanuatu,VUT,0,0,0,0,0,0,0,0,0,0,0,0,0,0,0,0,0,0,0,0,0
2024-06-29 00:00:00+00:00,2024,6,29,port980,Port Vila,Vanuatu,VUT,0,0,1,0,0,1,1,0,0,0,0,0,0,0,0,0,0,0,0,0,0
2024-06-28 00:00:00+00:00,2024,6,28,port669,Luganville,Vanuatu,VUT,0,0,0,0,0,0,0,0,0,0,0,0,0,0,0,0,0,0,0,0,0
2024-06-28 00:00:00+00:00,2024,6,28,port980,Port Vila,Vanuatu,VUT,1,0,0,0,0,1,1,1240,0,0,0,0,1240,1240,125,0,0,0,0,125,125
2024-06-27 00:00:00+00:00,2024,6,27,port669,Luganville,Vanuatu,VUT,0,0,0,0,1,0,1,0,0,0,0,4714,0,4714,0,0,0,0,0,0,0
2024-06-27 00:00:00+00:00,2024,6,27,port980,Port Vila,Vanuatu,VUT,0,0,0,0,0,0,0,0,0,0,0,0,0,0,0,0,0,0,0,0,0
2024-06-26 00:00:00+00:00,2024,6,26,port669,Luganville,Vanuatu,VUT,0,0,0,0,0,0,0,0,0,0,0,0,0,0,0,0,0,0,0,0,0
2024-06-26 00:00:00+00:00,2024,6,26,port980,Port Vila,Vanuatu,VUT,0,0,0,0,0,0,0,0,0,0,0,0,0,0,0,0,0,0,0,0,0
2024-06-25 00:00:00+00:00,2024,6,25,port669,Luganville,Vanuatu,VUT,0,0,0,0,0,0,0,0,0,0,0,0,0,0,0,0,0,0,0,0,0
2024-06-25 00:00:00+00:00,2024,6,25,port980,Port Vila,Vanuatu,VUT,0,0,0,0,0,0,0,0,0,0,0,0,0,0,0,0,0,0,0,0,0
2024-06-24 00:00:00+00:00,2024,6,24,port669,Luganville,Vanuatu,VUT,0,0,0,0,0,0,0,0,0,0,0,0,0,0,0,0,0,0,0,0,0
2024-06-24 00:00:00+00:00,2024,6,24,port980,Port Vila,Vanuatu,VUT,0,0,0,0,0,0,0,0,0,0,0,0,0,0,0,0,0,0,0,0,0
2024-06-23 00:00:00+00:00,2024,6,23,port669,Luganville,Vanuatu,VUT,0,0,0,0,0,0,0,0,0,0,0,0,0,0,0,0,0,0,0,0,0
2024-06-23 00:00:00+00:00,2024,6,23,port980,Port Vila,Vanuatu,VUT,0,0,0,0,0,0,0,0,0,0,0,0,0,0,0,0,0,0,0,0,0
2024-06-22 00:00:00+00:00,2024,6,22,port669,Luganville,Vanuatu,VUT,0,0,0,0,0,0,0,0,0,0,0,0,0,0,0,0,0,0,0,0,0
2024-06-22 00:00:00+00:00,2024,6,22,port980,Port Vila,Vanuatu,VUT,0,0,0,0,0,0,0,0,0,0,0,0,0,0,0,0,0,0,0,0,0
2024-06-21 00:00:00+00:00,2024,6,21,port669,Luganville,Vanuatu,VUT,0,0,0,0,0,0,0,0,0,0,0,0,0,0,0,0,0,0,0,0,0
2024-06-21 00:00:00+00:00,2024,6,21,port980,Port Vila,Vanuatu,VUT,0,0,0,0,0,0,0,0,0,0,0,0,0,0,0,0,0,0,0,0,0
2024-06-20 00:00:00+00:00,2024,6,20,port669,Luganville,Vanuatu,VUT,0,0,0,0,0,0,0,0,0,0,0,0,0,0,0,0,0,0,0,0,0
2024-06-20 00:00:00+00:00,2024,6,20,port980,Port Vila,Vanuatu,VUT,1,0,0,0,0,1,1,1624,0,0,0,0,1624,1624,0,0,0,0,0,0,0
2024-06-19 00:00:00+00:00,2024,6,19,port669,Luganville,Vanuatu,VUT,0,0,0,0,0,0,0,0,0,0,0,0,0,0,0,0,0,0,0,0,0
2024-06-19 00:00:00+00:00,2024,6,19,port980,Port Vila,Vanuatu,VUT,0,0,1,0,0,1,1,0,0,832,0,0,832,832,0,0,183,0,0,183,183
2024-06-18 00:00:00+00:00,2024,6,18,port669,Luganville,Vanuatu,VUT,0,0,1,0,0,1,1,0,0,1584,0,0,1584,1584,0,0,0,0,0,0,0
2024-06-18 00:00:00+00:00,2024,6,18,port980,Port Vila,Vanuatu,VUT,0,0,1,0,0,1,1,0,0,832,0,0,832,832,0,0,183,0,0,183,183
2024-06-17 00:00:00+00:00,2024,6,17,port669,Luganville,Vanuatu,VUT,0,0,0,0,0,0,0,0,0,0,0,0,0,0,0,0,0,0,0,0,0
2024-06-17 00:00:00+00:00,2024,6,17,port980,Port Vila,Vanuatu,VUT,0,0,1,0,0,1,1,0,0,594,0,0,594,594,0,0,0,0,0,0,0
2024-06-16 00:00:00+00:00,2024,6,16,port669,Luganville,Vanuatu,VUT,0,0,1,0,0,1,1,0,0,1198,0,0,1198,1198,0,0,0,0,0,0,0
2024-06-16 00:00:00+00:00,2024,6,16,port980,Port Vila,Vanuatu,VUT,1,0,0,0,0,1,1,1032,0,0,0,0,1032,1032,377,0,0,0,0,377,377
2024-06-15 00:00:00+00:00,2024,6,15,port669,Luganville,Vanuatu,VUT,0,0,0,0,0,0,0,0,0,0,0,0,0,0,0,0,0,0,0,0,0
2024-06-15 00:00:00+00:00,2024,6,15,port980,Port Vila,Vanuatu,VUT,0,0,0,0,1,0,1,0,0,0,0,311,0,311,0,0,0,0,175,0,175
2024-06-14 00:00:00+00:00,2024,6,14,port669,Luganville,Vanuatu,VUT,0,0,0,0,0,0,0,0,0,0,0,0,0,0,0,0,0,0,0,0,0
2024-06-14 00:00:00+00:00,2024,6,14,port980,Port Vila,Vanuatu,VUT,0,0,0,0,0,0,0,0,0,0,0,0,0,0,0,0,0,0,0,0,0
2024-06-13 00:00:00+00:00,2024,6,13,port669,Luganville,Vanuatu,VUT,0,0,0,0,0,0,0,0,0,0,0,0,0,0,0,0,0,0,0,0,0
2024-06-13 00:00:00+00:00,2024,6,13,port980,Port Vila,Vanuatu,VUT,0,0,0,0,0,0,0,0,0,0,0,0,0,0,0,0,0,0,0,0,0
2024-06-12 00:00:00+00:00,2024,6,12,port669,Luganville,Vanuatu,VUT,0,0,0,0,0,0,0,0,0,0,0,0,0,0,0,0,0,0,0,0,0
2024-06-12 00:00:00+00:00,2024,6,12,port980,Port Vila,Vanuatu,VUT,0,0,0,0,0,0,0,0,0,0,0,0,0,0,0,0,0,0,0,0,0
2024-06-11 00:00:00+00:00,2024,6,11,port669,Luganville,Vanuatu,VUT,0,0,0,0,0,0,0,0,0,0,0,0,0,0,0,0,0,0,0,0,0
2024-06-11 00:00:00+00:00,2024,6,11,port980,Port Vila,Vanuatu,VUT,1,0,0,0,0,1,1,970,0,0,0,0,970,970,0,0,0,0,0,0,0
2024-06-10 00:00:00+00:00,2024,6,10,port669,Luganville,Vanuatu,VUT,0,0,0,0,0,0,0,0,0,0,0,0,0,0,0,0,0,0,0,0,0
2024-06-10 00:00:00+00:00,2024,6,10,port980,Port Vila,Vanuatu,VUT,0,0,0,0,0,0,0,0,0,0,0,0,0,0,0,0,0,0,0,0,0
2024-06-09 00:00:00+00:00,2024,6,9,port669,Luganville,Vanuatu,VUT,1,0,0,0,0,1,1,1298,0,0,0,0,1298,1298,0,0,0,0,0,0,0
2024-06-09 00:00:00+00:00,2024,6,9,port980,Port Vila,Vanuatu,VUT,0,0,0,0,0,0,0,0,0,0,0,0,0,0,0,0,0,0,0,0,0
2024-06-08 00:00:00+00:00,2024,6,8,port669,Luganville,Vanuatu,VUT,0,0,0,0,0,0,0,0,0,0,0,0,0,0,0,0,0,0,0,0,0
2024-06-08 00:00:00+00:00,2024,6,8,port980,Port Vila,Vanuatu,VUT,0,0,0,0,0,0,0,0,0,0,0,0,0,0,0,0,0,0,0,0,0
2024-06-07 00:00:00+00:00,2024,6,7,port669,Luganville,Vanuatu,VUT,1,0,0,0,0,1,1,0,0,0,0,0,0,0,1729,0,0,0,0,1729,1729
2024-06-07 00:00:00+00:00,2024,6,7,port980,Port Vila,Vanuatu,VUT,0,0,0,0,0,0,0,0,0,0,0,0,0,0,0,0,0,0,0,0,0
2024-06-06 00:00:00+00:00,2024,6,6,port669,Luganville,Vanuatu,VUT,0,0,0,0,0,0,0,0,0,0,0,0,0,0,0,0,0,0,0,0,0
2024-06-06 00:00:00+00:00,2024,6,6,port980,Port Vila,Vanuatu,VUT,0,0,0,0,1,0,1,0,0,0,0,0,0,0,0,0,0,0,0,0,0
2024-06-05 00:00:00+00:00,2024,6,5,port669,Luganville,Vanuatu,VUT,0,0,0,0,0,0,0,0,0,0,0,0,0,0,0,0,0,0,0,0,0
2024-06-05 00:00:00+00:00,2024,6,5,port980,Port Vila,Vanuatu,VUT,0,0,0,0,0,0,0,0,0,0,0,0,0,0,0,0,0,0,0,0,0
2024-06-04 00:00:00+00:00,2024,6,4,port669,Luganville,Vanuatu,VUT,0,0,0,0,0,0,0,0,0,0,0,0,0,0,0,0,0,0,0,0,0
2024-06-04 00:00:00+00:00,2024,6,4,port980,Port Vila,Vanuatu,VUT,0,0,0,0,0,0,0,0,0,0,0,0,0,0,0,0,0,0,0,0,0
2024-06-03 00:00:00+00:00,2024,6,3,port669,Luganville,Vanuatu,VUT,0,0,0,0,0,0,0,0,0,0,0,0,0,0,0,0,0,0,0,0,0
2024-06-03 00:00:00+00:00,2024,6,3,port980,Port Vila,Vanuatu,VUT,0,0,0,0,0,0,0,0,0,0,0,0,0,0,0,0,0,0,0,0,0
2024-06-02 00:00:00+00:00,2024,6,2,port669,Luganville,Vanuatu,VUT,0,0,1,0,0,1,1,0,0,0,0,0,0,0,0,0,1152,0,0,1152,1152
2024-06-02 00:00:00+00:00,2024,6,2,port980,Port Vila,Vanuatu,VUT,0,0,1,0,0,1,1,0,0,832,0,0,832,832,0,0,183,0,0,183,183
2024-06-01 00:00:00+00:00,2024,6,1,port669,Luganville,Vanuatu,VUT,0,0,0,0,0,0,0,0,0,0,0,0,0,0,0,0,0,0,0,0,0
2024-06-01 00:00:00+00:00,2024,6,1,port980,Port Vila,Vanuatu,VUT,0,0,0,0,0,0,0,0,0,0,0,0,0,0,0,0,0,0,0,0,0
2024-05-31 00:00:00+00:00,2024,5,31,port669,Luganville,Vanuatu,VUT,0,0,0,0,0,0,0,0,0,0,0,0,0,0,0,0,0,0,0,0,0
2024-05-31 00:00:00+00:00,2024,5,31,port980,Port Vila,Vanuatu,VUT,0,0,0,0,0,0,0,0,0,0,0,0,0,0,0,0,0,0,0,0,0
2024-05-30 00:00:00+00:00,2024,5,30,port669,Luganville,Vanuatu,VUT,0,0,0,0,0,0,0,0,0,0,0,0,0,0,0,0,0,0,0,0,0
2024-05-30 00:00:00+00:00,2024,5,30,port980,Port Vila,Vanuatu,VUT,1,0,0,0,0,1,1,0,0,0,0,0,0,0,777,0,0,0,0,777,777
2024-05-29 00:00:00+00:00,2024,5,29,port669,Luganville,Vanuatu,VUT,0,0,0,0,0,0,0,0,0,0,0,0,0,0,0,0,0,0,0,0,0
2024-05-29 00:00:00+00:00,2024,5,29,port980,Port Vila,Vanuatu,VUT,0,0,0,0,0,0,0,0,0,0,0,0,0,0,0,0,0,0,0,0,0
2024-05-28 00:00:00+00:00,2024,5,28,port669,Luganville,Vanuatu,VUT,0,0,0,0,0,0,0,0,0,0,0,0,0,0,0,0,0,0,0,0,0
2024-05-28 00:00:00+00:00,2024,5,28,port980,Port Vila,Vanuatu,VUT,0,0,0,0,0,0,0,0,0,0,0,0,0,0,0,0,0,0,0,0,0
2024-05-27 00:00:00+00:00,2024,5,27,port669,Luganville,Vanuatu,VUT,0,0,0,0,0,0,0,0,0,0,0,0,0,0,0,0,0,0,0,0,0
2024-05-27 00:00:00+00:00,2024,5,27,port980,Port Vila,Vanuatu,VUT,1,0,0,0,0,1,1,1240,0,0,0,0,1240,1240,125,0,0,0,0,125,125
2024-05-26 00:00:00+00:00,2024,5,26,port669,Luganville,Vanuatu,VUT,0,0,0,0,0,0,0,0,0,0,0,0,0,0,0,0,0,0,0,0,0
2024-05-26 00:00:00+00:00,2024,5,26,port980,Port Vila,Vanuatu,VUT,0,0,0,0,0,0,0,0,0,0,0,0,0,0,0,0,0,0,0,0,0
2024-05-25 00:00:00+00:00,2024,5,25,port669,Luganville,Vanuatu,VUT,0,0,0,0,0,0,0,0,0,0,0,0,0,0,0,0,0,0,0,0,0
2024-05-25 00:00:00+00:00,2024,5,25,port980,Port Vila,Vanuatu,VUT,0,0,1,0,0,1,1,0,0,1007,0,0,1007,1007,0,0,0,0,0,0,0
2024-05-24 00:00:00+00:00,2024,5,24,port669,Luganville,Vanuatu,VUT,0,0,0,0,0,0,0,0,0,0,0,0,0,0,0,0,0,0,0,0,0
2024-05-24 00:00:00+00:00,2024,5,24,port980,Port Vila,Vanuatu,VUT,0,0,0,0,0,0,0,0,0,0,0,0,0,0,0,0,0,0,0,0,0
2024-05-23 00:00:00+00:00,2024,5,23,port669,Luganville,Vanuatu,VUT,0,0,1,0,0,1,1,0,0,883,0,0,883,883,0,0,314,0,0,314,314
2024-05-23 00:00:00+00:00,2024,5,23,port980,Port Vila,Vanuatu,VUT,0,0,0,0,0,0,0,0,0,0,0,0,0,0,0,0,0,0,0,0,0
2024-05-22 00:00:00+00:00,2024,5,22,port669,Luganville,Vanuatu,VUT,0,0,0,0,0,0,0,0,0,0,0,0,0,0,0,0,0,0,0,0,0
2024-05-22 00:00:00+00:00,2024,5,22,port980,Port Vila,Vanuatu,VUT,0,0,0,0,0,0,0,0,0,0,0,0,0,0,0,0,0,0,0,0,0
2024-05-21 00:00:00+00:00,2024,5,21,port669,Luganville,Vanuatu,VUT,0,0,0,0,0,0,0,0,0,0,0,0,0,0,0,0,0,0,0,0,0
2024-05-21 00:00:00+00:00,2024,5,21,port980,Port Vila,Vanuatu,VUT,0,0,1,0,0,1,1,0,0,316,0,0,316,316,0,0,0,0,0,0,0
2024-05-20 00:00:00+00:00,2024,5,20,port669,Luganville,Vanuatu,VUT,0,0,1,0,0,1,1,0,0,950,0,0,950,950,0,0,0,0,0,0,0
2024-05-20 00:00:00+00:00,2024,5,20,port980,Port Vila,Vanuatu,VUT,0,0,0,0,0,0,0,0,0,0,0,0,0,0,0,0,0,0,0,0,0
2024-05-19 00:00:00+00:00,2024,5,19,port669,Luganville,Vanuatu,VUT,0,0,0,0,0,0,0,0,0,0,0,0,0,0,0,0,0,0,0,0,0
2024-05-19 00:00:00+00:00,2024,5,19,port980,Port Vila,Vanuatu,VUT,0,0,0,0,0,0,0,0,0,0,0,0,0,0,0,0,0,0,0,0,0
2024-05-18 00:00:00+00:00,2024,5,18,port669,Luganville,Vanuatu,VUT,0,0,0,0,0,0,0,0,0,0,0,0,0,0,0,0,0,0,0,0,0
2024-05-18 00:00:00+00:00,2024,5,18,port980,Port Vila,Vanuatu,VUT,0,0,0,0,0,0,0,0,0,0,0,0,0,0,0,0,0,0,0,0,0
2024-05-17 00:00:00+00:00,2024,5,17,port669,Luganville,Vanuatu,VUT,0,0,0,0,0,0,0,0,0,0,0,0,0,0,0,0,0,0,0,0,0
2024-05-17 00:00:00+00:00,2024,5,17,port980,Port Vila,Vanuatu,VUT,0,0,0,0,0,0,0,0,0,0,0,0,0,0,0,0,0,0,0,0,0
2024-05-16 00:00:00+00:00,2024,5,16,port669,Luganville,Vanuatu,VUT,0,0,0,0,0,0,0,0,0,0,0,0,0,0,0,0,0,0,0,0,0
2024-05-16 00:00:00+00:00,2024,5,16,port980,Port Vila,Vanuatu,VUT,0,0,0,0,0,0,0,0,0,0,0,0,0,0,0,0,0,0,0,0,0
2024-05-15 00:00:00+00:00,2024,5,15,port669,Luganville,Vanuatu,VUT,0,0,0,0,0,0,0,0,0,0,0,0,0,0,0,0,0,0,0,0,0
2024-05-15 00:00:00+00:00,2024,5,15,port980,Port Vila,Vanuatu,VUT,1,0,0,0,0,1,1,1351,0,0,0,0,1351,1351,0,0,0,0,0,0,0
2024-05-14 00:00:00+00:00,2024,5,14,port669,Luganville,Vanuatu,VUT,0,0,0,0,0,0,0,0,0,0,0,0,0,0,0,0,0,0,0,0,0
2024-05-14 00:00:00+00:00,2024,5,14,port980,Port Vila,Vanuatu,VUT,0,0,0,0,0,0,0,0,0,0,0,0,0,0,0,0,0,0,0,0,0
2024-05-13 00:00:00+00:00,2024,5,13,port669,Luganville,Vanuatu,VUT,0,0,0,0,0,0,0,0,0,0,0,0,0,0,0,0,0,0,0,0,0
2024-05-13 00:00:00+00:00,2024,5,13,port980,Port Vila,Vanuatu,VUT,0,0,0,0,0,0,0,0,0,0,0,0,0,0,0,0,0,0,0,0,0
2024-05-12 00:00:00+00:00,2024,5,12,port669,Luganville,Vanuatu,VUT,0,0,0,0,0,0,0,0,0,0,0,0,0,0,0,0,0,0,0,0,0
2024-05-12 00:00:00+00:00,2024,5,12,port980,Port Vila,Vanuatu,VUT,0,0,0,0,1,0,1,0,0,0,0,159,0,159,0,0,0,0,0,0,0
2024-05-11 00:00:00+00:00,2024,5,11,port669,Luganville,Vanuatu,VUT,0,0,0,0,0,0,0,0,0,0,0,0,0,0,0,0,0,0,0,0,0
2024-05-11 00:00:00+00:00,2024,5,11,port980,Port Vila,Vanuatu,VUT,0,0,0,0,0,0,0,0,0,0,0,0,0,0,0,0,0,0,0,0,0
2024-05-10 00:00:00+00:00,2024,5,10,port669,Luganville,Vanuatu,VUT,1,0,0,0,0,1,1,1021,0,0,0,0,1021,1021,243,0,0,0,0,243,243
2024-05-10 00:00:00+00:00,2024,5,10,port980,Port Vila,Vanuatu,VUT,0,0,0,0,0,0,0,0,0,0,0,0,0,0,0,0,0,0,0,0,0
2024-05-09 00:00:00+00:00,2024,5,9,port669,Luganville,Vanuatu,VUT,0,0,0,0,0,0,0,0,0,0,0,0,0,0,0,0,0,0,0,0,0
2024-05-09 00:00:00+00:00,2024,5,9,port980,Port Vila,Vanuatu,VUT,1,0,0,0,0,1,1,436,0,0,0,0,436,436,0,0,0,0,0,0,0
2024-05-08 00:00:00+00:00,2024,5,8,port669,Luganville,Vanuatu,VUT,0,0,0,0,0,0,0,0,0,0,0,0,0,0,0,0,0,0,0,0,0
2024-05-08 00:00:00+00:00,2024,5,8,port980,Port Vila,Vanuatu,VUT,1,0,0,0,0,1,1,0,0,0,0,0,0,0,318,0,0,0,0,318,318
2024-05-07 00:00:00+00:00,2024,5,7,port669,Luganville,Vanuatu,VUT,0,0,0,0,0,0,0,0,0,0,0,0,0,0,0,0,0,0,0,0,0
2024-05-07 00:00:00+00:00,2024,5,7,port980,Port Vila,Vanuatu,VUT,0,0,0,0,0,0,0,0,0,0,0,0,0,0,0,0,0,0,0,0,0
2024-05-06 00:00:00+00:00,2024,5,6,port669,Luganville,Vanuatu,VUT,0,0,0,0,0,0,0,0,0,0,0,0,0,0,0,0,0,0,0,0,0
2024-05-06 00:00:00+00:00,2024,5,6,port980,Port Vila,Vanuatu,VUT,0,0,0,0,0,0,0,0,0,0,0,0,0,0,0,0,0,0,0,0,0
2024-05-05 00:00:00+00:00,2024,5,5,port669,Luganville,Vanuatu,VUT,0,0,0,0,0,0,0,0,0,0,0,0,0,0,0,0,0,0,0,0,0
2024-05-05 00:00:00+00:00,2024,5,5,port980,Port Vila,Vanuatu,VUT,0,0,0,0,0,0,0,0,0,0,0,0,0,0,0,0,0,0,0,0,0
2024-05-04 00:00:00+00:00,2024,5,4,port669,Luganville,Vanuatu,VUT,0,0,0,0,0,0,0,0,0,0,0,0,0,0,0,0,0,0,0,0,0
2024-05-04 00:00:00+00:00,2024,5,4,port980,Port Vila,Vanuatu,VUT,0,0,0,0,0,0,0,0,0,0,0,0,0,0,0,0,0,0,0,0,0
2024-05-03 00:00:00+00:00,2024,5,3,port669,Luganville,Vanuatu,VUT,0,0,0,0,0,0,0,0,0,0,0,0,0,0,0,0,0,0,0,0,0
2024-05-03 00:00:00+00:00,2024,5,3,port980,Port Vila,Vanuatu,VUT,0,0,0,0,0,0,0,0,0,0,0,0,0,0,0,0,0,0,0,0,0
2024-05-02 00:00:00+00:00,2024,5,2,port669,Luganville,Vanuatu,VUT,0,0,0,0,0,0,0,0,0,0,0,0,0,0,0,0,0,0,0,0,0
2024-05-02 00:00:00+00:00,2024,5,2,port980,Port Vila,Vanuatu,VUT,1,0,1,0,0,2,2,986,0,947,0,0,1933,1933,0,0,0,0,0,0,0
2024-05-01 00:00:00+00:00,2024,5,1,port669,Luganville,Vanuatu,VUT,0,0,0,0,0,0,0,0,0,0,0,0,0,0,0,0,0,0,0,0,0
2024-05-01 00:00:00+00:00,2024,5,1,port980,Port Vila,Vanuatu,VUT,0,0,0,0,0,0,0,0,0,0,0,0,0,0,0,0,0,0,0,0,0
2024-04-30 00:00:00+00:00,2024,4,30,port669,Luganville,Vanuatu,VUT,0,0,0,0,0,0,0,0,0,0,0,0,0,0,0,0,0,0,0,0,0
2024-04-30 00:00:00+00:00,2024,4,30,port980,Port Vila,Vanuatu,VUT,2,0,0,0,0,2,2,0,0,0,0,0,0,0,1877,0,0,0,0,1877,1877
2024-04-29 00:00:00+00:00,2024,4,29,port669,Luganville,Vanuatu,VUT,0,0,1,0,0,1,1,0,0,883,0,0,883,883,0,0,314,0,0,314,314
2024-04-29 00:00:00+00:00,2024,4,29,port980,Port Vila,Vanuatu,VUT,0,0,0,0,0,0,0,0,0,0,0,0,0,0,0,0,0,0,0,0,0
2024-04-28 00:00:00+00:00,2024,4,28,port669,Luganville,Vanuatu,VUT,0,0,0,0,0,0,0,0,0,0,0,0,0,0,0,0,0,0,0,0,0
2024-04-28 00:00:00+00:00,2024,4,28,port980,Port Vila,Vanuatu,VUT,0,0,0,0,0,0,0,0,0,0,0,0,0,0,0,0,0,0,0,0,0
2024-04-27 00:00:00+00:00,2024,4,27,port669,Luganville,Vanuatu,VUT,1,0,0,0,0,1,1,324,0,0,0,0,324,324,0,0,0,0,0,0,0
2024-04-27 00:00:00+00:00,2024,4,27,port980,Port Vila,Vanuatu,VUT,0,0,1,0,0,1,1,0,0,832,0,0,832,832,0,0,183,0,0,183,183
2024-04-26 00:00:00+00:00,2024,4,26,port669,Luganville,Vanuatu,VUT,0,0,0,0,0,0,0,0,0,0,0,0,0,0,0,0,0,0,0,0,0
2024-04-26 00:00:00+00:00,2024,4,26,port980,Port Vila,Vanuatu,VUT,0,0,0,0,0,0,0,0,0,0,0,0,0,0,0,0,0,0,0,0,0
2024-04-25 00:00:00+00:00,2024,4,25,port669,Luganville,Vanuatu,VUT,0,0,1,0,0,1,1,0,0,1211,0,0,1211,1211,0,0,0,0,0,0,0
2024-04-25 00:00:00+00:00,2024,4,25,port980,Port Vila,Vanuatu,VUT,0,0,0,0,0,0,0,0,0,0,0,0,0,0,0,0,0,0,0,0,0
2024-04-24 00:00:00+00:00,2024,4,24,port669,Luganville,Vanuatu,VUT,0,0,0,0,0,0,0,0,0,0,0,0,0,0,0,0,0,0,0,0,0
2024-04-24 00:00:00+00:00,2024,4,24,port980,Port Vila,Vanuatu,VUT,0,0,0,0,0,0,0,0,0,0,0,0,0,0,0,0,0,0,0,0,0
2024-04-23 00:00:00+00:00,2024,4,23,port669,Luganville,Vanuatu,VUT,0,0,0,0,0,0,0,0,0,0,0,0,0,0,0,0,0,0,0,0,0
2024-04-23 00:00:00+00:00,2024,4,23,port980,Port Vila,Vanuatu,VUT,0,0,0,0,1,0,1,0,0,0,0,0,0,0,0,0,0,0,0,0,0
2024-04-22 00:00:00+00:00,2024,4,22,port669,Luganville,Vanuatu,VUT,0,0,1,0,0,1,1,0,0,883,0,0,883,883,0,0,314,0,0,314,314
2024-04-22 00:00:00+00:00,2024,4,22,port980,Port Vila,Vanuatu,VUT,1,0,0,0,0,1,1,2156,0,0,0,0,2156,2156,0,0,0,0,0,0,0
2024-04-21 00:00:00+00:00,2024,4,21,port669,Luganville,Vanuatu,VUT,0,0,0,0,0,0,0,0,0,0,0,0,0,0,0,0,0,0,0,0,0
2024-04-21 00:00:00+00:00,2024,4,21,port980,Port Vila,Vanuatu,VUT,0,0,0,0,0,0,0,0,0,0,0,0,0,0,0,0,0,0,0,0,0
2024-04-20 00:00:00+00:00,2024,4,20,port669,Luganville,Vanuatu,VUT,0,0,0,0,0,0,0,0,0,0,0,0,0,0,0,0,0,0,0,0,0
2024-04-20 00:00:00+00:00,2024,4,20,port980,Port Vila,Vanuatu,VUT,0,0,0,0,0,0,0,0,0,0,0,0,0,0,0,0,0,0,0,0,0
2024-04-19 00:00:00+00:00,2024,4,19,port669,Luganville,Vanuatu,VUT,0,0,0,0,0,0,0,0,0,0,0,0,0,0,0,0,0,0,0,0,0
2024-04-19 00:00:00+00:00,2024,4,19,port980,Port Vila,Vanuatu,VUT,0,0,0,0,1,0,1,0,0,0,0,311,0,311,0,0,0,0,175,0,175
2024-04-18 00:00:00+00:00,2024,4,18,port669,Luganville,Vanuatu,VUT,0,0,0,0,0,0,0,0,0,0,0,0,0,0,0,0,0,0,0,0,0
2024-04-18 00:00:00+00:00,2024,4,18,port980,Port Vila,Vanuatu,VUT,0,0,0,0,0,0,0,0,0,0,0,0,0,0,0,0,0,0,0,0,0
2024-04-17 00:00:00+00:00,2024,4,17,port669,Luganville,Vanuatu,VUT,0,0,0,0,0,0,0,0,0,0,0,0,0,0,0,0,0,0,0,0,0
2024-04-17 00:00:00+00:00,2024,4,17,port980,Port Vila,Vanuatu,VUT,0,0,1,0,0,1,1,0,0,512,0,0,512,512,0,0,0,0,0,0,0
2024-04-16 00:00:00+00:00,2024,4,16,port669,Luganville,Vanuatu,VUT,0,0,0,0,0,0,0,0,0,0,0,0,0,0,0,0,0,0,0,0,0
2024-04-16 00:00:00+00:00,2024,4,16,port980,Port Vila,Vanuatu,VUT,0,0,0,0,0,0,0,0,0,0,0,0,0,0,0,0,0,0,0,0,0
2024-04-15 00:00:00+00:00,2024,4,15,port669,Luganville,Vanuatu,VUT,0,0,0,0,0,0,0,0,0,0,0,0,0,0,0,0,0,0,0,0,0
2024-04-15 00:00:00+00:00,2024,4,15,port980,Port Vila,Vanuatu,VUT,0,0,0,0,0,0,0,0,0,0,0,0,0,0,0,0,0,0,0,0,0
2024-04-14 00:00:00+00:00,2024,4,14,port669,Luganville,Vanuatu,VUT,0,0,0,0,0,0,0,0,0,0,0,0,0,0,0,0,0,0,0,0,0
2024-04-14 00:00:00+00:00,2024,4,14,port980,Port Vila,Vanuatu,VUT,0,0,0,0,0,0,0,0,0,0,0,0,0,0,0,0,0,0,0,0,0
2024-04-13 00:00:00+00:00,2024,4,13,port669,Luganville,Vanuatu,VUT,0,0,0,0,0,0,0,0,0,0,0,0,0,0,0,0,0,0,0,0,0
2024-04-13 00:00:00+00:00,2024,4,13,port980,Port Vila,Vanuatu,VUT,0,0,0,0,0,0,0,0,0,0,0,0,0,0,0,0,0,0,0,0,0
2024-04-12 00:00:00+00:00,2024,4,12,port669,Luganville,Vanuatu,VUT,0,0,0,0,0,0,0,0,0,0,0,0,0,0,0,0,0,0,0,0,0
2024-04-12 00:00:00+00:00,2024,4,12,port980,Port Vila,Vanuatu,VUT,0,0,0,0,0,0,0,0,0,0,0,0,0,0,0,0,0,0,0,0,0
2024-04-11 00:00:00+00:00,2024,4,11,port669,Luganville,Vanuatu,VUT,0,0,0,0,0,0,0,0,0,0,0,0,0,0,0,0,0,0,0,0,0
2024-04-11 00:00:00+00:00,2024,4,11,port980,Port Vila,Vanuatu,VUT,0,0,0,0,0,0,0,0,0,0,0,0,0,0,0,0,0,0,0,0,0
2024-04-10 00:00:00+00:00,2024,4,10,port669,Luganville,Vanuatu,VUT,0,0,0,0,0,0,0,0,0,0,0,0,0,0,0,0,0,0,0,0,0
2024-04-10 00:00:00+00:00,2024,4,10,port980,Port Vila,Vanuatu,VUT,0,0,0,0,0,0,0,0,0,0,0,0,0,0,0,0,0,0,0,0,0
2024-04-09 00:00:00+00:00,2024,4,9,port669,Luganville,Vanuatu,VUT,0,0,0,0,0,0,0,0,0,0,0,0,0,0,0,0,0,0,0,0,0
2024-04-09 00:00:00+00:00,2024,4,9,port980,Port Vila,Vanuatu,VUT,0,0,0,0,0,0,0,0,0,0,0,0,0,0,0,0,0,0,0,0,0
2024-04-08 00:00:00+00:00,2024,4,8,port669,Luganville,Vanuatu,VUT,0,0,0,0,0,0,0,0,0,0,0,0,0,0,0,0,0,0,0,0,0
2024-04-08 00:00:00+00:00,2024,4,8,port980,Port Vila,Vanuatu,VUT,1,0,0,0,0,1,1,0,0,0,0,0,0,0,436,0,0,0,0,436,436
2024-04-07 00:00:00+00:00,2024,4,7,port669,Luganville,Vanuatu,VUT,0,0,0,0,0,0,0,0,0,0,0,0,0,0,0,0,0,0,0,0,0
2024-04-07 00:00:00+00:00,2024,4,7,port980,Port Vila,Vanuatu,VUT,0,0,0,0,0,0,0,0,0,0,0,0,0,0,0,0,0,0,0,0,0
2024-04-06 00:00:00+00:00,2024,4,6,port669,Luganville,Vanuatu,VUT,0,0,0,0,1,0,1,0,0,0,0,3147,0,3147,0,0,0,0,0,0,0
2024-04-06 00:00:00+00:00,2024,4,6,port980,Port Vila,Vanuatu,VUT,0,0,0,0,0,0,0,0,0,0,0,0,0,0,0,0,0,0,0,0,0
2024-04-05 00:00:00+00:00,2024,4,5,port669,Luganville,Vanuatu,VUT,0,0,0,0,0,0,0,0,0,0,0,0,0,0,0,0,0,0,0,0,0
2024-04-05 00:00:00+00:00,2024,4,5,port980,Port Vila,Vanuatu,VUT,0,0,0,0,0,0,0,0,0,0,0,0,0,0,0,0,0,0,0,0,0
2024-04-04 00:00:00+00:00,2024,4,4,port669,Luganville,Vanuatu,VUT,0,0,0,0,0,0,0,0,0,0,0,0,0,0,0,0,0,0,0,0,0
2024-04-04 00:00:00+00:00,2024,4,4,port980,Port Vila,Vanuatu,VUT,1,0,0,0,0,1,1,1240,0,0,0,0,1240,1240,125,0,0,0,0,125,125
2024-04-03 00:00:00+00:00,2024,4,3,port669,Luganville,Vanuatu,VUT,1,0,0,0,0,1,1,0,0,0,0,0,0,0,2177,0,0,0,0,2177,2177
2024-04-03 00:00:00+00:00,2024,4,3,port980,Port Vila,Vanuatu,VUT,0,0,0,0,0,0,0,0,0,0,0,0,0,0,0,0,0,0,0,0,0
2024-04-02 00:00:00+00:00,2024,4,2,port669,Luganville,Vanuatu,VUT,0,0,0,0,0,0,0,0,0,0,0,0,0,0,0,0,0,0,0,0,0
2024-04-02 00:00:00+00:00,2024,4,2,port980,Port Vila,Vanuatu,VUT,0,0,1,0,0,1,1,0,0,832,0,0,832,832,0,0,183,0,0,183,183
2024-04-01 00:00:00+00:00,2024,4,1,port669,Luganville,Vanuatu,VUT,0,0,0,0,0,0,0,0,0,0,0,0,0,0,0,0,0,0,0,0,0
2024-04-01 00:00:00+00:00,2024,4,1,port980,Port Vila,Vanuatu,VUT,1,0,0,0,0,1,1,1240,0,0,0,0,1240,1240,125,0,0,0,0,125,125
2024-03-31 00:00:00+00:00,2024,3,31,port669,Luganville,Vanuatu,VUT,0,0,0,0,0,0,0,0,0,0,0,0,0,0,0,0,0,0,0,0,0
2024-03-31 00:00:00+00:00,2024,3,31,port980,Port Vila,Vanuatu,VUT,0,0,0,0,0,0,0,0,0,0,0,0,0,0,0,0,0,0,0,0,0
2024-03-30 00:00:00+00:00,2024,3,30,port669,Luganville,Vanuatu,VUT,0,0,0,0,0,0,0,0,0,0,0,0,0,0,0,0,0,0,0,0,0
2024-03-30 00:00:00+00:00,2024,3,30,port980,Port Vila,Vanuatu,VUT,0,0,0,0,0,0,0,0,0,0,0,0,0,0,0,0,0,0,0,0,0
2024-03-29 00:00:00+00:00,2024,3,29,port669,Luganville,Vanuatu,VUT,1,0,0,0,0,1,1,967,0,0,0,0,967,967,0,0,0,0,0,0,0
2024-03-29 00:00:00+00:00,2024,3,29,port980,Port Vila,Vanuatu,VUT,0,0,0,0,0,0,0,0,0,0,0,0,0,0,0,0,0,0,0,0,0
2024-03-28 00:00:00+00:00,2024,3,28,port669,Luganville,Vanuatu,VUT,0,0,0,0,0,0,0,0,0,0,0,0,0,0,0,0,0,0,0,0,0
2024-03-28 00:00:00+00:00,2024,3,28,port980,Port Vila,Vanuatu,VUT,0,0,0,0,0,0,0,0,0,0,0,0,0,0,0,0,0,0,0,0,0
2024-03-27 00:00:00+00:00,2024,3,27,port669,Luganville,Vanuatu,VUT,0,0,0,0,0,0,0,0,0,0,0,0,0,0,0,0,0,0,0,0,0
2024-03-27 00:00:00+00:00,2024,3,27,port980,Port Vila,Vanuatu,VUT,0,0,0,0,0,0,0,0,0,0,0,0,0,0,0,0,0,0,0,0,0
2024-03-26 00:00:00+00:00,2024,3,26,port669,Luganville,Vanuatu,VUT,0,0,0,0,0,0,0,0,0,0,0,0,0,0,0,0,0,0,0,0,0
2024-03-26 00:00:00+00:00,2024,3,26,port980,Port Vila,Vanuatu,VUT,1,0,0,0,0,1,1,1349,0,0,0,0,1349,1349,0,0,0,0,0,0,0
2024-03-25 00:00:00+00:00,2024,3,25,port669,Luganville,Vanuatu,VUT,0,0,0,0,0,0,0,0,0,0,0,0,0,0,0,0,0,0,0,0,0
2024-03-25 00:00:00+00:00,2024,3,25,port980,Port Vila,Vanuatu,VUT,0,0,0,0,0,0,0,0,0,0,0,0,0,0,0,0,0,0,0,0,0
2024-03-24 00:00:00+00:00,2024,3,24,port669,Luganville,Vanuatu,VUT,0,0,0,0,0,0,0,0,0,0,0,0,0,0,0,0,0,0,0,0,0
2024-03-24 00:00:00+00:00,2024,3,24,port980,Port Vila,Vanuatu,VUT,0,0,0,0,0,0,0,0,0,0,0,0,0,0,0,0,0,0,0,0,0
2024-03-23 00:00:00+00:00,2024,3,23,port669,Luganville,Vanuatu,VUT,0,0,0,0,0,0,0,0,0,0,0,0,0,0,0,0,0,0,0,0,0
2024-03-23 00:00:00+00:00,2024,3,23,port980,Port Vila,Vanuatu,VUT,0,0,0,0,0,0,0,0,0,0,0,0,0,0,0,0,0,0,0,0,0
2024-03-22 00:00:00+00:00,2024,3,22,port669,Luganville,Vanuatu,VUT,0,0,0,0,0,0,0,0,0,0,0,0,0,0,0,0,0,0,0,0,0
2024-03-22 00:00:00+00:00,2024,3,22,port980,Port Vila,Vanuatu,VUT,1,0,0,0,0,1,1,0,0,0,0,0,0,0,777,0,0,0,0,777,777
2024-03-21 00:00:00+00:00,2024,3,21,port669,Luganville,Vanuatu,VUT,0,0,0,0,0,0,0,0,0,0,0,0,0,0,0,0,0,0,0,0,0
2024-03-21 00:00:00+00:00,2024,3,21,port980,Port Vila,Vanuatu,VUT,0,0,0,0,0,0,0,0,0,0,0,0,0,0,0,0,0,0,0,0,0
2024-03-20 00:00:00+00:00,2024,3,20,port669,Luganville,Vanuatu,VUT,0,0,0,0,0,0,0,0,0,0,0,0,0,0,0,0,0,0,0,0,0
2024-03-20 00:00:00+00:00,2024,3,20,port980,Port Vila,Vanuatu,VUT,0,0,0,0,0,0,0,0,0,0,0,0,0,0,0,0,0,0,0,0,0
2024-03-19 00:00:00+00:00,2024,3,19,port669,Luganville,Vanuatu,VUT,0,0,0,0,0,0,0,0,0,0,0,0,0,0,0,0,0,0,0,0,0
2024-03-19 00:00:00+00:00,2024,3,19,port980,Port Vila,Vanuatu,VUT,1,0,0,0,0,1,1,0,0,0,0,0,0,0,4396,0,0,0,0,4396,4396
2024-03-18 00:00:00+00:00,2024,3,18,port669,Luganville,Vanuatu,VUT,1,0,0,0,0,1,1,4396,0,0,0,0,4396,4396,0,0,0,0,0,0,0
2024-03-18 00:00:00+00:00,2024,3,18,port980,Port Vila,Vanuatu,VUT,0,0,0,0,0,0,0,0,0,0,0,0,0,0,0,0,0,0,0,0,0
2024-03-17 00:00:00+00:00,2024,3,17,port669,Luganville,Vanuatu,VUT,0,0,0,0,0,0,0,0,0,0,0,0,0,0,0,0,0,0,0,0,0
2024-03-17 00:00:00+00:00,2024,3,17,port980,Port Vila,Vanuatu,VUT,0,0,0,0,0,0,0,0,0,0,0,0,0,0,0,0,0,0,0,0,0
2024-03-16 00:00:00+00:00,2024,3,16,port669,Luganville,Vanuatu,VUT,0,0,0,1,0,1,1,0,0,0,0,0,0,0,0,0,0,0,0,0,0
2024-03-16 00:00:00+00:00,2024,3,16,port980,Port Vila,Vanuatu,VUT,0,0,0,0,1,0,1,0,0,0,0,124,0,124,0,0,0,0,0,0,0
2024-03-15 00:00:00+00:00,2024,3,15,port669,Luganville,Vanuatu,VUT,0,0,0,0,0,0,0,0,0,0,0,0,0,0,0,0,0,0,0,0,0
2024-03-15 00:00:00+00:00,2024,3,15,port980,Port Vila,Vanuatu,VUT,0,0,1,1,0,2,2,0,0,832,195,0,1028,1028,0,0,183,0,0,183,183
2024-03-14 00:00:00+00:00,2024,3,14,port669,Luganville,Vanuatu,VUT,0,0,1,0,0,1,1,0,0,1900,0,0,1900,1900,0,0,0,0,0,0,0
2024-03-14 00:00:00+00:00,2024,3,14,port980,Port Vila,Vanuatu,VUT,0,0,0,0,1,0,1,0,0,0,0,31745,0,31745,0,0,0,0,0,0,0
2024-03-13 00:00:00+00:00,2024,3,13,port669,Luganville,Vanuatu,VUT,0,0,0,0,0,0,0,0,0,0,0,0,0,0,0,0,0,0,0,0,0
2024-03-13 00:00:00+00:00,2024,3,13,port980,Port Vila,Vanuatu,VUT,0,0,0,0,0,0,0,0,0,0,0,0,0,0,0,0,0,0,0,0,0
2024-03-12 00:00:00+00:00,2024,3,12,port669,Luganville,Vanuatu,VUT,0,0,0,0,0,0,0,0,0,0,0,0,0,0,0,0,0,0,0,0,0
2024-03-12 00:00:00+00:00,2024,3,12,port980,Port Vila,Vanuatu,VUT,0,0,0,0,0,0,0,0,0,0,0,0,0,0,0,0,0,0,0,0,0
2024-03-11 00:00:00+00:00,2024,3,11,port669,Luganville,Vanuatu,VUT,0,0,0,0,0,0,0,0,0,0,0,0,0,0,0,0,0,0,0,0,0
2024-03-11 00:00:00+00:00,2024,3,11,port980,Port Vila,Vanuatu,VUT,0,0,0,0,0,0,0,0,0,0,0,0,0,0,0,0,0,0,0,0,0
2024-03-10 00:00:00+00:00,2024,3,10,port669,Luganville,Vanuatu,VUT,0,0,0,0,0,0,0,0,0,0,0,0,0,0,0,0,0,0,0,0,0
2024-03-10 00:00:00+00:00,2024,3,10,port980,Port Vila,Vanuatu,VUT,0,0,0,0,0,0,0,0,0,0,0,0,0,0,0,0,0,0,0,0,0
2024-03-09 00:00:00+00:00,2024,3,9,port669,Luganville,Vanuatu,VUT,0,0,0,0,0,0,0,0,0,0,0,0,0,0,0,0,0,0,0,0,0
2024-03-09 00:00:00+00:00,2024,3,9,port980,Port Vila,Vanuatu,VUT,0,0,0,0,0,0,0,0,0,0,0,0,0,0,0,0,0,0,0,0,0
2024-03-08 00:00:00+00:00,2024,3,8,port669,Luganville,Vanuatu,VUT,0,0,0,0,0,0,0,0,0,0,0,0,0,0,0,0,0,0,0,0,0
2024-03-08 00:00:00+00:00,2024,3,8,port980,Port Vila,Vanuatu,VUT,1,0,0,0,0,1,1,510,0,0,0,0,510,510,0,0,0,0,0,0,0
2024-03-07 00:00:00+00:00,2024,3,7,port669,Luganville,Vanuatu,VUT,0,0,0,0,0,0,0,0,0,0,0,0,0,0,0,0,0,0,0,0,0
2024-03-07 00:00:00+00:00,2024,3,7,port980,Port Vila,Vanuatu,VUT,0,0,0,0,0,0,0,0,0,0,0,0,0,0,0,0,0,0,0,0,0
2024-03-06 00:00:00+00:00,2024,3,6,port669,Luganville,Vanuatu,VUT,1,0,0,0,0,1,1,1025,0,0,0,0,1025,1025,0,0,0,0,0,0,0
2024-03-06 00:00:00+00:00,2024,3,6,port980,Port Vila,Vanuatu,VUT,1,0,0,0,0,1,1,1313,0,0,0,0,1313,1313,0,0,0,0,0,0,0
2024-03-05 00:00:00+00:00,2024,3,5,port669,Luganville,Vanuatu,VUT,0,0,0,0,0,0,0,0,0,0,0,0,0,0,0,0,0,0,0,0,0
2024-03-05 00:00:00+00:00,2024,3,5,port980,Port Vila,Vanuatu,VUT,0,0,0,0,0,0,0,0,0,0,0,0,0,0,0,0,0,0,0,0,0
2024-03-04 00:00:00+00:00,2024,3,4,port669,Luganville,Vanuatu,VUT,0,0,0,0,0,0,0,0,0,0,0,0,0,0,0,0,0,0,0,0,0
2024-03-04 00:00:00+00:00,2024,3,4,port980,Port Vila,Vanuatu,VUT,1,0,0,0,0,1,1,2180,0,0,0,0,2180,2180,0,0,0,0,0,0,0
2024-03-03 00:00:00+00:00,2024,3,3,port669,Luganville,Vanuatu,VUT,1,0,0,0,0,1,1,438,0,0,0,0,438,438,0,0,0,0,0,0,0
2024-03-03 00:00:00+00:00,2024,3,3,port980,Port Vila,Vanuatu,VUT,1,0,0,0,0,1,1,496,0,0,0,0,496,496,190,0,0,0,0,190,190
2024-03-02 00:00:00+00:00,2024,3,2,port669,Luganville,Vanuatu,VUT,0,0,0,0,0,0,0,0,0,0,0,0,0,0,0,0,0,0,0,0,0
2024-03-02 00:00:00+00:00,2024,3,2,port980,Port Vila,Vanuatu,VUT,0,0,0,0,0,0,0,0,0,0,0,0,0,0,0,0,0,0,0,0,0
2024-03-01 00:00:00+00:00,2024,3,1,port669,Luganville,Vanuatu,VUT,0,0,0,0,0,0,0,0,0,0,0,0,0,0,0,0,0,0,0,0,0
2024-03-01 00:00:00+00:00,2024,3,1,port980,Port Vila,Vanuatu,VUT,0,0,1,0,0,1,1,0,0,1263,0,0,1263,1263,0,0,0,0,0,0,0
2024-02-29 00:00:00+00:00,2024,2,29,port669,Luganville,Vanuatu,VUT,0,0,0,0,0,0,0,0,0,0,0,0,0,0,0,0,0,0,0,0,0
2024-02-29 00:00:00+00:00,2024,2,29,port980,Port Vila,Vanuatu,VUT,0,0,0,0,0,0,0,0,0,0,0,0,0,0,0,0,0,0,0,0,0
2024-02-28 00:00:00+00:00,2024,2,28,port669,Luganville,Vanuatu,VUT,0,0,2,0,0,2,2,0,0,1025,0,0,1025,1025,0,0,632,0,0,632,632
2024-02-28 00:00:00+00:00,2024,2,28,port980,Port Vila,Vanuatu,VUT,2,0,0,0,0,2,2,2312,0,0,0,0,2312,2312,125,0,0,0,0,125,125
2024-02-27 00:00:00+00:00,2024,2,27,port669,Luganville,Vanuatu,VUT,0,0,0,0,0,0,0,0,0,0,0,0,0,0,0,0,0,0,0,0,0
2024-02-27 00:00:00+00:00,2024,2,27,port980,Port Vila,Vanuatu,VUT,0,0,0,0,0,0,0,0,0,0,0,0,0,0,0,0,0,0,0,0,0
2024-02-26 00:00:00+00:00,2024,2,26,port669,Luganville,Vanuatu,VUT,1,0,0,0,0,1,1,828,0,0,0,0,828,828,146,0,0,0,0,146,146
2024-02-26 00:00:00+00:00,2024,2,26,port980,Port Vila,Vanuatu,VUT,0,0,0,0,0,0,0,0,0,0,0,0,0,0,0,0,0,0,0,0,0
2024-02-25 00:00:00+00:00,2024,2,25,port669,Luganville,Vanuatu,VUT,0,0,0,0,0,0,0,0,0,0,0,0,0,0,0,0,0,0,0,0,0
2024-02-25 00:00:00+00:00,2024,2,25,port980,Port Vila,Vanuatu,VUT,0,0,0,0,0,0,0,0,0,0,0,0,0,0,0,0,0,0,0,0,0
2024-02-24 00:00:00+00:00,2024,2,24,port669,Luganville,Vanuatu,VUT,0,0,0,0,0,0,0,0,0,0,0,0,0,0,0,0,0,0,0,0,0
2024-02-24 00:00:00+00:00,2024,2,24,port980,Port Vila,Vanuatu,VUT,0,0,0,0,0,0,0,0,0,0,0,0,0,0,0,0,0,0,0,0,0
2024-02-23 00:00:00+00:00,2024,2,23,port669,Luganville,Vanuatu,VUT,0,0,0,0,0,0,0,0,0,0,0,0,0,0,0,0,0,0,0,0,0
2024-02-23 00:00:00+00:00,2024,2,23,port980,Port Vila,Vanuatu,VUT,0,0,0,0,0,0,0,0,0,0,0,0,0,0,0,0,0,0,0,0,0
2024-02-22 00:00:00+00:00,2024,2,22,port669,Luganville,Vanuatu,VUT,0,0,0,0,0,0,0,0,0,0,0,0,0,0,0,0,0,0,0,0,0
2024-02-22 00:00:00+00:00,2024,2,22,port980,Port Vila,Vanuatu,VUT,0,0,0,0,0,0,0,0,0,0,0,0,0,0,0,0,0,0,0,0,0
2024-02-21 00:00:00+00:00,2024,2,21,port669,Luganville,Vanuatu,VUT,0,0,0,0,0,0,0,0,0,0,0,0,0,0,0,0,0,0,0,0,0
2024-02-21 00:00:00+00:00,2024,2,21,port980,Port Vila,Vanuatu,VUT,0,0,0,0,0,0,0,0,0,0,0,0,0,0,0,0,0,0,0,0,0
2024-02-20 00:00:00+00:00,2024,2,20,port669,Luganville,Vanuatu,VUT,0,0,0,0,0,0,0,0,0,0,0,0,0,0,0,0,0,0,0,0,0
2024-02-20 00:00:00+00:00,2024,2,20,port980,Port Vila,Vanuatu,VUT,0,0,1,0,0,1,1,0,0,1333,0,0,1333,1333,0,0,0,0,0,0,0
2024-02-19 00:00:00+00:00,2024,2,19,port669,Luganville,Vanuatu,VUT,0,0,0,0,0,0,0,0,0,0,0,0,0,0,0,0,0,0,0,0,0
2024-02-19 00:00:00+00:00,2024,2,19,port980,Port Vila,Vanuatu,VUT,0,0,0,0,0,0,0,0,0,0,0,0,0,0,0,0,0,0,0,0,0
2024-02-18 00:00:00+00:00,2024,2,18,port669,Luganville,Vanuatu,VUT,0,0,0,0,0,0,0,0,0,0,0,0,0,0,0,0,0,0,0,0,0
2024-02-18 00:00:00+00:00,2024,2,18,port980,Port Vila,Vanuatu,VUT,1,0,0,0,0,1,1,1948,0,0,0,0,1948,1948,0,0,0,0,0,0,0
2024-02-17 00:00:00+00:00,2024,2,17,port669,Luganville,Vanuatu,VUT,0,0,0,0,0,0,0,0,0,0,0,0,0,0,0,0,0,0,0,0,0
2024-02-17 00:00:00+00:00,2024,2,17,port980,Port Vila,Vanuatu,VUT,0,0,0,0,0,0,0,0,0,0,0,0,0,0,0,0,0,0,0,0,0
2024-02-16 00:00:00+00:00,2024,2,16,port669,Luganville,Vanuatu,VUT,0,0,0,0,0,0,0,0,0,0,0,0,0,0,0,0,0,0,0,0,0
2024-02-16 00:00:00+00:00,2024,2,16,port980,Port Vila,Vanuatu,VUT,0,0,0,0,1,0,1,0,0,0,0,249,0,249,0,0,0,0,0,0,0
2024-02-15 00:00:00+00:00,2024,2,15,port669,Luganville,Vanuatu,VUT,0,0,0,0,0,0,0,0,0,0,0,0,0,0,0,0,0,0,0,0,0
2024-02-15 00:00:00+00:00,2024,2,15,port980,Port Vila,Vanuatu,VUT,1,0,0,0,0,1,1,1240,0,0,0,0,1240,1240,125,0,0,0,0,125,125
2024-02-14 00:00:00+00:00,2024,2,14,port669,Luganville,Vanuatu,VUT,1,0,0,0,0,1,1,510,0,0,0,0,510,510,0,0,0,0,0,0,0
2024-02-14 00:00:00+00:00,2024,2,14,port980,Port Vila,Vanuatu,VUT,0,0,0,0,0,0,0,0,0,0,0,0,0,0,0,0,0,0,0,0,0
2024-02-13 00:00:00+00:00,2024,2,13,port669,Luganville,Vanuatu,VUT,0,0,0,0,0,0,0,0,0,0,0,0,0,0,0,0,0,0,0,0,0
2024-02-13 00:00:00+00:00,2024,2,13,port980,Port Vila,Vanuatu,VUT,0,0,0,0,0,0,0,0,0,0,0,0,0,0,0,0,0,0,0,0,0
2024-02-12 00:00:00+00:00,2024,2,12,port669,Luganville,Vanuatu,VUT,0,0,0,0,0,0,0,0,0,0,0,0,0,0,0,0,0,0,0,0,0
2024-02-12 00:00:00+00:00,2024,2,12,port980,Port Vila,Vanuatu,VUT,0,0,0,0,0,0,0,0,0,0,0,0,0,0,0,0,0,0,0,0,0
2024-02-11 00:00:00+00:00,2024,2,11,port669,Luganville,Vanuatu,VUT,0,0,0,0,0,0,0,0,0,0,0,0,0,0,0,0,0,0,0,0,0
2024-02-11 00:00:00+00:00,2024,2,11,port980,Port Vila,Vanuatu,VUT,0,0,0,0,0,0,0,0,0,0,0,0,0,0,0,0,0,0,0,0,0
2024-02-10 00:00:00+00:00,2024,2,10,port669,Luganville,Vanuatu,VUT,0,0,0,0,0,0,0,0,0,0,0,0,0,0,0,0,0,0,0,0,0
2024-02-10 00:00:00+00:00,2024,2,10,port980,Port Vila,Vanuatu,VUT,0,0,0,0,0,0,0,0,0,0,0,0,0,0,0,0,0,0,0,0,0
2024-02-09 00:00:00+00:00,2024,2,9,port669,Luganville,Vanuatu,VUT,0,0,0,0,0,0,0,0,0,0,0,0,0,0,0,0,0,0,0,0,0
2024-02-09 00:00:00+00:00,2024,2,9,port980,Port Vila,Vanuatu,VUT,0,0,0,0,0,0,0,0,0,0,0,0,0,0,0,0,0,0,0,0,0
2024-02-08 00:00:00+00:00,2024,2,8,port669,Luganville,Vanuatu,VUT,0,0,0,0,0,0,0,0,0,0,0,0,0,0,0,0,0,0,0,0,0
2024-02-08 00:00:00+00:00,2024,2,8,port980,Port Vila,Vanuatu,VUT,0,0,0,0,0,0,0,0,0,0,0,0,0,0,0,0,0,0,0,0,0
2024-02-07 00:00:00+00:00,2024,2,7,port669,Luganville,Vanuatu,VUT,0,0,0,0,0,0,0,0,0,0,0,0,0,0,0,0,0,0,0,0,0
2024-02-07 00:00:00+00:00,2024,2,7,port980,Port Vila,Vanuatu,VUT,0,0,0,0,0,0,0,0,0,0,0,0,0,0,0,0,0,0,0,0,0
2024-02-06 00:00:00+00:00,2024,2,6,port669,Luganville,Vanuatu,VUT,0,0,0,0,0,0,0,0,0,0,0,0,0,0,0,0,0,0,0,0,0
2024-02-06 00:00:00+00:00,2024,2,6,port980,Port Vila,Vanuatu,VUT,0,0,0,0,0,0,0,0,0,0,0,0,0,0,0,0,0,0,0,0,0
2024-02-05 00:00:00+00:00,2024,2,5,port669,Luganville,Vanuatu,VUT,0,0,0,0,0,0,0,0,0,0,0,0,0,0,0,0,0,0,0,0,0
2024-02-05 00:00:00+00:00,2024,2,5,port980,Port Vila,Vanuatu,VUT,0,0,0,0,0,0,0,0,0,0,0,0,0,0,0,0,0,0,0,0,0
2024-02-04 00:00:00+00:00,2024,2,4,port669,Luganville,Vanuatu,VUT,0,0,0,0,0,0,0,0,0,0,0,0,0,0,0,0,0,0,0,0,0
2024-02-04 00:00:00+00:00,2024,2,4,port980,Port Vila,Vanuatu,VUT,0,0,0,0,0,0,0,0,0,0,0,0,0,0,0,0,0,0,0,0,0
2024-02-03 00:00:00+00:00,2024,2,3,port669,Luganville,Vanuatu,VUT,0,0,0,0,0,0,0,0,0,0,0,0,0,0,0,0,0,0,0,0,0
2024-02-03 00:00:00+00:00,2024,2,3,port980,Port Vila,Vanuatu,VUT,0,0,0,0,0,0,0,0,0,0,0,0,0,0,0,0,0,0,0,0,0
2024-02-02 00:00:00+00:00,2024,2,2,port669,Luganville,Vanuatu,VUT,0,0,0,0,0,0,0,0,0,0,0,0,0,0,0,0,0,0,0,0,0
2024-02-02 00:00:00+00:00,2024,2,2,port980,Port Vila,Vanuatu,VUT,0,0,0,0,0,0,0,0,0,0,0,0,0,0,0,0,0,0,0,0,0
2024-02-01 00:00:00+00:00,2024,2,1,port669,Luganville,Vanuatu,VUT,0,0,0,0,0,0,0,0,0,0,0,0,0,0,0,0,0,0,0,0,0
2024-02-01 00:00:00+00:00,2024,2,1,port980,Port Vila,Vanuatu,VUT,0,0,0,0,0,0,0,0,0,0,0,0,0,0,0,0,0,0,0,0,0
2024-01-31 00:00:00+00:00,2024,1,31,port669,Luganville,Vanuatu,VUT,0,0,0,0,0,0,0,0,0,0,0,0,0,0,0,0,0,0,0,0,0
2024-01-31 00:00:00+00:00,2024,1,31,port980,Port Vila,Vanuatu,VUT,1,0,0,0,0,1,1,1349,0,0,0,0,1349,1349,0,0,0,0,0,0,0
2024-01-30 00:00:00+00:00,2024,1,30,port669,Luganville,Vanuatu,VUT,0,0,0,0,0,0,0,0,0,0,0,0,0,0,0,0,0,0,0,0,0
2024-01-30 00:00:00+00:00,2024,1,30,port980,Port Vila,Vanuatu,VUT,0,0,1,0,0,1,1,0,0,631,0,0,631,631,0,0,0,0,0,0,0
2024-01-29 00:00:00+00:00,2024,1,29,port669,Luganville,Vanuatu,VUT,0,0,0,0,0,0,0,0,0,0,0,0,0,0,0,0,0,0,0,0,0
2024-01-29 00:00:00+00:00,2024,1,29,port980,Port Vila,Vanuatu,VUT,1,0,0,0,0,1,1,252,0,0,0,0,252,252,0,0,0,0,0,0,0
2024-01-28 00:00:00+00:00,2024,1,28,port669,Luganville,Vanuatu,VUT,1,0,1,0,0,2,2,760,0,633,0,0,1394,1394,0,0,0,0,0,0,0
2024-01-28 00:00:00+00:00,2024,1,28,port980,Port Vila,Vanuatu,VUT,0,0,0,0,0,0,0,0,0,0,0,0,0,0,0,0,0,0,0,0,0
2024-01-27 00:00:00+00:00,2024,1,27,port669,Luganville,Vanuatu,VUT,0,0,0,0,0,0,0,0,0,0,0,0,0,0,0,0,0,0,0,0,0
2024-01-27 00:00:00+00:00,2024,1,27,port980,Port Vila,Vanuatu,VUT,0,0,0,0,0,0,0,0,0,0,0,0,0,0,0,0,0,0,0,0,0
2024-01-26 00:00:00+00:00,2024,1,26,port669,Luganville,Vanuatu,VUT,0,0,0,0,0,0,0,0,0,0,0,0,0,0,0,0,0,0,0,0,0
2024-01-26 00:00:00+00:00,2024,1,26,port980,Port Vila,Vanuatu,VUT,1,0,0,0,0,1,1,1310,0,0,0,0,1310,1310,0,0,0,0,0,0,0
2024-01-25 00:00:00+00:00,2024,1,25,port669,Luganville,Vanuatu,VUT,1,0,0,0,0,1,1,0,0,0,0,0,0,0,502,0,0,0,0,502,502
2024-01-25 00:00:00+00:00,2024,1,25,port980,Port Vila,Vanuatu,VUT,0,0,0,0,0,0,0,0,0,0,0,0,0,0,0,0,0,0,0,0,0
2024-01-24 00:00:00+00:00,2024,1,24,port669,Luganville,Vanuatu,VUT,0,0,0,0,1,0,1,0,0,0,0,0,0,0,0,0,0,0,0,0,0
2024-01-24 00:00:00+00:00,2024,1,24,port980,Port Vila,Vanuatu,VUT,1,0,0,0,0,1,1,774,0,0,0,0,774,774,0,0,0,0,0,0,0
2024-01-23 00:00:00+00:00,2024,1,23,port669,Luganville,Vanuatu,VUT,0,0,0,0,0,0,0,0,0,0,0,0,0,0,0,0,0,0,0,0,0
2024-01-23 00:00:00+00:00,2024,1,23,port980,Port Vila,Vanuatu,VUT,0,0,0,0,0,0,0,0,0,0,0,0,0,0,0,0,0,0,0,0,0
2024-01-22 00:00:00+00:00,2024,1,22,port669,Luganville,Vanuatu,VUT,0,0,0,0,0,0,0,0,0,0,0,0,0,0,0,0,0,0,0,0,0
2024-01-22 00:00:00+00:00,2024,1,22,port980,Port Vila,Vanuatu,VUT,0,0,0,0,0,0,0,0,0,0,0,0,0,0,0,0,0,0,0,0,0
2024-01-21 00:00:00+00:00,2024,1,21,port669,Luganville,Vanuatu,VUT,0,0,0,0,0,0,0,0,0,0,0,0,0,0,0,0,0,0,0,0,0
2024-01-21 00:00:00+00:00,2024,1,21,port980,Port Vila,Vanuatu,VUT,1,0,0,0,0,1,1,319,0,0,0,0,319,319,0,0,0,0,0,0,0
2024-01-20 00:00:00+00:00,2024,1,20,port669,Luganville,Vanuatu,VUT,1,0,0,0,0,1,1,828,0,0,0,0,828,828,146,0,0,0,0,146,146
2024-01-20 00:00:00+00:00,2024,1,20,port980,Port Vila,Vanuatu,VUT,0,0,0,0,1,0,1,0,0,0,0,311,0,311,0,0,0,0,175,0,175
2024-01-19 00:00:00+00:00,2024,1,19,port669,Luganville,Vanuatu,VUT,0,0,0,0,0,0,0,0,0,0,0,0,0,0,0,0,0,0,0,0,0
2024-01-19 00:00:00+00:00,2024,1,19,port980,Port Vila,Vanuatu,VUT,0,0,0,0,0,0,0,0,0,0,0,0,0,0,0,0,0,0,0,0,0
2024-01-18 00:00:00+00:00,2024,1,18,port669,Luganville,Vanuatu,VUT,0,0,0,0,0,0,0,0,0,0,0,0,0,0,0,0,0,0,0,0,0
2024-01-18 00:00:00+00:00,2024,1,18,port980,Port Vila,Vanuatu,VUT,0,0,0,0,1,0,1,0,0,0,0,0,0,0,0,0,0,0,0,0,0
2024-01-17 00:00:00+00:00,2024,1,17,port669,Luganville,Vanuatu,VUT,0,0,0,0,0,0,0,0,0,0,0,0,0,0,0,0,0,0,0,0,0
2024-01-17 00:00:00+00:00,2024,1,17,port980,Port Vila,Vanuatu,VUT,0,0,0,0,0,0,0,0,0,0,0,0,0,0,0,0,0,0,0,0,0
2024-01-16 00:00:00+00:00,2024,1,16,port669,Luganville,Vanuatu,VUT,0,0,0,0,0,0,0,0,0,0,0,0,0,0,0,0,0,0,0,0,0
2024-01-16 00:00:00+00:00,2024,1,16,port980,Port Vila,Vanuatu,VUT,0,0,0,0,0,0,0,0,0,0,0,0,0,0,0,0,0,0,0,0,0
2024-01-15 00:00:00+00:00,2024,1,15,port669,Luganville,Vanuatu,VUT,0,0,0,0,0,0,0,0,0,0,0,0,0,0,0,0,0,0,0,0,0
2024-01-15 00:00:00+00:00,2024,1,15,port980,Port Vila,Vanuatu,VUT,0,0,0,0,0,0,0,0,0,0,0,0,0,0,0,0,0,0,0,0,0
2024-01-14 00:00:00+00:00,2024,1,14,port669,Luganville,Vanuatu,VUT,0,0,0,0,0,0,0,0,0,0,0,0,0,0,0,0,0,0,0,0,0
2024-01-14 00:00:00+00:00,2024,1,14,port980,Port Vila,Vanuatu,VUT,0,0,0,0,0,0,0,0,0,0,0,0,0,0,0,0,0,0,0,0,0
2024-01-13 00:00:00+00:00,2024,1,13,port669,Luganville,Vanuatu,VUT,0,0,0,0,0,0,0,0,0,0,0,0,0,0,0,0,0,0,0,0,0
2024-01-13 00:00:00+00:00,2024,1,13,port980,Port Vila,Vanuatu,VUT,0,0,0,0,0,0,0,0,0,0,0,0,0,0,0,0,0,0,0,0,0
2024-01-12 00:00:00+00:00,2024,1,12,port669,Luganville,Vanuatu,VUT,0,0,0,0,0,0,0,0,0,0,0,0,0,0,0,0,0,0,0,0,0
2024-01-12 00:00:00+00:00,2024,1,12,port980,Port Vila,Vanuatu,VUT,0,0,1,0,0,1,1,0,0,0,0,0,0,0,0,0,315,0,0,315,315
2024-01-11 00:00:00+00:00,2024,1,11,port669,Luganville,Vanuatu,VUT,0,0,1,0,0,1,1,0,0,1900,0,0,1900,1900,0,0,0,0,0,0,0
2024-01-11 00:00:00+00:00,2024,1,11,port980,Port Vila,Vanuatu,VUT,0,0,0,0,0,0,0,0,0,0,0,0,0,0,0,0,0,0,0,0,0
2024-01-10 00:00:00+00:00,2024,1,10,port669,Luganville,Vanuatu,VUT,0,0,0,0,0,0,0,0,0,0,0,0,0,0,0,0,0,0,0,0,0
2024-01-10 00:00:00+00:00,2024,1,10,port980,Port Vila,Vanuatu,VUT,0,0,0,0,0,0,0,0,0,0,0,0,0,0,0,0,0,0,0,0,0
2024-01-09 00:00:00+00:00,2024,1,9,port669,Luganville,Vanuatu,VUT,0,0,0,0,0,0,0,0,0,0,0,0,0,0,0,0,0,0,0,0,0
2024-01-09 00:00:00+00:00,2024,1,9,port980,Port Vila,Vanuatu,VUT,0,0,0,0,0,0,0,0,0,0,0,0,0,0,0,0,0,0,0,0,0
2024-01-08 00:00:00+00:00,2024,1,8,port669,Luganville,Vanuatu,VUT,0,0,0,0,0,0,0,0,0,0,0,0,0,0,0,0,0,0,0,0,0
2024-01-08 00:00:00+00:00,2024,1,8,port980,Port Vila,Vanuatu,VUT,0,0,0,0,0,0,0,0,0,0,0,0,0,0,0,0,0,0,0,0,0
2024-01-07 00:00:00+00:00,2024,1,7,port669,Luganville,Vanuatu,VUT,0,0,0,0,0,0,0,0,0,0,0,0,0,0,0,0,0,0,0,0,0
2024-01-07 00:00:00+00:00,2024,1,7,port980,Port Vila,Vanuatu,VUT,1,0,0,0,0,1,1,769,0,0,0,0,769,769,0,0,0,0,0,0,0
2024-01-06 00:00:00+00:00,2024,1,6,port669,Luganville,Vanuatu,VUT,1,0,0,0,0,1,1,1021,0,0,0,0,1021,1021,243,0,0,0,0,243,243
2024-01-06 00:00:00+00:00,2024,1,6,port980,Port Vila,Vanuatu,VUT,0,0,0,0,0,0,0,0,0,0,0,0,0,0,0,0,0,0,0,0,0
2024-01-05 00:00:00+00:00,2024,1,5,port669,Luganville,Vanuatu,VUT,1,0,0,0,0,1,1,828,0,0,0,0,828,828,146,0,0,0,0,146,146
2024-01-05 00:00:00+00:00,2024,1,5,port980,Port Vila,Vanuatu,VUT,0,0,0,0,0,0,0,0,0,0,0,0,0,0,0,0,0,0,0,0,0
2024-01-04 00:00:00+00:00,2024,1,4,port669,Luganville,Vanuatu,VUT,0,0,0,0,0,0,0,0,0,0,0,0,0,0,0,0,0,0,0,0,0
2024-01-04 00:00:00+00:00,2024,1,4,port980,Port Vila,Vanuatu,VUT,0,0,0,0,0,0,0,0,0,0,0,0,0,0,0,0,0,0,0,0,0
2024-01-03 00:00:00+00:00,2024,1,3,port669,Luganville,Vanuatu,VUT,0,0,0,0,0,0,0,0,0,0,0,0,0,0,0,0,0,0,0,0,0
2024-01-03 00:00:00+00:00,2024,1,3,port980,Port Vila,Vanuatu,VUT,0,0,0,0,0,0,0,0,0,0,0,0,0,0,0,0,0,0,0,0,0
2024-01-02 00:00:00+00:00,2024,1,2,port669,Luganville,Vanuatu,VUT,0,0,0,0,0,0,0,0,0,0,0,0,0,0,0,0,0,0,0,0,0
2024-01-02 00:00:00+00:00,2024,1,2,port980,Port Vila,Vanuatu,VUT,1,0,0,0,0,1,1,0,0,0,0,0,0,0,0,0,0,0,0,0,0
2024-01-01 00:00:00+00:00,2024,1,1,port669,Luganville,Vanuatu,VUT,1,0,0,0,0,1,1,2909,0,0,0,0,2909,2909,0,0,0,0,0,0,0
2024-01-01 00:00:00+00:00,2024,1,1,port980,Port Vila,Vanuatu,VUT,1,0,0,0,0,1,1,535,0,0,0,0,535,535,0,0,0,0,0,0,0
2023-12-31 00:00:00+00:00,2023,12,31,port669,Luganville,Vanuatu,VUT,0,0,0,0,0,0,0,0,0,0,0,0,0,0,0,0,0,0,0,0,0
2023-12-31 00:00:00+00:00,2023,12,31,port980,Port Vila,Vanuatu,VUT,0,0,0,0,0,0,0,0,0,0,0,0,0,0,0,0,0,0,0,0,0
2023-12-30 00:00:00+00:00,2023,12,30,port669,Luganville,Vanuatu,VUT,0,0,0,0,0,0,0,0,0,0,0,0,0,0,0,0,0,0,0,0,0
2023-12-30 00:00:00+00:00,2023,12,30,port980,Port Vila,Vanuatu,VUT,0,0,0,0,0,0,0,0,0,0,0,0,0,0,0,0,0,0,0,0,0
2023-12-29 00:00:00+00:00,2023,12,29,port669,Luganville,Vanuatu,VUT,0,0,0,0,0,0,0,0,0,0,0,0,0,0,0,0,0,0,0,0,0
2023-12-29 00:00:00+00:00,2023,12,29,port980,Port Vila,Vanuatu,VUT,0,0,0,0,0,0,0,0,0,0,0,0,0,0,0,0,0,0,0,0,0
2023-12-28 00:00:00+00:00,2023,12,28,port669,Luganville,Vanuatu,VUT,0,0,0,0,0,0,0,0,0,0,0,0,0,0,0,0,0,0,0,0,0
2023-12-28 00:00:00+00:00,2023,12,28,port980,Port Vila,Vanuatu,VUT,0,0,0,0,1,0,1,0,0,0,0,0,0,0,0,0,0,0,124,0,124
2023-12-27 00:00:00+00:00,2023,12,27,port669,Luganville,Vanuatu,VUT,0,0,0,0,0,0,0,0,0,0,0,0,0,0,0,0,0,0,0,0,0
2023-12-27 00:00:00+00:00,2023,12,27,port980,Port Vila,Vanuatu,VUT,0,0,0,0,0,0,0,0,0,0,0,0,0,0,0,0,0,0,0,0,0
2023-12-26 00:00:00+00:00,2023,12,26,port669,Luganville,Vanuatu,VUT,0,0,0,0,0,0,0,0,0,0,0,0,0,0,0,0,0,0,0,0,0
2023-12-26 00:00:00+00:00,2023,12,26,port980,Port Vila,Vanuatu,VUT,0,0,0,0,0,0,0,0,0,0,0,0,0,0,0,0,0,0,0,0,0
2023-12-25 00:00:00+00:00,2023,12,25,port669,Luganville,Vanuatu,VUT,0,0,0,0,0,0,0,0,0,0,0,0,0,0,0,0,0,0,0,0,0
2023-12-25 00:00:00+00:00,2023,12,25,port980,Port Vila,Vanuatu,VUT,0,0,0,0,0,0,0,0,0,0,0,0,0,0,0,0,0,0,0,0,0
2023-12-24 00:00:00+00:00,2023,12,24,port669,Luganville,Vanuatu,VUT,0,0,0,0,0,0,0,0,0,0,0,0,0,0,0,0,0,0,0,0,0
2023-12-24 00:00:00+00:00,2023,12,24,port980,Port Vila,Vanuatu,VUT,0,0,0,0,0,0,0,0,0,0,0,0,0,0,0,0,0,0,0,0,0
2023-12-23 00:00:00+00:00,2023,12,23,port669,Luganville,Vanuatu,VUT,0,0,0,0,0,0,0,0,0,0,0,0,0,0,0,0,0,0,0,0,0
2023-12-23 00:00:00+00:00,2023,12,23,port980,Port Vila,Vanuatu,VUT,0,0,0,0,0,0,0,0,0,0,0,0,0,0,0,0,0,0,0,0,0
2023-12-22 00:00:00+00:00,2023,12,22,port669,Luganville,Vanuatu,VUT,0,0,0,0,0,0,0,0,0,0,0,0,0,0,0,0,0,0,0,0,0
2023-12-22 00:00:00+00:00,2023,12,22,port980,Port Vila,Vanuatu,VUT,0,0,0,0,0,0,0,0,0,0,0,0,0,0,0,0,0,0,0,0,0
2023-12-21 00:00:00+00:00,2023,12,21,port669,Luganville,Vanuatu,VUT,0,0,0,0,0,0,0,0,0,0,0,0,0,0,0,0,0,0,0,0,0
2023-12-21 00:00:00+00:00,2023,12,21,port980,Port Vila,Vanuatu,VUT,0,0,0,0,0,0,0,0,0,0,0,0,0,0,0,0,0,0,0,0,0
2023-12-20 00:00:00+00:00,2023,12,20,port669,Luganville,Vanuatu,VUT,0,0,0,0,0,0,0,0,0,0,0,0,0,0,0,0,0,0,0,0,0
2023-12-20 00:00:00+00:00,2023,12,20,port980,Port Vila,Vanuatu,VUT,1,0,0,0,0,1,1,0,0,0,0,0,0,0,949,0,0,0,0,949,949
2023-12-19 00:00:00+00:00,2023,12,19,port669,Luganville,Vanuatu,VUT,0,0,0,0,0,0,0,0,0,0,0,0,0,0,0,0,0,0,0,0,0
2023-12-19 00:00:00+00:00,2023,12,19,port980,Port Vila,Vanuatu,VUT,1,0,0,0,0,1,1,0,0,0,0,0,0,0,389,0,0,0,0,389,389
2023-12-18 00:00:00+00:00,2023,12,18,port669,Luganville,Vanuatu,VUT,0,0,0,0,0,0,0,0,0,0,0,0,0,0,0,0,0,0,0,0,0
2023-12-18 00:00:00+00:00,2023,12,18,port980,Port Vila,Vanuatu,VUT,0,0,0,0,0,0,0,0,0,0,0,0,0,0,0,0,0,0,0,0,0
2023-12-17 00:00:00+00:00,2023,12,17,port669,Luganville,Vanuatu,VUT,0,0,0,0,0,0,0,0,0,0,0,0,0,0,0,0,0,0,0,0,0
2023-12-17 00:00:00+00:00,2023,12,17,port980,Port Vila,Vanuatu,VUT,1,0,0,0,0,1,1,656,0,0,0,0,656,656,0,0,0,0,0,0,0
2023-12-16 00:00:00+00:00,2023,12,16,port669,Luganville,Vanuatu,VUT,0,0,0,0,0,0,0,0,0,0,0,0,0,0,0,0,0,0,0,0,0
2023-12-16 00:00:00+00:00,2023,12,16,port980,Port Vila,Vanuatu,VUT,0,0,0,0,1,0,1,0,0,0,0,0,0,0,0,0,0,0,0,0,0
2023-12-15 00:00:00+00:00,2023,12,15,port669,Luganville,Vanuatu,VUT,0,0,0,0,0,0,0,0,0,0,0,0,0,0,0,0,0,0,0,0,0
2023-12-15 00:00:00+00:00,2023,12,15,port980,Port Vila,Vanuatu,VUT,0,0,0,0,0,0,0,0,0,0,0,0,0,0,0,0,0,0,0,0,0
2023-12-14 00:00:00+00:00,2023,12,14,port669,Luganville,Vanuatu,VUT,0,0,0,0,0,0,0,0,0,0,0,0,0,0,0,0,0,0,0,0,0
2023-12-14 00:00:00+00:00,2023,12,14,port980,Port Vila,Vanuatu,VUT,1,0,0,0,0,1,1,2285,0,0,0,0,2285,2285,0,0,0,0,0,0,0
2023-12-13 00:00:00+00:00,2023,12,13,port669,Luganville,Vanuatu,VUT,1,0,1,0,0,2,2,828,0,883,0,0,1712,1712,146,0,314,0,0,460,460
2023-12-13 00:00:00+00:00,2023,12,13,port980,Port Vila,Vanuatu,VUT,0,0,1,0,0,1,1,0,0,1572,0,0,1572,1572,0,0,0,0,0,0,0
2023-12-12 00:00:00+00:00,2023,12,12,port669,Luganville,Vanuatu,VUT,1,0,1,0,0,2,2,0,0,1265,0,0,1265,1265,775,0,0,0,0,775,775
2023-12-12 00:00:00+00:00,2023,12,12,port980,Port Vila,Vanuatu,VUT,1,0,0,0,0,1,1,0,0,0,0,0,0,0,256,0,0,0,0,256,256
2023-12-11 00:00:00+00:00,2023,12,11,port669,Luganville,Vanuatu,VUT,0,0,0,0,0,0,0,0,0,0,0,0,0,0,0,0,0,0,0,0,0
2023-12-11 00:00:00+00:00,2023,12,11,port980,Port Vila,Vanuatu,VUT,0,0,0,0,0,0,0,0,0,0,0,0,0,0,0,0,0,0,0,0,0
2023-12-10 00:00:00+00:00,2023,12,10,port669,Luganville,Vanuatu,VUT,0,0,0,0,0,0,0,0,0,0,0,0,0,0,0,0,0,0,0,0,0
2023-12-10 00:00:00+00:00,2023,12,10,port980,Port Vila,Vanuatu,VUT,0,0,0,0,0,0,0,0,0,0,0,0,0,0,0,0,0,0,0,0,0
2023-12-09 00:00:00+00:00,2023,12,9,port669,Luganville,Vanuatu,VUT,0,0,0,0,0,0,0,0,0,0,0,0,0,0,0,0,0,0,0,0,0
2023-12-09 00:00:00+00:00,2023,12,9,port980,Port Vila,Vanuatu,VUT,0,0,0,0,0,0,0,0,0,0,0,0,0,0,0,0,0,0,0,0,0
2023-12-08 00:00:00+00:00,2023,12,8,port669,Luganville,Vanuatu,VUT,0,0,0,0,0,0,0,0,0,0,0,0,0,0,0,0,0,0,0,0,0
2023-12-08 00:00:00+00:00,2023,12,8,port980,Port Vila,Vanuatu,VUT,0,0,0,0,0,0,0,0,0,0,0,0,0,0,0,0,0,0,0,0,0
2023-12-07 00:00:00+00:00,2023,12,7,port669,Luganville,Vanuatu,VUT,0,0,0,0,0,0,0,0,0,0,0,0,0,0,0,0,0,0,0,0,0
2023-12-07 00:00:00+00:00,2023,12,7,port980,Port Vila,Vanuatu,VUT,0,0,0,0,0,0,0,0,0,0,0,0,0,0,0,0,0,0,0,0,0
2023-12-06 00:00:00+00:00,2023,12,6,port669,Luganville,Vanuatu,VUT,0,0,0,0,0,0,0,0,0,0,0,0,0,0,0,0,0,0,0,0,0
2023-12-06 00:00:00+00:00,2023,12,6,port980,Port Vila,Vanuatu,VUT,0,0,0,0,0,0,0,0,0,0,0,0,0,0,0,0,0,0,0,0,0
2023-12-05 00:00:00+00:00,2023,12,5,port669,Luganville,Vanuatu,VUT,0,0,0,0,0,0,0,0,0,0,0,0,0,0,0,0,0,0,0,0,0
2023-12-05 00:00:00+00:00,2023,12,5,port980,Port Vila,Vanuatu,VUT,0,0,0,0,0,0,0,0,0,0,0,0,0,0,0,0,0,0,0,0,0
2023-12-04 00:00:00+00:00,2023,12,4,port669,Luganville,Vanuatu,VUT,0,0,0,0,0,0,0,0,0,0,0,0,0,0,0,0,0,0,0,0,0
2023-12-04 00:00:00+00:00,2023,12,4,port980,Port Vila,Vanuatu,VUT,0,0,0,0,0,0,0,0,0,0,0,0,0,0,0,0,0,0,0,0,0
2023-12-03 00:00:00+00:00,2023,12,3,port669,Luganville,Vanuatu,VUT,0,0,0,0,0,0,0,0,0,0,0,0,0,0,0,0,0,0,0,0,0
2023-12-03 00:00:00+00:00,2023,12,3,port980,Port Vila,Vanuatu,VUT,0,0,1,0,1,1,2,0,0,1281,0,0,1281,1281,0,0,0,0,0,0,0
2023-12-02 00:00:00+00:00,2023,12,2,port669,Luganville,Vanuatu,VUT,0,0,0,0,0,0,0,0,0,0,0,0,0,0,0,0,0,0,0,0,0
2023-12-02 00:00:00+00:00,2023,12,2,port980,Port Vila,Vanuatu,VUT,0,0,0,0,0,0,0,0,0,0,0,0,0,0,0,0,0,0,0,0,0
2023-12-01 00:00:00+00:00,2023,12,1,port669,Luganville,Vanuatu,VUT,0,0,0,0,0,0,0,0,0,0,0,0,0,0,0,0,0,0,0,0,0
2023-12-01 00:00:00+00:00,2023,12,1,port980,Port Vila,Vanuatu,VUT,1,0,0,0,0,1,1,1073,0,0,0,0,1073,1073,0,0,0,0,0,0,0
2023-11-30 00:00:00+00:00,2023,11,30,port669,Luganville,Vanuatu,VUT,0,0,0,0,0,0,0,0,0,0,0,0,0,0,0,0,0,0,0,0,0
2023-11-30 00:00:00+00:00,2023,11,30,port980,Port Vila,Vanuatu,VUT,0,0,0,0,0,0,0,0,0,0,0,0,0,0,0,0,0,0,0,0,0
2023-11-29 00:00:00+00:00,2023,11,29,port669,Luganville,Vanuatu,VUT,0,0,0,0,0,0,0,0,0,0,0,0,0,0,0,0,0,0,0,0,0
2023-11-29 00:00:00+00:00,2023,11,29,port980,Port Vila,Vanuatu,VUT,1,0,0,0,0,1,1,1763,0,0,0,0,1763,1763,0,0,0,0,0,0,0
2023-11-28 00:00:00+00:00,2023,11,28,port669,Luganville,Vanuatu,VUT,0,0,0,0,0,0,0,0,0,0,0,0,0,0,0,0,0,0,0,0,0
2023-11-28 00:00:00+00:00,2023,11,28,port980,Port Vila,Vanuatu,VUT,0,0,0,0,0,0,0,0,0,0,0,0,0,0,0,0,0,0,0,0,0
2023-11-27 00:00:00+00:00,2023,11,27,port669,Luganville,Vanuatu,VUT,1,0,0,0,0,1,1,828,0,0,0,0,828,828,146,0,0,0,0,146,146
2023-11-27 00:00:00+00:00,2023,11,27,port980,Port Vila,Vanuatu,VUT,0,0,0,0,0,0,0,0,0,0,0,0,0,0,0,0,0,0,0,0,0
2023-11-26 00:00:00+00:00,2023,11,26,port669,Luganville,Vanuatu,VUT,0,0,0,0,0,0,0,0,0,0,0,0,0,0,0,0,0,0,0,0,0
2023-11-26 00:00:00+00:00,2023,11,26,port980,Port Vila,Vanuatu,VUT,0,0,0,0,1,0,1,0,0,0,0,0,0,0,0,0,0,0,0,0,0
2023-11-25 00:00:00+00:00,2023,11,25,port669,Luganville,Vanuatu,VUT,0,0,0,0,0,0,0,0,0,0,0,0,0,0,0,0,0,0,0,0,0
2023-11-25 00:00:00+00:00,2023,11,25,port980,Port Vila,Vanuatu,VUT,0,0,0,0,0,0,0,0,0,0,0,0,0,0,0,0,0,0,0,0,0
2023-11-24 00:00:00+00:00,2023,11,24,port669,Luganville,Vanuatu,VUT,0,0,0,0,0,0,0,0,0,0,0,0,0,0,0,0,0,0,0,0,0
2023-11-24 00:00:00+00:00,2023,11,24,port980,Port Vila,Vanuatu,VUT,0,0,0,0,0,0,0,0,0,0,0,0,0,0,0,0,0,0,0,0,0
2023-11-23 00:00:00+00:00,2023,11,23,port669,Luganville,Vanuatu,VUT,0,0,0,0,0,0,0,0,0,0,0,0,0,0,0,0,0,0,0,0,0
2023-11-23 00:00:00+00:00,2023,11,23,port980,Port Vila,Vanuatu,VUT,0,0,1,0,0,1,1,0,0,0,0,0,0,0,0,0,314,0,0,314,314
2023-11-22 00:00:00+00:00,2023,11,22,port669,Luganville,Vanuatu,VUT,0,0,0,0,0,0,0,0,0,0,0,0,0,0,0,0,0,0,0,0,0
2023-11-22 00:00:00+00:00,2023,11,22,port980,Port Vila,Vanuatu,VUT,0,0,0,0,0,0,0,0,0,0,0,0,0,0,0,0,0,0,0,0,0
2023-11-21 00:00:00+00:00,2023,11,21,port669,Luganville,Vanuatu,VUT,0,0,0,0,1,0,1,0,0,0,0,0,0,0,0,0,0,0,0,0,0
2023-11-21 00:00:00+00:00,2023,11,21,port980,Port Vila,Vanuatu,VUT,1,0,0,0,0,1,1,3048,0,0,0,0,3048,3048,0,0,0,0,0,0,0
2023-11-20 00:00:00+00:00,2023,11,20,port669,Luganville,Vanuatu,VUT,0,0,0,0,0,0,0,0,0,0,0,0,0,0,0,0,0,0,0,0,0
2023-11-20 00:00:00+00:00,2023,11,20,port980,Port Vila,Vanuatu,VUT,1,0,0,0,0,1,1,0,0,0,0,0,0,0,656,0,0,0,0,656,656
2023-11-19 00:00:00+00:00,2023,11,19,port669,Luganville,Vanuatu,VUT,0,0,0,0,0,0,0,0,0,0,0,0,0,0,0,0,0,0,0,0,0
2023-11-19 00:00:00+00:00,2023,11,19,port980,Port Vila,Vanuatu,VUT,1,0,0,0,0,1,1,1023,0,0,0,0,1023,1023,0,0,0,0,0,0,0
2023-11-18 00:00:00+00:00,2023,11,18,port669,Luganville,Vanuatu,VUT,0,0,0,0,0,0,0,0,0,0,0,0,0,0,0,0,0,0,0,0,0
2023-11-18 00:00:00+00:00,2023,11,18,port980,Port Vila,Vanuatu,VUT,1,0,0,0,0,1,1,0,0,0,0,0,0,0,1550,0,0,0,0,1550,1550
2023-11-17 00:00:00+00:00,2023,11,17,port669,Luganville,Vanuatu,VUT,1,0,0,0,0,1,1,1028,0,0,0,0,1028,1028,0,0,0,0,0,0,0
2023-11-17 00:00:00+00:00,2023,11,17,port980,Port Vila,Vanuatu,VUT,0,0,0,0,0,0,0,0,0,0,0,0,0,0,0,0,0,0,0,0,0
2023-11-16 00:00:00+00:00,2023,11,16,port669,Luganville,Vanuatu,VUT,0,0,0,0,0,0,0,0,0,0,0,0,0,0,0,0,0,0,0,0,0
2023-11-16 00:00:00+00:00,2023,11,16,port980,Port Vila,Vanuatu,VUT,0,0,0,0,0,0,0,0,0,0,0,0,0,0,0,0,0,0,0,0,0
2023-11-15 00:00:00+00:00,2023,11,15,port669,Luganville,Vanuatu,VUT,0,0,0,0,0,0,0,0,0,0,0,0,0,0,0,0,0,0,0,0,0
2023-11-15 00:00:00+00:00,2023,11,15,port980,Port Vila,Vanuatu,VUT,0,0,0,0,0,0,0,0,0,0,0,0,0,0,0,0,0,0,0,0,0
2023-11-14 00:00:00+00:00,2023,11,14,port669,Luganville,Vanuatu,VUT,0,0,0,0,0,0,0,0,0,0,0,0,0,0,0,0,0,0,0,0,0
2023-11-14 00:00:00+00:00,2023,11,14,port980,Port Vila,Vanuatu,VUT,0,0,0,0,0,0,0,0,0,0,0,0,0,0,0,0,0,0,0,0,0
2023-11-13 00:00:00+00:00,2023,11,13,port669,Luganville,Vanuatu,VUT,0,0,0,0,0,0,0,0,0,0,0,0,0,0,0,0,0,0,0,0,0
2023-11-13 00:00:00+00:00,2023,11,13,port980,Port Vila,Vanuatu,VUT,0,0,0,0,0,0,0,0,0,0,0,0,0,0,0,0,0,0,0,0,0
2023-11-12 00:00:00+00:00,2023,11,12,port669,Luganville,Vanuatu,VUT,0,0,0,0,0,0,0,0,0,0,0,0,0,0,0,0,0,0,0,0,0
2023-11-12 00:00:00+00:00,2023,11,12,port980,Port Vila,Vanuatu,VUT,0,0,0,0,0,0,0,0,0,0,0,0,0,0,0,0,0,0,0,0,0
2023-11-11 00:00:00+00:00,2023,11,11,port669,Luganville,Vanuatu,VUT,0,0,0,0,0,0,0,0,0,0,0,0,0,0,0,0,0,0,0,0,0
2023-11-11 00:00:00+00:00,2023,11,11,port980,Port Vila,Vanuatu,VUT,0,0,0,0,0,0,0,0,0,0,0,0,0,0,0,0,0,0,0,0,0
2023-11-10 00:00:00+00:00,2023,11,10,port669,Luganville,Vanuatu,VUT,0,0,0,0,0,0,0,0,0,0,0,0,0,0,0,0,0,0,0,0,0
2023-11-10 00:00:00+00:00,2023,11,10,port980,Port Vila,Vanuatu,VUT,0,0,1,0,0,1,1,0,0,629,0,0,629,629,0,0,0,0,0,0,0
2023-11-09 00:00:00+00:00,2023,11,9,port669,Luganville,Vanuatu,VUT,0,0,0,0,0,0,0,0,0,0,0,0,0,0,0,0,0,0,0,0,0
2023-11-09 00:00:00+00:00,2023,11,9,port980,Port Vila,Vanuatu,VUT,0,0,0,0,0,0,0,0,0,0,0,0,0,0,0,0,0,0,0,0,0
2023-11-08 00:00:00+00:00,2023,11,8,port669,Luganville,Vanuatu,VUT,1,0,1,0,0,2,2,1572,0,2533,0,0,4106,4106,0,0,0,0,0,0,0
2023-11-08 00:00:00+00:00,2023,11,8,port980,Port Vila,Vanuatu,VUT,0,0,0,0,0,0,0,0,0,0,0,0,0,0,0,0,0,0,0,0,0
2023-11-07 00:00:00+00:00,2023,11,7,port669,Luganville,Vanuatu,VUT,0,0,1,0,0,1,1,0,0,0,0,0,0,0,0,0,0,0,0,0,0
2023-11-07 00:00:00+00:00,2023,11,7,port980,Port Vila,Vanuatu,VUT,0,0,0,0,0,0,0,0,0,0,0,0,0,0,0,0,0,0,0,0,0
2023-11-06 00:00:00+00:00,2023,11,6,port669,Luganville,Vanuatu,VUT,0,0,0,0,0,0,0,0,0,0,0,0,0,0,0,0,0,0,0,0,0
2023-11-06 00:00:00+00:00,2023,11,6,port980,Port Vila,Vanuatu,VUT,0,0,0,0,0,0,0,0,0,0,0,0,0,0,0,0,0,0,0,0,0
2023-11-05 00:00:00+00:00,2023,11,5,port669,Luganville,Vanuatu,VUT,0,0,0,0,0,0,0,0,0,0,0,0,0,0,0,0,0,0,0,0,0
2023-11-05 00:00:00+00:00,2023,11,5,port980,Port Vila,Vanuatu,VUT,1,0,0,0,1,1,2,2189,0,0,0,311,2189,2501,0,0,0,0,175,0,175
2023-11-04 00:00:00+00:00,2023,11,4,port669,Luganville,Vanuatu,VUT,0,0,0,0,0,0,0,0,0,0,0,0,0,0,0,0,0,0,0,0,0
2023-11-04 00:00:00+00:00,2023,11,4,port980,Port Vila,Vanuatu,VUT,0,0,0,0,0,0,0,0,0,0,0,0,0,0,0,0,0,0,0,0,0
2023-11-03 00:00:00+00:00,2023,11,3,port669,Luganville,Vanuatu,VUT,0,0,0,0,0,0,0,0,0,0,0,0,0,0,0,0,0,0,0,0,0
2023-11-03 00:00:00+00:00,2023,11,3,port980,Port Vila,Vanuatu,VUT,0,0,0,0,0,0,0,0,0,0,0,0,0,0,0,0,0,0,0,0,0
2023-11-02 00:00:00+00:00,2023,11,2,port669,Luganville,Vanuatu,VUT,0,0,0,0,0,0,0,0,0,0,0,0,0,0,0,0,0,0,0,0,0
2023-11-02 00:00:00+00:00,2023,11,2,port980,Port Vila,Vanuatu,VUT,1,0,0,0,0,1,1,0,0,0,0,0,0,0,2153,0,0,0,0,2153,2153
2023-11-01 00:00:00+00:00,2023,11,1,port669,Luganville,Vanuatu,VUT,0,0,0,0,0,0,0,0,0,0,0,0,0,0,0,0,0,0,0,0,0
2023-11-01 00:00:00+00:00,2023,11,1,port980,Port Vila,Vanuatu,VUT,0,0,0,0,0,0,0,0,0,0,0,0,0,0,0,0,0,0,0,0,0
2023-10-31 00:00:00+00:00,2023,10,31,port669,Luganville,Vanuatu,VUT,0,0,0,0,0,0,0,0,0,0,0,0,0,0,0,0,0,0,0,0,0
2023-10-31 00:00:00+00:00,2023,10,31,port980,Port Vila,Vanuatu,VUT,0,0,0,0,0,0,0,0,0,0,0,0,0,0,0,0,0,0,0,0,0
2023-10-30 00:00:00+00:00,2023,10,30,port669,Luganville,Vanuatu,VUT,0,0,0,0,0,0,0,0,0,0,0,0,0,0,0,0,0,0,0,0,0
2023-10-30 00:00:00+00:00,2023,10,30,port980,Port Vila,Vanuatu,VUT,0,0,0,0,0,0,0,0,0,0,0,0,0,0,0,0,0,0,0,0,0
2023-10-29 00:00:00+00:00,2023,10,29,port669,Luganville,Vanuatu,VUT,0,0,0,0,0,0,0,0,0,0,0,0,0,0,0,0,0,0,0,0,0
2023-10-29 00:00:00+00:00,2023,10,29,port980,Port Vila,Vanuatu,VUT,0,0,0,0,0,0,0,0,0,0,0,0,0,0,0,0,0,0,0,0,0
2023-10-28 00:00:00+00:00,2023,10,28,port669,Luganville,Vanuatu,VUT,0,0,0,0,0,0,0,0,0,0,0,0,0,0,0,0,0,0,0,0,0
2023-10-28 00:00:00+00:00,2023,10,28,port980,Port Vila,Vanuatu,VUT,0,0,0,0,0,0,0,0,0,0,0,0,0,0,0,0,0,0,0,0,0
2023-10-27 00:00:00+00:00,2023,10,27,port669,Luganville,Vanuatu,VUT,0,0,0,0,0,0,0,0,0,0,0,0,0,0,0,0,0,0,0,0,0
2023-10-27 00:00:00+00:00,2023,10,27,port980,Port Vila,Vanuatu,VUT,0,0,0,0,0,0,0,0,0,0,0,0,0,0,0,0,0,0,0,0,0
2023-10-26 00:00:00+00:00,2023,10,26,port669,Luganville,Vanuatu,VUT,0,0,0,0,0,0,0,0,0,0,0,0,0,0,0,0,0,0,0,0,0
2023-10-26 00:00:00+00:00,2023,10,26,port980,Port Vila,Vanuatu,VUT,1,0,0,0,0,1,1,0,0,0,0,0,0,0,760,0,0,0,0,760,760
2023-10-25 00:00:00+00:00,2023,10,25,port669,Luganville,Vanuatu,VUT,1,0,0,0,0,1,1,760,0,0,0,0,760,760,0,0,0,0,0,0,0
2023-10-25 00:00:00+00:00,2023,10,25,port980,Port Vila,Vanuatu,VUT,0,0,0,0,0,0,0,0,0,0,0,0,0,0,0,0,0,0,0,0,0
2023-10-24 00:00:00+00:00,2023,10,24,port669,Luganville,Vanuatu,VUT,0,0,0,0,0,0,0,0,0,0,0,0,0,0,0,0,0,0,0,0,0
2023-10-24 00:00:00+00:00,2023,10,24,port980,Port Vila,Vanuatu,VUT,0,0,0,0,0,0,0,0,0,0,0,0,0,0,0,0,0,0,0,0,0
2023-10-23 00:00:00+00:00,2023,10,23,port669,Luganville,Vanuatu,VUT,0,0,0,0,0,0,0,0,0,0,0,0,0,0,0,0,0,0,0,0,0
2023-10-23 00:00:00+00:00,2023,10,23,port980,Port Vila,Vanuatu,VUT,0,0,0,0,0,0,0,0,0,0,0,0,0,0,0,0,0,0,0,0,0
2023-10-22 00:00:00+00:00,2023,10,22,port669,Luganville,Vanuatu,VUT,0,0,0,0,0,0,0,0,0,0,0,0,0,0,0,0,0,0,0,0,0
2023-10-22 00:00:00+00:00,2023,10,22,port980,Port Vila,Vanuatu,VUT,0,0,0,0,0,0,0,0,0,0,0,0,0,0,0,0,0,0,0,0,0
2023-10-21 00:00:00+00:00,2023,10,21,port669,Luganville,Vanuatu,VUT,0,0,0,0,0,0,0,0,0,0,0,0,0,0,0,0,0,0,0,0,0
2023-10-21 00:00:00+00:00,2023,10,21,port980,Port Vila,Vanuatu,VUT,0,0,0,0,0,0,0,0,0,0,0,0,0,0,0,0,0,0,0,0,0
2023-10-20 00:00:00+00:00,2023,10,20,port669,Luganville,Vanuatu,VUT,0,0,1,0,0,1,1,0,0,188,0,0,188,188,0,0,0,0,0,0,0
2023-10-20 00:00:00+00:00,2023,10,20,port980,Port Vila,Vanuatu,VUT,0,0,0,0,0,0,0,0,0,0,0,0,0,0,0,0,0,0,0,0,0
2023-10-19 00:00:00+00:00,2023,10,19,port669,Luganville,Vanuatu,VUT,0,0,0,0,0,0,0,0,0,0,0,0,0,0,0,0,0,0,0,0,0
2023-10-19 00:00:00+00:00,2023,10,19,port980,Port Vila,Vanuatu,VUT,1,0,0,0,0,1,1,317,0,0,0,0,317,317,0,0,0,0,0,0,0
2023-10-18 00:00:00+00:00,2023,10,18,port669,Luganville,Vanuatu,VUT,0,0,0,0,0,0,0,0,0,0,0,0,0,0,0,0,0,0,0,0,0
2023-10-18 00:00:00+00:00,2023,10,18,port980,Port Vila,Vanuatu,VUT,1,0,0,0,0,1,1,0,0,0,0,0,0,0,328,0,0,0,0,328,328
2023-10-17 00:00:00+00:00,2023,10,17,port669,Luganville,Vanuatu,VUT,0,0,0,0,0,0,0,0,0,0,0,0,0,0,0,0,0,0,0,0,0
2023-10-17 00:00:00+00:00,2023,10,17,port980,Port Vila,Vanuatu,VUT,0,0,0,0,0,0,0,0,0,0,0,0,0,0,0,0,0,0,0,0,0
2023-10-16 00:00:00+00:00,2023,10,16,port669,Luganville,Vanuatu,VUT,0,0,0,0,0,0,0,0,0,0,0,0,0,0,0,0,0,0,0,0,0
2023-10-16 00:00:00+00:00,2023,10,16,port980,Port Vila,Vanuatu,VUT,0,0,0,0,0,0,0,0,0,0,0,0,0,0,0,0,0,0,0,0,0
2023-10-15 00:00:00+00:00,2023,10,15,port669,Luganville,Vanuatu,VUT,0,0,0,0,0,0,0,0,0,0,0,0,0,0,0,0,0,0,0,0,0
2023-10-15 00:00:00+00:00,2023,10,15,port980,Port Vila,Vanuatu,VUT,1,0,0,0,0,1,1,1240,0,0,0,0,1240,1240,125,0,0,0,0,125,125
2023-10-14 00:00:00+00:00,2023,10,14,port669,Luganville,Vanuatu,VUT,0,0,0,0,0,0,0,0,0,0,0,0,0,0,0,0,0,0,0,0,0
2023-10-14 00:00:00+00:00,2023,10,14,port980,Port Vila,Vanuatu,VUT,0,0,0,0,0,0,0,0,0,0,0,0,0,0,0,0,0,0,0,0,0
2023-10-13 00:00:00+00:00,2023,10,13,port669,Luganville,Vanuatu,VUT,1,0,0,0,0,1,1,1281,0,0,0,0,1281,1281,0,0,0,0,0,0,0
2023-10-13 00:00:00+00:00,2023,10,13,port980,Port Vila,Vanuatu,VUT,1,0,0,0,0,1,1,0,0,0,0,0,0,0,2341,0,0,0,0,2341,2341
2023-10-12 00:00:00+00:00,2023,10,12,port669,Luganville,Vanuatu,VUT,0,0,0,0,0,0,0,0,0,0,0,0,0,0,0,0,0,0,0,0,0
2023-10-12 00:00:00+00:00,2023,10,12,port980,Port Vila,Vanuatu,VUT,0,0,0,0,0,0,0,0,0,0,0,0,0,0,0,0,0,0,0,0,0
2023-10-11 00:00:00+00:00,2023,10,11,port669,Luganville,Vanuatu,VUT,0,0,0,0,0,0,0,0,0,0,0,0,0,0,0,0,0,0,0,0,0
2023-10-11 00:00:00+00:00,2023,10,11,port980,Port Vila,Vanuatu,VUT,1,0,0,0,0,1,1,0,0,0,0,0,0,0,771,0,0,0,0,771,771
2023-10-10 00:00:00+00:00,2023,10,10,port669,Luganville,Vanuatu,VUT,2,0,0,0,0,2,2,1535,0,0,0,0,1535,1535,243,0,0,0,0,243,243
2023-10-10 00:00:00+00:00,2023,10,10,port980,Port Vila,Vanuatu,VUT,0,0,0,0,0,0,0,0,0,0,0,0,0,0,0,0,0,0,0,0,0
2023-10-09 00:00:00+00:00,2023,10,9,port669,Luganville,Vanuatu,VUT,0,0,0,0,0,0,0,0,0,0,0,0,0,0,0,0,0,0,0,0,0
2023-10-09 00:00:00+00:00,2023,10,9,port980,Port Vila,Vanuatu,VUT,0,0,0,0,0,0,0,0,0,0,0,0,0,0,0,0,0,0,0,0,0
2023-10-08 00:00:00+00:00,2023,10,8,port669,Luganville,Vanuatu,VUT,0,0,0,0,0,0,0,0,0,0,0,0,0,0,0,0,0,0,0,0,0
2023-10-08 00:00:00+00:00,2023,10,8,port980,Port Vila,Vanuatu,VUT,0,0,0,0,0,0,0,0,0,0,0,0,0,0,0,0,0,0,0,0,0
2023-10-07 00:00:00+00:00,2023,10,7,port669,Luganville,Vanuatu,VUT,0,0,0,0,0,0,0,0,0,0,0,0,0,0,0,0,0,0,0,0,0
2023-10-07 00:00:00+00:00,2023,10,7,port980,Port Vila,Vanuatu,VUT,0,0,0,0,0,0,0,0,0,0,0,0,0,0,0,0,0,0,0,0,0
2023-10-06 00:00:00+00:00,2023,10,6,port669,Luganville,Vanuatu,VUT,0,0,0,0,0,0,0,0,0,0,0,0,0,0,0,0,0,0,0,0,0
2023-10-06 00:00:00+00:00,2023,10,6,port980,Port Vila,Vanuatu,VUT,0,0,1,0,0,1,1,0,0,2210,0,0,2210,2210,0,0,0,0,0,0,0
2023-10-05 00:00:00+00:00,2023,10,5,port669,Luganville,Vanuatu,VUT,0,0,0,0,0,0,0,0,0,0,0,0,0,0,0,0,0,0,0,0,0
2023-10-05 00:00:00+00:00,2023,10,5,port980,Port Vila,Vanuatu,VUT,1,0,0,0,0,1,1,804,0,0,0,0,804,804,0,0,0,0,0,0,0
2023-10-04 00:00:00+00:00,2023,10,4,port669,Luganville,Vanuatu,VUT,0,0,1,0,0,1,1,0,0,317,0,0,317,317,0,0,0,0,0,0,0
2023-10-04 00:00:00+00:00,2023,10,4,port980,Port Vila,Vanuatu,VUT,0,0,0,0,0,0,0,0,0,0,0,0,0,0,0,0,0,0,0,0,0
2023-10-03 00:00:00+00:00,2023,10,3,port669,Luganville,Vanuatu,VUT,0,0,0,0,0,0,0,0,0,0,0,0,0,0,0,0,0,0,0,0,0
2023-10-03 00:00:00+00:00,2023,10,3,port980,Port Vila,Vanuatu,VUT,0,0,0,0,0,0,0,0,0,0,0,0,0,0,0,0,0,0,0,0,0
2023-10-02 00:00:00+00:00,2023,10,2,port669,Luganville,Vanuatu,VUT,0,0,0,0,0,0,0,0,0,0,0,0,0,0,0,0,0,0,0,0,0
2023-10-02 00:00:00+00:00,2023,10,2,port980,Port Vila,Vanuatu,VUT,0,0,0,0,1,0,1,0,0,0,0,0,0,0,0,0,0,0,0,0,0
2023-10-01 00:00:00+00:00,2023,10,1,port669,Luganville,Vanuatu,VUT,0,0,0,0,0,0,0,0,0,0,0,0,0,0,0,0,0,0,0,0,0
2023-10-01 00:00:00+00:00,2023,10,1,port980,Port Vila,Vanuatu,VUT,0,0,0,0,0,0,0,0,0,0,0,0,0,0,0,0,0,0,0,0,0
2023-09-30 00:00:00+00:00,2023,9,30,port669,Luganville,Vanuatu,VUT,0,0,0,0,0,0,0,0,0,0,0,0,0,0,0,0,0,0,0,0,0
2023-09-30 00:00:00+00:00,2023,9,30,port980,Port Vila,Vanuatu,VUT,0,0,0,0,0,0,0,0,0,0,0,0,0,0,0,0,0,0,0,0,0
2023-09-29 00:00:00+00:00,2023,9,29,port669,Luganville,Vanuatu,VUT,0,0,0,0,0,0,0,0,0,0,0,0,0,0,0,0,0,0,0,0,0
2023-09-29 00:00:00+00:00,2023,9,29,port980,Port Vila,Vanuatu,VUT,0,0,0,0,0,0,0,0,0,0,0,0,0,0,0,0,0,0,0,0,0
2023-09-28 00:00:00+00:00,2023,9,28,port669,Luganville,Vanuatu,VUT,0,0,0,0,0,0,0,0,0,0,0,0,0,0,0,0,0,0,0,0,0
2023-09-28 00:00:00+00:00,2023,9,28,port980,Port Vila,Vanuatu,VUT,0,0,0,0,1,0,1,0,0,0,0,311,0,311,0,0,0,0,175,0,175
2023-09-27 00:00:00+00:00,2023,9,27,port669,Luganville,Vanuatu,VUT,0,0,0,0,0,0,0,0,0,0,0,0,0,0,0,0,0,0,0,0,0
2023-09-27 00:00:00+00:00,2023,9,27,port980,Port Vila,Vanuatu,VUT,0,0,0,0,0,0,0,0,0,0,0,0,0,0,0,0,0,0,0,0,0
2023-09-26 00:00:00+00:00,2023,9,26,port669,Luganville,Vanuatu,VUT,0,0,0,0,0,0,0,0,0,0,0,0,0,0,0,0,0,0,0,0,0
2023-09-26 00:00:00+00:00,2023,9,26,port980,Port Vila,Vanuatu,VUT,0,0,0,0,0,0,0,0,0,0,0,0,0,0,0,0,0,0,0,0,0
2023-09-25 00:00:00+00:00,2023,9,25,port669,Luganville,Vanuatu,VUT,0,0,0,0,0,0,0,0,0,0,0,0,0,0,0,0,0,0,0,0,0
2023-09-25 00:00:00+00:00,2023,9,25,port980,Port Vila,Vanuatu,VUT,0,0,0,0,0,0,0,0,0,0,0,0,0,0,0,0,0,0,0,0,0
2023-09-24 00:00:00+00:00,2023,9,24,port669,Luganville,Vanuatu,VUT,0,0,0,0,0,0,0,0,0,0,0,0,0,0,0,0,0,0,0,0,0
2023-09-24 00:00:00+00:00,2023,9,24,port980,Port Vila,Vanuatu,VUT,0,0,0,0,0,0,0,0,0,0,0,0,0,0,0,0,0,0,0,0,0
2023-09-23 00:00:00+00:00,2023,9,23,port669,Luganville,Vanuatu,VUT,0,0,0,0,0,0,0,0,0,0,0,0,0,0,0,0,0,0,0,0,0
2023-09-23 00:00:00+00:00,2023,9,23,port980,Port Vila,Vanuatu,VUT,0,0,0,0,0,0,0,0,0,0,0,0,0,0,0,0,0,0,0,0,0
2023-09-22 00:00:00+00:00,2023,9,22,port669,Luganville,Vanuatu,VUT,0,0,0,0,0,0,0,0,0,0,0,0,0,0,0,0,0,0,0,0,0
2023-09-22 00:00:00+00:00,2023,9,22,port980,Port Vila,Vanuatu,VUT,0,0,0,0,0,0,0,0,0,0,0,0,0,0,0,0,0,0,0,0,0
2023-09-21 00:00:00+00:00,2023,9,21,port669,Luganville,Vanuatu,VUT,0,0,0,0,0,0,0,0,0,0,0,0,0,0,0,0,0,0,0,0,0
2023-09-21 00:00:00+00:00,2023,9,21,port980,Port Vila,Vanuatu,VUT,0,0,0,0,0,0,0,0,0,0,0,0,0,0,0,0,0,0,0,0,0
2023-09-20 00:00:00+00:00,2023,9,20,port669,Luganville,Vanuatu,VUT,0,0,0,0,0,0,0,0,0,0,0,0,0,0,0,0,0,0,0,0,0
2023-09-20 00:00:00+00:00,2023,9,20,port980,Port Vila,Vanuatu,VUT,1,0,1,0,0,2,2,1317,0,1263,0,0,2581,2581,0,0,0,0,0,0,0
2023-09-19 00:00:00+00:00,2023,9,19,port669,Luganville,Vanuatu,VUT,0,0,0,0,0,0,0,0,0,0,0,0,0,0,0,0,0,0,0,0,0
2023-09-19 00:00:00+00:00,2023,9,19,port980,Port Vila,Vanuatu,VUT,0,0,0,0,0,0,0,0,0,0,0,0,0,0,0,0,0,0,0,0,0
2023-09-18 00:00:00+00:00,2023,9,18,port669,Luganville,Vanuatu,VUT,0,0,0,0,0,0,0,0,0,0,0,0,0,0,0,0,0,0,0,0,0
2023-09-18 00:00:00+00:00,2023,9,18,port980,Port Vila,Vanuatu,VUT,1,0,0,0,0,1,1,433,0,0,0,0,433,433,0,0,0,0,0,0,0
2023-09-17 00:00:00+00:00,2023,9,17,port669,Luganville,Vanuatu,VUT,0,0,0,0,0,0,0,0,0,0,0,0,0,0,0,0,0,0,0,0,0
2023-09-17 00:00:00+00:00,2023,9,17,port980,Port Vila,Vanuatu,VUT,0,0,0,0,0,0,0,0,0,0,0,0,0,0,0,0,0,0,0,0,0
2023-09-16 00:00:00+00:00,2023,9,16,port669,Luganville,Vanuatu,VUT,0,0,0,0,0,0,0,0,0,0,0,0,0,0,0,0,0,0,0,0,0
2023-09-16 00:00:00+00:00,2023,9,16,port980,Port Vila,Vanuatu,VUT,1,0,0,0,0,1,1,388,0,0,0,0,388,388,0,0,0,0,0,0,0
2023-09-15 00:00:00+00:00,2023,9,15,port669,Luganville,Vanuatu,VUT,0,0,0,0,0,0,0,0,0,0,0,0,0,0,0,0,0,0,0,0,0
2023-09-15 00:00:00+00:00,2023,9,15,port980,Port Vila,Vanuatu,VUT,0,0,0,0,0,0,0,0,0,0,0,0,0,0,0,0,0,0,0,0,0
2023-09-14 00:00:00+00:00,2023,9,14,port669,Luganville,Vanuatu,VUT,0,0,0,0,0,0,0,0,0,0,0,0,0,0,0,0,0,0,0,0,0
2023-09-14 00:00:00+00:00,2023,9,14,port980,Port Vila,Vanuatu,VUT,0,0,0,0,0,0,0,0,0,0,0,0,0,0,0,0,0,0,0,0,0
2023-09-13 00:00:00+00:00,2023,9,13,port669,Luganville,Vanuatu,VUT,0,0,0,0,0,0,0,0,0,0,0,0,0,0,0,0,0,0,0,0,0
2023-09-13 00:00:00+00:00,2023,9,13,port980,Port Vila,Vanuatu,VUT,0,0,0,0,0,0,0,0,0,0,0,0,0,0,0,0,0,0,0,0,0
2023-09-12 00:00:00+00:00,2023,9,12,port669,Luganville,Vanuatu,VUT,0,0,0,0,0,0,0,0,0,0,0,0,0,0,0,0,0,0,0,0,0
2023-09-12 00:00:00+00:00,2023,9,12,port980,Port Vila,Vanuatu,VUT,1,0,0,0,0,1,1,1531,0,0,0,0,1531,1531,0,0,0,0,0,0,0
2023-09-11 00:00:00+00:00,2023,9,11,port669,Luganville,Vanuatu,VUT,0,0,0,0,0,0,0,0,0,0,0,0,0,0,0,0,0,0,0,0,0
2023-09-11 00:00:00+00:00,2023,9,11,port980,Port Vila,Vanuatu,VUT,0,0,0,0,0,0,0,0,0,0,0,0,0,0,0,0,0,0,0,0,0
2023-09-10 00:00:00+00:00,2023,9,10,port669,Luganville,Vanuatu,VUT,0,0,1,0,0,1,1,0,0,2372,0,0,2372,2372,0,0,0,0,0,0,0
2023-09-10 00:00:00+00:00,2023,9,10,port980,Port Vila,Vanuatu,VUT,0,0,0,0,0,0,0,0,0,0,0,0,0,0,0,0,0,0,0,0,0
2023-09-09 00:00:00+00:00,2023,9,9,port669,Luganville,Vanuatu,VUT,1,0,0,0,0,1,1,515,0,0,0,0,515,515,0,0,0,0,0,0,0
2023-09-09 00:00:00+00:00,2023,9,9,port980,Port Vila,Vanuatu,VUT,0,0,0,0,0,0,0,0,0,0,0,0,0,0,0,0,0,0,0,0,0
2023-09-08 00:00:00+00:00,2023,9,8,port669,Luganville,Vanuatu,VUT,1,0,0,0,0,1,1,388,0,0,0,0,388,388,0,0,0,0,0,0,0
2023-09-08 00:00:00+00:00,2023,9,8,port980,Port Vila,Vanuatu,VUT,0,0,0,0,0,0,0,0,0,0,0,0,0,0,0,0,0,0,0,0,0
2023-09-07 00:00:00+00:00,2023,9,7,port669,Luganville,Vanuatu,VUT,0,0,0,0,0,0,0,0,0,0,0,0,0,0,0,0,0,0,0,0,0
2023-09-07 00:00:00+00:00,2023,9,7,port980,Port Vila,Vanuatu,VUT,0,0,0,0,0,0,0,0,0,0,0,0,0,0,0,0,0,0,0,0,0
2023-09-06 00:00:00+00:00,2023,9,6,port669,Luganville,Vanuatu,VUT,0,0,0,0,0,0,0,0,0,0,0,0,0,0,0,0,0,0,0,0,0
2023-09-06 00:00:00+00:00,2023,9,6,port980,Port Vila,Vanuatu,VUT,1,0,0,0,0,1,1,538,0,0,0,0,538,538,0,0,0,0,0,0,0
2023-09-05 00:00:00+00:00,2023,9,5,port669,Luganville,Vanuatu,VUT,0,0,0,0,0,0,0,0,0,0,0,0,0,0,0,0,0,0,0,0,0
2023-09-05 00:00:00+00:00,2023,9,5,port980,Port Vila,Vanuatu,VUT,0,0,0,0,0,0,0,0,0,0,0,0,0,0,0,0,0,0,0,0,0
2023-09-04 00:00:00+00:00,2023,9,4,port669,Luganville,Vanuatu,VUT,0,0,0,0,0,0,0,0,0,0,0,0,0,0,0,0,0,0,0,0,0
2023-09-04 00:00:00+00:00,2023,9,4,port980,Port Vila,Vanuatu,VUT,0,0,0,0,0,0,0,0,0,0,0,0,0,0,0,0,0,0,0,0,0
2023-09-03 00:00:00+00:00,2023,9,3,port669,Luganville,Vanuatu,VUT,0,0,0,0,0,0,0,0,0,0,0,0,0,0,0,0,0,0,0,0,0
2023-09-03 00:00:00+00:00,2023,9,3,port980,Port Vila,Vanuatu,VUT,0,0,1,0,0,1,1,0,0,1262,0,0,1262,1262,0,0,0,0,0,0,0
2023-09-02 00:00:00+00:00,2023,9,2,port669,Luganville,Vanuatu,VUT,0,0,1,0,0,1,1,0,0,1268,0,0,1268,1268,0,0,0,0,0,0,0
2023-09-02 00:00:00+00:00,2023,9,2,port980,Port Vila,Vanuatu,VUT,0,0,0,0,0,0,0,0,0,0,0,0,0,0,0,0,0,0,0,0,0
2023-09-01 00:00:00+00:00,2023,9,1,port669,Luganville,Vanuatu,VUT,0,0,0,0,0,0,0,0,0,0,0,0,0,0,0,0,0,0,0,0,0
2023-09-01 00:00:00+00:00,2023,9,1,port980,Port Vila,Vanuatu,VUT,0,0,0,0,0,0,0,0,0,0,0,0,0,0,0,0,0,0,0,0,0
2023-08-31 00:00:00+00:00,2023,8,31,port669,Luganville,Vanuatu,VUT,0,0,0,0,0,0,0,0,0,0,0,0,0,0,0,0,0,0,0,0,0
2023-08-31 00:00:00+00:00,2023,8,31,port980,Port Vila,Vanuatu,VUT,1,0,0,0,0,1,1,1240,0,0,0,0,1240,1240,125,0,0,0,0,125,125
2023-08-30 00:00:00+00:00,2023,8,30,port669,Luganville,Vanuatu,VUT,0,0,0,0,0,0,0,0,0,0,0,0,0,0,0,0,0,0,0,0,0
2023-08-30 00:00:00+00:00,2023,8,30,port980,Port Vila,Vanuatu,VUT,0,0,0,0,0,0,0,0,0,0,0,0,0,0,0,0,0,0,0,0,0
2023-08-29 00:00:00+00:00,2023,8,29,port669,Luganville,Vanuatu,VUT,1,0,0,0,0,1,1,960,0,0,0,0,960,960,0,0,0,0,0,0,0
2023-08-29 00:00:00+00:00,2023,8,29,port980,Port Vila,Vanuatu,VUT,0,0,0,0,0,0,0,0,0,0,0,0,0,0,0,0,0,0,0,0,0
2023-08-28 00:00:00+00:00,2023,8,28,port669,Luganville,Vanuatu,VUT,0,0,0,0,0,0,0,0,0,0,0,0,0,0,0,0,0,0,0,0,0
2023-08-28 00:00:00+00:00,2023,8,28,port980,Port Vila,Vanuatu,VUT,1,0,0,0,0,1,1,877,0,0,0,0,877,877,0,0,0,0,0,0,0
2023-08-27 00:00:00+00:00,2023,8,27,port669,Luganville,Vanuatu,VUT,0,0,0,0,0,0,0,0,0,0,0,0,0,0,0,0,0,0,0,0,0
2023-08-27 00:00:00+00:00,2023,8,27,port980,Port Vila,Vanuatu,VUT,0,0,0,0,0,0,0,0,0,0,0,0,0,0,0,0,0,0,0,0,0
2023-08-26 00:00:00+00:00,2023,8,26,port669,Luganville,Vanuatu,VUT,0,0,0,0,0,0,0,0,0,0,0,0,0,0,0,0,0,0,0,0,0
2023-08-26 00:00:00+00:00,2023,8,26,port980,Port Vila,Vanuatu,VUT,0,0,0,0,0,0,0,0,0,0,0,0,0,0,0,0,0,0,0,0,0
2023-08-25 00:00:00+00:00,2023,8,25,port669,Luganville,Vanuatu,VUT,0,0,0,0,0,0,0,0,0,0,0,0,0,0,0,0,0,0,0,0,0
2023-08-25 00:00:00+00:00,2023,8,25,port980,Port Vila,Vanuatu,VUT,0,0,0,0,0,0,0,0,0,0,0,0,0,0,0,0,0,0,0,0,0
2023-08-24 00:00:00+00:00,2023,8,24,port669,Luganville,Vanuatu,VUT,0,0,0,0,0,0,0,0,0,0,0,0,0,0,0,0,0,0,0,0,0
2023-08-24 00:00:00+00:00,2023,8,24,port980,Port Vila,Vanuatu,VUT,0,0,0,0,0,0,0,0,0,0,0,0,0,0,0,0,0,0,0,0,0
2023-08-23 00:00:00+00:00,2023,8,23,port669,Luganville,Vanuatu,VUT,0,0,0,0,0,0,0,0,0,0,0,0,0,0,0,0,0,0,0,0,0
2023-08-23 00:00:00+00:00,2023,8,23,port980,Port Vila,Vanuatu,VUT,1,0,0,0,1,1,2,328,0,0,0,0,328,328,0,0,0,0,1052,0,1052
2023-08-22 00:00:00+00:00,2023,8,22,port669,Luganville,Vanuatu,VUT,0,0,0,0,0,0,0,0,0,0,0,0,0,0,0,0,0,0,0,0,0
2023-08-22 00:00:00+00:00,2023,8,22,port980,Port Vila,Vanuatu,VUT,0,0,0,0,0,0,0,0,0,0,0,0,0,0,0,0,0,0,0,0,0
2023-08-21 00:00:00+00:00,2023,8,21,port669,Luganville,Vanuatu,VUT,0,0,0,0,0,0,0,0,0,0,0,0,0,0,0,0,0,0,0,0,0
2023-08-21 00:00:00+00:00,2023,8,21,port980,Port Vila,Vanuatu,VUT,1,0,0,0,0,1,1,505,0,0,0,0,505,505,0,0,0,0,0,0,0
2023-08-20 00:00:00+00:00,2023,8,20,port669,Luganville,Vanuatu,VUT,1,0,0,0,0,1,1,828,0,0,0,0,828,828,146,0,0,0,0,146,146
2023-08-20 00:00:00+00:00,2023,8,20,port980,Port Vila,Vanuatu,VUT,0,0,0,0,0,0,0,0,0,0,0,0,0,0,0,0,0,0,0,0,0
2023-08-19 00:00:00+00:00,2023,8,19,port669,Luganville,Vanuatu,VUT,0,0,0,0,0,0,0,0,0,0,0,0,0,0,0,0,0,0,0,0,0
2023-08-19 00:00:00+00:00,2023,8,19,port980,Port Vila,Vanuatu,VUT,0,0,0,0,0,0,0,0,0,0,0,0,0,0,0,0,0,0,0,0,0
2023-08-18 00:00:00+00:00,2023,8,18,port669,Luganville,Vanuatu,VUT,0,0,0,0,0,0,0,0,0,0,0,0,0,0,0,0,0,0,0,0,0
2023-08-18 00:00:00+00:00,2023,8,18,port980,Port Vila,Vanuatu,VUT,0,0,0,0,0,0,0,0,0,0,0,0,0,0,0,0,0,0,0,0,0
2023-08-17 00:00:00+00:00,2023,8,17,port669,Luganville,Vanuatu,VUT,0,0,0,0,0,0,0,0,0,0,0,0,0,0,0,0,0,0,0,0,0
2023-08-17 00:00:00+00:00,2023,8,17,port980,Port Vila,Vanuatu,VUT,0,0,0,0,0,0,0,0,0,0,0,0,0,0,0,0,0,0,0,0,0
2023-08-16 00:00:00+00:00,2023,8,16,port669,Luganville,Vanuatu,VUT,0,0,0,0,0,0,0,0,0,0,0,0,0,0,0,0,0,0,0,0,0
2023-08-16 00:00:00+00:00,2023,8,16,port980,Port Vila,Vanuatu,VUT,0,0,0,0,0,0,0,0,0,0,0,0,0,0,0,0,0,0,0,0,0
2023-08-15 00:00:00+00:00,2023,8,15,port669,Luganville,Vanuatu,VUT,0,0,0,0,0,0,0,0,0,0,0,0,0,0,0,0,0,0,0,0,0
2023-08-15 00:00:00+00:00,2023,8,15,port980,Port Vila,Vanuatu,VUT,0,0,0,0,1,0,1,0,0,0,0,0,0,0,0,0,0,0,0,0,0
2023-08-14 00:00:00+00:00,2023,8,14,port669,Luganville,Vanuatu,VUT,0,0,0,0,0,0,0,0,0,0,0,0,0,0,0,0,0,0,0,0,0
2023-08-14 00:00:00+00:00,2023,8,14,port980,Port Vila,Vanuatu,VUT,1,0,0,0,0,1,1,0,0,0,0,0,0,0,388,0,0,0,0,388,388
2023-08-13 00:00:00+00:00,2023,8,13,port669,Luganville,Vanuatu,VUT,0,0,0,0,1,0,1,0,0,0,0,1570,0,1570,0,0,0,0,0,0,0
2023-08-13 00:00:00+00:00,2023,8,13,port980,Port Vila,Vanuatu,VUT,0,0,0,0,0,0,0,0,0,0,0,0,0,0,0,0,0,0,0,0,0
2023-08-12 00:00:00+00:00,2023,8,12,port669,Luganville,Vanuatu,VUT,0,0,0,0,0,0,0,0,0,0,0,0,0,0,0,0,0,0,0,0,0
2023-08-12 00:00:00+00:00,2023,8,12,port980,Port Vila,Vanuatu,VUT,1,0,0,0,0,1,1,1902,0,0,0,0,1902,1902,0,0,0,0,0,0,0
2023-08-11 00:00:00+00:00,2023,8,11,port669,Luganville,Vanuatu,VUT,0,0,0,0,0,0,0,0,0,0,0,0,0,0,0,0,0,0,0,0,0
2023-08-11 00:00:00+00:00,2023,8,11,port980,Port Vila,Vanuatu,VUT,0,0,0,0,0,0,0,0,0,0,0,0,0,0,0,0,0,0,0,0,0
2023-08-10 00:00:00+00:00,2023,8,10,port669,Luganville,Vanuatu,VUT,0,0,0,0,0,0,0,0,0,0,0,0,0,0,0,0,0,0,0,0,0
2023-08-10 00:00:00+00:00,2023,8,10,port980,Port Vila,Vanuatu,VUT,1,0,0,0,1,1,2,1240,0,0,0,321,1240,1562,125,0,0,0,0,125,125
2023-08-09 00:00:00+00:00,2023,8,9,port669,Luganville,Vanuatu,VUT,1,0,0,0,0,1,1,828,0,0,0,0,828,828,146,0,0,0,0,146,146
2023-08-09 00:00:00+00:00,2023,8,9,port980,Port Vila,Vanuatu,VUT,1,0,0,0,0,1,1,1894,0,0,0,0,1894,1894,0,0,0,0,0,0,0
2023-08-08 00:00:00+00:00,2023,8,8,port669,Luganville,Vanuatu,VUT,0,0,0,0,0,0,0,0,0,0,0,0,0,0,0,0,0,0,0,0,0
2023-08-08 00:00:00+00:00,2023,8,8,port980,Port Vila,Vanuatu,VUT,0,0,0,0,0,0,0,0,0,0,0,0,0,0,0,0,0,0,0,0,0
2023-08-07 00:00:00+00:00,2023,8,7,port669,Luganville,Vanuatu,VUT,1,0,0,0,0,1,1,1021,0,0,0,0,1021,1021,243,0,0,0,0,243,243
2023-08-07 00:00:00+00:00,2023,8,7,port980,Port Vila,Vanuatu,VUT,0,0,0,0,0,0,0,0,0,0,0,0,0,0,0,0,0,0,0,0,0
2023-08-06 00:00:00+00:00,2023,8,6,port669,Luganville,Vanuatu,VUT,0,0,0,0,0,0,0,0,0,0,0,0,0,0,0,0,0,0,0,0,0
2023-08-06 00:00:00+00:00,2023,8,6,port980,Port Vila,Vanuatu,VUT,1,0,0,0,0,1,1,0,0,0,0,0,0,0,1018,0,0,0,0,1018,1018
2023-08-05 00:00:00+00:00,2023,8,5,port669,Luganville,Vanuatu,VUT,1,0,1,0,0,2,2,253,0,0,0,0,253,253,0,0,441,0,0,441,441
2023-08-05 00:00:00+00:00,2023,8,5,port980,Port Vila,Vanuatu,VUT,0,0,0,0,0,0,0,0,0,0,0,0,0,0,0,0,0,0,0,0,0
2023-08-04 00:00:00+00:00,2023,8,4,port669,Luganville,Vanuatu,VUT,0,0,0,0,0,0,0,0,0,0,0,0,0,0,0,0,0,0,0,0,0
2023-08-04 00:00:00+00:00,2023,8,4,port980,Port Vila,Vanuatu,VUT,0,0,0,0,0,0,0,0,0,0,0,0,0,0,0,0,0,0,0,0,0
2023-08-03 00:00:00+00:00,2023,8,3,port669,Luganville,Vanuatu,VUT,0,0,0,0,0,0,0,0,0,0,0,0,0,0,0,0,0,0,0,0,0
2023-08-03 00:00:00+00:00,2023,8,3,port980,Port Vila,Vanuatu,VUT,0,0,0,0,0,0,0,0,0,0,0,0,0,0,0,0,0,0,0,0,0
2023-08-02 00:00:00+00:00,2023,8,2,port669,Luganville,Vanuatu,VUT,0,0,0,0,0,0,0,0,0,0,0,0,0,0,0,0,0,0,0,0,0
2023-08-02 00:00:00+00:00,2023,8,2,port980,Port Vila,Vanuatu,VUT,0,0,0,0,0,0,0,0,0,0,0,0,0,0,0,0,0,0,0,0,0
2023-08-01 00:00:00+00:00,2023,8,1,port669,Luganville,Vanuatu,VUT,0,0,0,0,0,0,0,0,0,0,0,0,0,0,0,0,0,0,0,0,0
2023-08-01 00:00:00+00:00,2023,8,1,port980,Port Vila,Vanuatu,VUT,0,0,0,0,0,0,0,0,0,0,0,0,0,0,0,0,0,0,0,0,0
2023-07-31 00:00:00+00:00,2023,7,31,port669,Luganville,Vanuatu,VUT,0,0,0,0,0,0,0,0,0,0,0,0,0,0,0,0,0,0,0,0,0
2023-07-31 00:00:00+00:00,2023,7,31,port980,Port Vila,Vanuatu,VUT,0,0,1,0,0,1,1,0,0,0,0,0,0,0,0,0,315,0,0,315,315
2023-07-30 00:00:00+00:00,2023,7,30,port669,Luganville,Vanuatu,VUT,0,0,0,0,0,0,0,0,0,0,0,0,0,0,0,0,0,0,0,0,0
2023-07-30 00:00:00+00:00,2023,7,30,port980,Port Vila,Vanuatu,VUT,0,0,0,0,0,0,0,0,0,0,0,0,0,0,0,0,0,0,0,0,0
2023-07-29 00:00:00+00:00,2023,7,29,port669,Luganville,Vanuatu,VUT,0,0,0,0,0,0,0,0,0,0,0,0,0,0,0,0,0,0,0,0,0
2023-07-29 00:00:00+00:00,2023,7,29,port980,Port Vila,Vanuatu,VUT,0,0,0,0,0,0,0,0,0,0,0,0,0,0,0,0,0,0,0,0,0
2023-07-28 00:00:00+00:00,2023,7,28,port669,Luganville,Vanuatu,VUT,0,0,0,0,0,0,0,0,0,0,0,0,0,0,0,0,0,0,0,0,0
2023-07-28 00:00:00+00:00,2023,7,28,port980,Port Vila,Vanuatu,VUT,0,0,0,0,0,0,0,0,0,0,0,0,0,0,0,0,0,0,0,0,0
2023-07-27 00:00:00+00:00,2023,7,27,port669,Luganville,Vanuatu,VUT,0,0,1,0,0,1,1,0,0,947,0,0,947,947,0,0,0,0,0,0,0
2023-07-27 00:00:00+00:00,2023,7,27,port980,Port Vila,Vanuatu,VUT,0,0,0,0,0,0,0,0,0,0,0,0,0,0,0,0,0,0,0,0,0
2023-07-26 00:00:00+00:00,2023,7,26,port669,Luganville,Vanuatu,VUT,0,0,1,0,0,1,1,0,0,2074,0,0,2074,2074,0,0,0,0,0,0,0
2023-07-26 00:00:00+00:00,2023,7,26,port980,Port Vila,Vanuatu,VUT,1,0,0,0,0,1,1,1240,0,0,0,0,1240,1240,125,0,0,0,0,125,125
2023-07-25 00:00:00+00:00,2023,7,25,port669,Luganville,Vanuatu,VUT,0,0,0,0,0,0,0,0,0,0,0,0,0,0,0,0,0,0,0,0,0
2023-07-25 00:00:00+00:00,2023,7,25,port980,Port Vila,Vanuatu,VUT,0,0,0,0,0,0,0,0,0,0,0,0,0,0,0,0,0,0,0,0,0
2023-07-24 00:00:00+00:00,2023,7,24,port669,Luganville,Vanuatu,VUT,0,0,0,0,0,0,0,0,0,0,0,0,0,0,0,0,0,0,0,0,0
2023-07-24 00:00:00+00:00,2023,7,24,port980,Port Vila,Vanuatu,VUT,0,0,0,0,0,0,0,0,0,0,0,0,0,0,0,0,0,0,0,0,0
2023-07-23 00:00:00+00:00,2023,7,23,port669,Luganville,Vanuatu,VUT,0,0,0,0,0,0,0,0,0,0,0,0,0,0,0,0,0,0,0,0,0
2023-07-23 00:00:00+00:00,2023,7,23,port980,Port Vila,Vanuatu,VUT,0,0,0,0,0,0,0,0,0,0,0,0,0,0,0,0,0,0,0,0,0
2023-07-22 00:00:00+00:00,2023,7,22,port669,Luganville,Vanuatu,VUT,0,0,0,0,0,0,0,0,0,0,0,0,0,0,0,0,0,0,0,0,0
2023-07-22 00:00:00+00:00,2023,7,22,port980,Port Vila,Vanuatu,VUT,0,0,0,0,0,0,0,0,0,0,0,0,0,0,0,0,0,0,0,0,0
2023-07-21 00:00:00+00:00,2023,7,21,port669,Luganville,Vanuatu,VUT,0,0,0,0,0,0,0,0,0,0,0,0,0,0,0,0,0,0,0,0,0
2023-07-21 00:00:00+00:00,2023,7,21,port980,Port Vila,Vanuatu,VUT,0,0,0,0,0,0,0,0,0,0,0,0,0,0,0,0,0,0,0,0,0
2023-07-20 00:00:00+00:00,2023,7,20,port669,Luganville,Vanuatu,VUT,0,0,0,0,0,0,0,0,0,0,0,0,0,0,0,0,0,0,0,0,0
2023-07-20 00:00:00+00:00,2023,7,20,port980,Port Vila,Vanuatu,VUT,0,0,0,0,0,0,0,0,0,0,0,0,0,0,0,0,0,0,0,0,0
2023-07-19 00:00:00+00:00,2023,7,19,port669,Luganville,Vanuatu,VUT,0,0,0,0,0,0,0,0,0,0,0,0,0,0,0,0,0,0,0,0,0
2023-07-19 00:00:00+00:00,2023,7,19,port980,Port Vila,Vanuatu,VUT,1,0,0,0,1,1,2,3068,0,0,0,311,3068,3380,0,0,0,0,175,0,175
2023-07-18 00:00:00+00:00,2023,7,18,port669,Luganville,Vanuatu,VUT,0,0,0,0,0,0,0,0,0,0,0,0,0,0,0,0,0,0,0,0,0
2023-07-18 00:00:00+00:00,2023,7,18,port980,Port Vila,Vanuatu,VUT,0,0,0,0,1,0,1,0,0,0,0,0,0,0,0,0,0,0,0,0,0
2023-07-17 00:00:00+00:00,2023,7,17,port669,Luganville,Vanuatu,VUT,0,0,0,0,0,0,0,0,0,0,0,0,0,0,0,0,0,0,0,0,0
2023-07-17 00:00:00+00:00,2023,7,17,port980,Port Vila,Vanuatu,VUT,0,0,0,0,0,0,0,0,0,0,0,0,0,0,0,0,0,0,0,0,0
2023-07-16 00:00:00+00:00,2023,7,16,port669,Luganville,Vanuatu,VUT,0,0,0,0,0,0,0,0,0,0,0,0,0,0,0,0,0,0,0,0,0
2023-07-16 00:00:00+00:00,2023,7,16,port980,Port Vila,Vanuatu,VUT,0,0,0,0,0,0,0,0,0,0,0,0,0,0,0,0,0,0,0,0,0
2023-07-15 00:00:00+00:00,2023,7,15,port669,Luganville,Vanuatu,VUT,0,0,0,0,0,0,0,0,0,0,0,0,0,0,0,0,0,0,0,0,0
2023-07-15 00:00:00+00:00,2023,7,15,port980,Port Vila,Vanuatu,VUT,0,0,0,0,0,0,0,0,0,0,0,0,0,0,0,0,0,0,0,0,0
2023-07-14 00:00:00+00:00,2023,7,14,port669,Luganville,Vanuatu,VUT,0,0,0,0,0,0,0,0,0,0,0,0,0,0,0,0,0,0,0,0,0
2023-07-14 00:00:00+00:00,2023,7,14,port980,Port Vila,Vanuatu,VUT,2,0,0,0,0,2,2,1754,0,0,0,0,1754,1754,125,0,0,0,0,125,125
2023-07-13 00:00:00+00:00,2023,7,13,port669,Luganville,Vanuatu,VUT,2,0,0,0,0,2,2,1086,0,0,0,0,1086,1086,146,0,0,0,0,146,146
2023-07-13 00:00:00+00:00,2023,7,13,port980,Port Vila,Vanuatu,VUT,0,0,0,0,0,0,0,0,0,0,0,0,0,0,0,0,0,0,0,0,0
2023-07-12 00:00:00+00:00,2023,7,12,port669,Luganville,Vanuatu,VUT,0,0,0,0,0,0,0,0,0,0,0,0,0,0,0,0,0,0,0,0,0
2023-07-12 00:00:00+00:00,2023,7,12,port980,Port Vila,Vanuatu,VUT,1,0,0,0,0,1,1,1032,0,0,0,0,1032,1032,377,0,0,0,0,377,377
2023-07-11 00:00:00+00:00,2023,7,11,port669,Luganville,Vanuatu,VUT,0,0,0,0,0,0,0,0,0,0,0,0,0,0,0,0,0,0,0,0,0
2023-07-11 00:00:00+00:00,2023,7,11,port980,Port Vila,Vanuatu,VUT,0,0,0,0,0,0,0,0,0,0,0,0,0,0,0,0,0,0,0,0,0
2023-07-10 00:00:00+00:00,2023,7,10,port669,Luganville,Vanuatu,VUT,0,0,0,0,0,0,0,0,0,0,0,0,0,0,0,0,0,0,0,0,0
2023-07-10 00:00:00+00:00,2023,7,10,port980,Port Vila,Vanuatu,VUT,0,0,0,0,0,0,0,0,0,0,0,0,0,0,0,0,0,0,0,0,0
2023-07-09 00:00:00+00:00,2023,7,9,port669,Luganville,Vanuatu,VUT,0,0,0,0,0,0,0,0,0,0,0,0,0,0,0,0,0,0,0,0,0
2023-07-09 00:00:00+00:00,2023,7,9,port980,Port Vila,Vanuatu,VUT,0,0,1,0,0,1,1,0,0,832,0,0,832,832,0,0,183,0,0,183,183
2023-07-08 00:00:00+00:00,2023,7,8,port669,Luganville,Vanuatu,VUT,0,0,0,0,0,0,0,0,0,0,0,0,0,0,0,0,0,0,0,0,0
2023-07-08 00:00:00+00:00,2023,7,8,port980,Port Vila,Vanuatu,VUT,0,0,0,0,0,0,0,0,0,0,0,0,0,0,0,0,0,0,0,0,0
2023-07-07 00:00:00+00:00,2023,7,7,port669,Luganville,Vanuatu,VUT,0,0,0,0,0,0,0,0,0,0,0,0,0,0,0,0,0,0,0,0,0
2023-07-07 00:00:00+00:00,2023,7,7,port980,Port Vila,Vanuatu,VUT,1,0,0,0,0,1,1,0,0,0,0,0,0,0,387,0,0,0,0,387,387
2023-07-06 00:00:00+00:00,2023,7,6,port669,Luganville,Vanuatu,VUT,0,0,0,0,0,0,0,0,0,0,0,0,0,0,0,0,0,0,0,0,0
2023-07-06 00:00:00+00:00,2023,7,6,port980,Port Vila,Vanuatu,VUT,0,0,0,0,0,0,0,0,0,0,0,0,0,0,0,0,0,0,0,0,0
2023-07-05 00:00:00+00:00,2023,7,5,port669,Luganville,Vanuatu,VUT,0,0,0,0,0,0,0,0,0,0,0,0,0,0,0,0,0,0,0,0,0
2023-07-05 00:00:00+00:00,2023,7,5,port980,Port Vila,Vanuatu,VUT,0,0,0,0,0,0,0,0,0,0,0,0,0,0,0,0,0,0,0,0,0
2023-07-04 00:00:00+00:00,2023,7,4,port669,Luganville,Vanuatu,VUT,0,0,0,0,0,0,0,0,0,0,0,0,0,0,0,0,0,0,0,0,0
2023-07-04 00:00:00+00:00,2023,7,4,port980,Port Vila,Vanuatu,VUT,0,0,0,0,0,0,0,0,0,0,0,0,0,0,0,0,0,0,0,0,0
2023-07-03 00:00:00+00:00,2023,7,3,port669,Luganville,Vanuatu,VUT,0,0,0,0,0,0,0,0,0,0,0,0,0,0,0,0,0,0,0,0,0
2023-07-03 00:00:00+00:00,2023,7,3,port980,Port Vila,Vanuatu,VUT,0,0,0,0,0,0,0,0,0,0,0,0,0,0,0,0,0,0,0,0,0
2023-07-02 00:00:00+00:00,2023,7,2,port669,Luganville,Vanuatu,VUT,0,0,0,0,0,0,0,0,0,0,0,0,0,0,0,0,0,0,0,0,0
2023-07-02 00:00:00+00:00,2023,7,2,port980,Port Vila,Vanuatu,VUT,0,0,0,0,1,0,1,0,0,0,0,2184,0,2184,0,0,0,0,0,0,0
2023-07-01 00:00:00+00:00,2023,7,1,port669,Luganville,Vanuatu,VUT,0,0,0,0,0,0,0,0,0,0,0,0,0,0,0,0,0,0,0,0,0
2023-07-01 00:00:00+00:00,2023,7,1,port980,Port Vila,Vanuatu,VUT,0,0,0,0,0,0,0,0,0,0,0,0,0,0,0,0,0,0,0,0,0
2023-06-30 00:00:00+00:00,2023,6,30,port669,Luganville,Vanuatu,VUT,1,0,0,0,0,1,1,1177,0,0,0,0,1177,1177,0,0,0,0,0,0,0
2023-06-30 00:00:00+00:00,2023,6,30,port980,Port Vila,Vanuatu,VUT,0,0,0,0,0,0,0,0,0,0,0,0,0,0,0,0,0,0,0,0,0
2023-06-29 00:00:00+00:00,2023,6,29,port669,Luganville,Vanuatu,VUT,0,0,0,0,0,0,0,0,0,0,0,0,0,0,0,0,0,0,0,0,0
2023-06-29 00:00:00+00:00,2023,6,29,port980,Port Vila,Vanuatu,VUT,0,0,0,0,0,0,0,0,0,0,0,0,0,0,0,0,0,0,0,0,0
2023-06-28 00:00:00+00:00,2023,6,28,port669,Luganville,Vanuatu,VUT,0,0,0,0,0,0,0,0,0,0,0,0,0,0,0,0,0,0,0,0,0
2023-06-28 00:00:00+00:00,2023,6,28,port980,Port Vila,Vanuatu,VUT,0,0,0,0,0,0,0,0,0,0,0,0,0,0,0,0,0,0,0,0,0
2023-06-27 00:00:00+00:00,2023,6,27,port669,Luganville,Vanuatu,VUT,0,0,0,0,0,0,0,0,0,0,0,0,0,0,0,0,0,0,0,0,0
2023-06-27 00:00:00+00:00,2023,6,27,port980,Port Vila,Vanuatu,VUT,1,0,0,0,0,1,1,1020,0,0,0,0,1020,1020,0,0,0,0,0,0,0
2023-06-26 00:00:00+00:00,2023,6,26,port669,Luganville,Vanuatu,VUT,1,0,0,0,0,1,1,828,0,0,0,0,828,828,146,0,0,0,0,146,146
2023-06-26 00:00:00+00:00,2023,6,26,port980,Port Vila,Vanuatu,VUT,1,0,0,0,0,1,1,1318,0,0,0,0,1318,1318,0,0,0,0,0,0,0
2023-06-25 00:00:00+00:00,2023,6,25,port669,Luganville,Vanuatu,VUT,0,0,0,0,0,0,0,0,0,0,0,0,0,0,0,0,0,0,0,0,0
2023-06-25 00:00:00+00:00,2023,6,25,port980,Port Vila,Vanuatu,VUT,0,0,1,0,0,1,1,0,0,315,0,0,315,315,0,0,0,0,0,0,0
2023-06-24 00:00:00+00:00,2023,6,24,port669,Luganville,Vanuatu,VUT,0,0,0,0,0,0,0,0,0,0,0,0,0,0,0,0,0,0,0,0,0
2023-06-24 00:00:00+00:00,2023,6,24,port980,Port Vila,Vanuatu,VUT,0,0,0,0,0,0,0,0,0,0,0,0,0,0,0,0,0,0,0,0,0
2023-06-23 00:00:00+00:00,2023,6,23,port669,Luganville,Vanuatu,VUT,0,0,1,0,0,1,1,0,0,631,0,0,631,631,0,0,0,0,0,0,0
2023-06-23 00:00:00+00:00,2023,6,23,port980,Port Vila,Vanuatu,VUT,0,0,0,0,0,0,0,0,0,0,0,0,0,0,0,0,0,0,0,0,0
2023-06-22 00:00:00+00:00,2023,6,22,port669,Luganville,Vanuatu,VUT,0,0,0,0,0,0,0,0,0,0,0,0,0,0,0,0,0,0,0,0,0
2023-06-22 00:00:00+00:00,2023,6,22,port980,Port Vila,Vanuatu,VUT,0,0,0,0,0,0,0,0,0,0,0,0,0,0,0,0,0,0,0,0,0
2023-06-21 00:00:00+00:00,2023,6,21,port669,Luganville,Vanuatu,VUT,0,0,0,0,1,0,1,0,0,0,0,0,0,0,0,0,0,0,0,0,0
2023-06-21 00:00:00+00:00,2023,6,21,port980,Port Vila,Vanuatu,VUT,0,0,0,0,0,0,0,0,0,0,0,0,0,0,0,0,0,0,0,0,0
2023-06-20 00:00:00+00:00,2023,6,20,port669,Luganville,Vanuatu,VUT,0,0,0,0,0,0,0,0,0,0,0,0,0,0,0,0,0,0,0,0,0
2023-06-20 00:00:00+00:00,2023,6,20,port980,Port Vila,Vanuatu,VUT,1,0,0,0,0,1,1,1240,0,0,0,0,1240,1240,125,0,0,0,0,125,125
2023-06-19 00:00:00+00:00,2023,6,19,port669,Luganville,Vanuatu,VUT,0,0,0,0,0,0,0,0,0,0,0,0,0,0,0,0,0,0,0,0,0
2023-06-19 00:00:00+00:00,2023,6,19,port980,Port Vila,Vanuatu,VUT,0,0,0,0,0,0,0,0,0,0,0,0,0,0,0,0,0,0,0,0,0
2023-06-18 00:00:00+00:00,2023,6,18,port669,Luganville,Vanuatu,VUT,1,0,0,0,0,1,1,0,0,0,0,0,0,0,1601,0,0,0,0,1601,1601
2023-06-18 00:00:00+00:00,2023,6,18,port980,Port Vila,Vanuatu,VUT,0,0,0,0,0,0,0,0,0,0,0,0,0,0,0,0,0,0,0,0,0
2023-06-17 00:00:00+00:00,2023,6,17,port669,Luganville,Vanuatu,VUT,0,0,0,0,0,0,0,0,0,0,0,0,0,0,0,0,0,0,0,0,0
2023-06-17 00:00:00+00:00,2023,6,17,port980,Port Vila,Vanuatu,VUT,0,0,0,0,0,0,0,0,0,0,0,0,0,0,0,0,0,0,0,0,0
2023-06-16 00:00:00+00:00,2023,6,16,port669,Luganville,Vanuatu,VUT,0,0,0,0,0,0,0,0,0,0,0,0,0,0,0,0,0,0,0,0,0
2023-06-16 00:00:00+00:00,2023,6,16,port980,Port Vila,Vanuatu,VUT,2,0,0,0,1,2,3,3411,0,0,0,0,3411,3411,0,0,0,0,0,0,0
2023-06-15 00:00:00+00:00,2023,6,15,port669,Luganville,Vanuatu,VUT,0,0,0,0,0,0,0,0,0,0,0,0,0,0,0,0,0,0,0,0,0
2023-06-15 00:00:00+00:00,2023,6,15,port980,Port Vila,Vanuatu,VUT,0,0,0,0,0,0,0,0,0,0,0,0,0,0,0,0,0,0,0,0,0
2023-06-14 00:00:00+00:00,2023,6,14,port669,Luganville,Vanuatu,VUT,0,0,0,0,0,0,0,0,0,0,0,0,0,0,0,0,0,0,0,0,0
2023-06-14 00:00:00+00:00,2023,6,14,port980,Port Vila,Vanuatu,VUT,0,0,0,0,0,0,0,0,0,0,0,0,0,0,0,0,0,0,0,0,0
2023-06-13 00:00:00+00:00,2023,6,13,port669,Luganville,Vanuatu,VUT,0,0,0,0,0,0,0,0,0,0,0,0,0,0,0,0,0,0,0,0,0
2023-06-13 00:00:00+00:00,2023,6,13,port980,Port Vila,Vanuatu,VUT,0,0,0,0,1,0,1,0,0,0,0,311,0,311,0,0,0,0,175,0,175
2023-06-12 00:00:00+00:00,2023,6,12,port669,Luganville,Vanuatu,VUT,0,0,0,0,0,0,0,0,0,0,0,0,0,0,0,0,0,0,0,0,0
2023-06-12 00:00:00+00:00,2023,6,12,port980,Port Vila,Vanuatu,VUT,0,0,0,0,0,0,0,0,0,0,0,0,0,0,0,0,0,0,0,0,0
2023-06-11 00:00:00+00:00,2023,6,11,port669,Luganville,Vanuatu,VUT,0,0,0,0,0,0,0,0,0,0,0,0,0,0,0,0,0,0,0,0,0
2023-06-11 00:00:00+00:00,2023,6,11,port980,Port Vila,Vanuatu,VUT,0,0,0,0,0,0,0,0,0,0,0,0,0,0,0,0,0,0,0,0,0
2023-06-10 00:00:00+00:00,2023,6,10,port669,Luganville,Vanuatu,VUT,0,0,0,0,0,0,0,0,0,0,0,0,0,0,0,0,0,0,0,0,0
2023-06-10 00:00:00+00:00,2023,6,10,port980,Port Vila,Vanuatu,VUT,0,0,0,0,0,0,0,0,0,0,0,0,0,0,0,0,0,0,0,0,0
2023-06-09 00:00:00+00:00,2023,6,9,port669,Luganville,Vanuatu,VUT,0,0,0,0,0,0,0,0,0,0,0,0,0,0,0,0,0,0,0,0,0
2023-06-09 00:00:00+00:00,2023,6,9,port980,Port Vila,Vanuatu,VUT,1,0,0,0,0,1,1,1023,0,0,0,0,1023,1023,0,0,0,0,0,0,0
2023-06-08 00:00:00+00:00,2023,6,8,port669,Luganville,Vanuatu,VUT,0,0,0,0,0,0,0,0,0,0,0,0,0,0,0,0,0,0,0,0,0
2023-06-08 00:00:00+00:00,2023,6,8,port980,Port Vila,Vanuatu,VUT,1,0,0,0,0,1,1,496,0,0,0,0,496,496,190,0,0,0,0,190,190
2023-06-07 00:00:00+00:00,2023,6,7,port669,Luganville,Vanuatu,VUT,1,0,0,0,0,1,1,513,0,0,0,0,513,513,0,0,0,0,0,0,0
2023-06-07 00:00:00+00:00,2023,6,7,port980,Port Vila,Vanuatu,VUT,0,0,0,0,0,0,0,0,0,0,0,0,0,0,0,0,0,0,0,0,0
2023-06-06 00:00:00+00:00,2023,6,6,port669,Luganville,Vanuatu,VUT,0,0,0,0,0,0,0,0,0,0,0,0,0,0,0,0,0,0,0,0,0
2023-06-06 00:00:00+00:00,2023,6,6,port980,Port Vila,Vanuatu,VUT,0,0,0,0,0,0,0,0,0,0,0,0,0,0,0,0,0,0,0,0,0
2023-06-05 00:00:00+00:00,2023,6,5,port669,Luganville,Vanuatu,VUT,0,0,0,0,0,0,0,0,0,0,0,0,0,0,0,0,0,0,0,0,0
2023-06-05 00:00:00+00:00,2023,6,5,port980,Port Vila,Vanuatu,VUT,0,0,0,0,0,0,0,0,0,0,0,0,0,0,0,0,0,0,0,0,0
2023-06-04 00:00:00+00:00,2023,6,4,port669,Luganville,Vanuatu,VUT,0,0,0,0,0,0,0,0,0,0,0,0,0,0,0,0,0,0,0,0,0
2023-06-04 00:00:00+00:00,2023,6,4,port980,Port Vila,Vanuatu,VUT,1,0,0,0,0,1,1,1168,0,0,0,0,1168,1168,0,0,0,0,0,0,0
2023-06-03 00:00:00+00:00,2023,6,3,port669,Luganville,Vanuatu,VUT,0,0,0,0,0,0,0,0,0,0,0,0,0,0,0,0,0,0,0,0,0
2023-06-03 00:00:00+00:00,2023,6,3,port980,Port Vila,Vanuatu,VUT,0,0,0,0,0,0,0,0,0,0,0,0,0,0,0,0,0,0,0,0,0
2023-06-02 00:00:00+00:00,2023,6,2,port669,Luganville,Vanuatu,VUT,0,0,0,0,0,0,0,0,0,0,0,0,0,0,0,0,0,0,0,0,0
2023-06-02 00:00:00+00:00,2023,6,2,port980,Port Vila,Vanuatu,VUT,0,0,0,0,0,0,0,0,0,0,0,0,0,0,0,0,0,0,0,0,0
2023-06-01 00:00:00+00:00,2023,6,1,port669,Luganville,Vanuatu,VUT,0,0,0,0,0,0,0,0,0,0,0,0,0,0,0,0,0,0,0,0,0
2023-06-01 00:00:00+00:00,2023,6,1,port980,Port Vila,Vanuatu,VUT,0,0,0,0,0,0,0,0,0,0,0,0,0,0,0,0,0,0,0,0,0
2023-05-31 00:00:00+00:00,2023,5,31,port669,Luganville,Vanuatu,VUT,0,0,0,0,0,0,0,0,0,0,0,0,0,0,0,0,0,0,0,0,0
2023-05-31 00:00:00+00:00,2023,5,31,port980,Port Vila,Vanuatu,VUT,1,0,0,0,0,1,1,1347,0,0,0,0,1347,1347,0,0,0,0,0,0,0
2023-05-30 00:00:00+00:00,2023,5,30,port669,Luganville,Vanuatu,VUT,0,0,0,0,0,0,0,0,0,0,0,0,0,0,0,0,0,0,0,0,0
2023-05-30 00:00:00+00:00,2023,5,30,port980,Port Vila,Vanuatu,VUT,0,0,0,0,0,0,0,0,0,0,0,0,0,0,0,0,0,0,0,0,0
2023-05-29 00:00:00+00:00,2023,5,29,port669,Luganville,Vanuatu,VUT,0,0,0,0,0,0,0,0,0,0,0,0,0,0,0,0,0,0,0,0,0
2023-05-29 00:00:00+00:00,2023,5,29,port980,Port Vila,Vanuatu,VUT,0,0,0,0,0,0,0,0,0,0,0,0,0,0,0,0,0,0,0,0,0
2023-05-28 00:00:00+00:00,2023,5,28,port669,Luganville,Vanuatu,VUT,1,0,0,0,0,1,1,1171,0,0,0,0,1171,1171,0,0,0,0,0,0,0
2023-05-28 00:00:00+00:00,2023,5,28,port980,Port Vila,Vanuatu,VUT,0,0,0,0,0,0,0,0,0,0,0,0,0,0,0,0,0,0,0,0,0
2023-05-27 00:00:00+00:00,2023,5,27,port669,Luganville,Vanuatu,VUT,0,0,0,0,0,0,0,0,0,0,0,0,0,0,0,0,0,0,0,0,0
2023-05-27 00:00:00+00:00,2023,5,27,port980,Port Vila,Vanuatu,VUT,0,0,0,0,0,0,0,0,0,0,0,0,0,0,0,0,0,0,0,0,0
2023-05-26 00:00:00+00:00,2023,5,26,port669,Luganville,Vanuatu,VUT,0,0,0,0,0,0,0,0,0,0,0,0,0,0,0,0,0,0,0,0,0
2023-05-26 00:00:00+00:00,2023,5,26,port980,Port Vila,Vanuatu,VUT,0,0,1,0,0,1,1,0,0,1570,0,0,1570,1570,0,0,0,0,0,0,0
2023-05-25 00:00:00+00:00,2023,5,25,port669,Luganville,Vanuatu,VUT,0,0,0,0,0,0,0,0,0,0,0,0,0,0,0,0,0,0,0,0,0
2023-05-25 00:00:00+00:00,2023,5,25,port980,Port Vila,Vanuatu,VUT,0,0,0,0,0,0,0,0,0,0,0,0,0,0,0,0,0,0,0,0,0
2023-05-24 00:00:00+00:00,2023,5,24,port669,Luganville,Vanuatu,VUT,0,0,1,0,0,1,1,0,0,2852,0,0,2852,2852,0,0,0,0,0,0,0
2023-05-24 00:00:00+00:00,2023,5,24,port980,Port Vila,Vanuatu,VUT,0,0,0,0,0,0,0,0,0,0,0,0,0,0,0,0,0,0,0,0,0
2023-05-23 00:00:00+00:00,2023,5,23,port669,Luganville,Vanuatu,VUT,0,0,0,0,0,0,0,0,0,0,0,0,0,0,0,0,0,0,0,0,0
2023-05-23 00:00:00+00:00,2023,5,23,port980,Port Vila,Vanuatu,VUT,0,0,0,0,0,0,0,0,0,0,0,0,0,0,0,0,0,0,0,0,0
2023-05-22 00:00:00+00:00,2023,5,22,port669,Luganville,Vanuatu,VUT,0,0,0,0,0,0,0,0,0,0,0,0,0,0,0,0,0,0,0,0,0
2023-05-22 00:00:00+00:00,2023,5,22,port980,Port Vila,Vanuatu,VUT,0,0,0,0,0,0,0,0,0,0,0,0,0,0,0,0,0,0,0,0,0
2023-05-21 00:00:00+00:00,2023,5,21,port669,Luganville,Vanuatu,VUT,0,0,0,0,0,0,0,0,0,0,0,0,0,0,0,0,0,0,0,0,0
2023-05-21 00:00:00+00:00,2023,5,21,port980,Port Vila,Vanuatu,VUT,0,0,0,0,0,0,0,0,0,0,0,0,0,0,0,0,0,0,0,0,0
2023-05-20 00:00:00+00:00,2023,5,20,port669,Luganville,Vanuatu,VUT,0,0,0,0,0,0,0,0,0,0,0,0,0,0,0,0,0,0,0,0,0
2023-05-20 00:00:00+00:00,2023,5,20,port980,Port Vila,Vanuatu,VUT,0,0,0,0,0,0,0,0,0,0,0,0,0,0,0,0,0,0,0,0,0
2023-05-19 00:00:00+00:00,2023,5,19,port669,Luganville,Vanuatu,VUT,0,0,0,0,0,0,0,0,0,0,0,0,0,0,0,0,0,0,0,0,0
2023-05-19 00:00:00+00:00,2023,5,19,port980,Port Vila,Vanuatu,VUT,1,0,0,0,0,1,1,2159,0,0,0,0,2159,2159,0,0,0,0,0,0,0
2023-05-18 00:00:00+00:00,2023,5,18,port669,Luganville,Vanuatu,VUT,0,0,0,0,0,0,0,0,0,0,0,0,0,0,0,0,0,0,0,0,0
2023-05-18 00:00:00+00:00,2023,5,18,port980,Port Vila,Vanuatu,VUT,0,0,0,0,0,0,0,0,0,0,0,0,0,0,0,0,0,0,0,0,0
2023-05-17 00:00:00+00:00,2023,5,17,port669,Luganville,Vanuatu,VUT,0,0,0,0,0,0,0,0,0,0,0,0,0,0,0,0,0,0,0,0,0
2023-05-17 00:00:00+00:00,2023,5,17,port980,Port Vila,Vanuatu,VUT,1,0,0,0,0,1,1,1240,0,0,0,0,1240,1240,125,0,0,0,0,125,125
2023-05-16 00:00:00+00:00,2023,5,16,port669,Luganville,Vanuatu,VUT,0,0,0,0,0,0,0,0,0,0,0,0,0,0,0,0,0,0,0,0,0
2023-05-16 00:00:00+00:00,2023,5,16,port980,Port Vila,Vanuatu,VUT,1,0,0,0,0,1,1,1240,0,0,0,0,1240,1240,125,0,0,0,0,125,125
2023-05-15 00:00:00+00:00,2023,5,15,port669,Luganville,Vanuatu,VUT,1,0,0,0,0,1,1,761,0,0,0,0,761,761,0,0,0,0,0,0,0
2023-05-15 00:00:00+00:00,2023,5,15,port980,Port Vila,Vanuatu,VUT,0,0,0,0,0,0,0,0,0,0,0,0,0,0,0,0,0,0,0,0,0
2023-05-14 00:00:00+00:00,2023,5,14,port669,Luganville,Vanuatu,VUT,0,0,0,0,0,0,0,0,0,0,0,0,0,0,0,0,0,0,0,0,0
2023-05-14 00:00:00+00:00,2023,5,14,port980,Port Vila,Vanuatu,VUT,0,0,0,0,0,0,0,0,0,0,0,0,0,0,0,0,0,0,0,0,0
2023-05-13 00:00:00+00:00,2023,5,13,port669,Luganville,Vanuatu,VUT,0,0,0,0,0,0,0,0,0,0,0,0,0,0,0,0,0,0,0,0,0
2023-05-13 00:00:00+00:00,2023,5,13,port980,Port Vila,Vanuatu,VUT,0,0,0,0,0,0,0,0,0,0,0,0,0,0,0,0,0,0,0,0,0
2023-05-12 00:00:00+00:00,2023,5,12,port669,Luganville,Vanuatu,VUT,0,0,0,0,0,0,0,0,0,0,0,0,0,0,0,0,0,0,0,0,0
2023-05-12 00:00:00+00:00,2023,5,12,port980,Port Vila,Vanuatu,VUT,0,0,0,0,0,0,0,0,0,0,0,0,0,0,0,0,0,0,0,0,0
2023-05-11 00:00:00+00:00,2023,5,11,port669,Luganville,Vanuatu,VUT,0,0,0,0,0,0,0,0,0,0,0,0,0,0,0,0,0,0,0,0,0
2023-05-11 00:00:00+00:00,2023,5,11,port980,Port Vila,Vanuatu,VUT,0,0,0,0,0,0,0,0,0,0,0,0,0,0,0,0,0,0,0,0,0
2023-05-10 00:00:00+00:00,2023,5,10,port669,Luganville,Vanuatu,VUT,1,0,0,0,0,1,1,477,0,0,0,0,477,477,0,0,0,0,0,0,0
2023-05-10 00:00:00+00:00,2023,5,10,port980,Port Vila,Vanuatu,VUT,0,0,1,0,0,1,1,0,0,1268,0,0,1268,1268,0,0,0,0,0,0,0
2023-05-09 00:00:00+00:00,2023,5,9,port669,Luganville,Vanuatu,VUT,0,0,0,0,0,0,0,0,0,0,0,0,0,0,0,0,0,0,0,0,0
2023-05-09 00:00:00+00:00,2023,5,9,port980,Port Vila,Vanuatu,VUT,0,0,0,0,0,0,0,0,0,0,0,0,0,0,0,0,0,0,0,0,0
2023-05-08 00:00:00+00:00,2023,5,8,port669,Luganville,Vanuatu,VUT,0,0,0,0,0,0,0,0,0,0,0,0,0,0,0,0,0,0,0,0,0
2023-05-08 00:00:00+00:00,2023,5,8,port980,Port Vila,Vanuatu,VUT,0,0,0,0,0,0,0,0,0,0,0,0,0,0,0,0,0,0,0,0,0
2023-05-07 00:00:00+00:00,2023,5,7,port669,Luganville,Vanuatu,VUT,0,0,0,0,0,0,0,0,0,0,0,0,0,0,0,0,0,0,0,0,0
2023-05-07 00:00:00+00:00,2023,5,7,port980,Port Vila,Vanuatu,VUT,0,0,0,0,1,0,1,0,0,0,0,311,0,311,0,0,0,0,175,0,175
2023-05-06 00:00:00+00:00,2023,5,6,port669,Luganville,Vanuatu,VUT,0,0,0,0,0,0,0,0,0,0,0,0,0,0,0,0,0,0,0,0,0
2023-05-06 00:00:00+00:00,2023,5,6,port980,Port Vila,Vanuatu,VUT,0,0,0,0,0,0,0,0,0,0,0,0,0,0,0,0,0,0,0,0,0
2023-05-05 00:00:00+00:00,2023,5,5,port669,Luganville,Vanuatu,VUT,0,0,0,0,0,0,0,0,0,0,0,0,0,0,0,0,0,0,0,0,0
2023-05-05 00:00:00+00:00,2023,5,5,port980,Port Vila,Vanuatu,VUT,2,0,0,0,0,2,2,4247,0,0,0,0,4247,4247,0,0,0,0,0,0,0
2023-05-04 00:00:00+00:00,2023,5,4,port669,Luganville,Vanuatu,VUT,0,0,0,0,0,0,0,0,0,0,0,0,0,0,0,0,0,0,0,0,0
2023-05-04 00:00:00+00:00,2023,5,4,port980,Port Vila,Vanuatu,VUT,1,0,0,0,0,1,1,775,0,0,0,0,775,775,0,0,0,0,0,0,0
2023-05-03 00:00:00+00:00,2023,5,3,port669,Luganville,Vanuatu,VUT,1,0,0,0,0,1,1,0,0,0,0,0,0,0,252,0,0,0,0,252,252
2023-05-03 00:00:00+00:00,2023,5,3,port980,Port Vila,Vanuatu,VUT,1,0,0,0,0,1,1,757,0,0,0,0,757,757,0,0,0,0,0,0,0
2023-05-02 00:00:00+00:00,2023,5,2,port669,Luganville,Vanuatu,VUT,0,0,0,0,0,0,0,0,0,0,0,0,0,0,0,0,0,0,0,0,0
2023-05-02 00:00:00+00:00,2023,5,2,port980,Port Vila,Vanuatu,VUT,0,0,0,0,0,0,0,0,0,0,0,0,0,0,0,0,0,0,0,0,0
2023-05-01 00:00:00+00:00,2023,5,1,port669,Luganville,Vanuatu,VUT,0,0,0,0,0,0,0,0,0,0,0,0,0,0,0,0,0,0,0,0,0
2023-05-01 00:00:00+00:00,2023,5,1,port980,Port Vila,Vanuatu,VUT,0,0,0,0,0,0,0,0,0,0,0,0,0,0,0,0,0,0,0,0,0
2023-04-30 00:00:00+00:00,2023,4,30,port669,Luganville,Vanuatu,VUT,1,0,0,0,0,1,1,0,0,0,0,0,0,0,1175,0,0,0,0,1175,1175
2023-04-30 00:00:00+00:00,2023,4,30,port980,Port Vila,Vanuatu,VUT,0,0,0,0,0,0,0,0,0,0,0,0,0,0,0,0,0,0,0,0,0
2023-04-29 00:00:00+00:00,2023,4,29,port669,Luganville,Vanuatu,VUT,0,0,0,0,0,0,0,0,0,0,0,0,0,0,0,0,0,0,0,0,0
2023-04-29 00:00:00+00:00,2023,4,29,port980,Port Vila,Vanuatu,VUT,0,0,0,0,0,0,0,0,0,0,0,0,0,0,0,0,0,0,0,0,0
2023-04-28 00:00:00+00:00,2023,4,28,port669,Luganville,Vanuatu,VUT,0,0,0,0,0,0,0,0,0,0,0,0,0,0,0,0,0,0,0,0,0
2023-04-28 00:00:00+00:00,2023,4,28,port980,Port Vila,Vanuatu,VUT,0,0,0,0,0,0,0,0,0,0,0,0,0,0,0,0,0,0,0,0,0
2023-04-27 00:00:00+00:00,2023,4,27,port669,Luganville,Vanuatu,VUT,0,0,0,0,0,0,0,0,0,0,0,0,0,0,0,0,0,0,0,0,0
2023-04-27 00:00:00+00:00,2023,4,27,port980,Port Vila,Vanuatu,VUT,0,0,0,0,0,0,0,0,0,0,0,0,0,0,0,0,0,0,0,0,0
2023-04-26 00:00:00+00:00,2023,4,26,port669,Luganville,Vanuatu,VUT,0,0,0,0,0,0,0,0,0,0,0,0,0,0,0,0,0,0,0,0,0
2023-04-26 00:00:00+00:00,2023,4,26,port980,Port Vila,Vanuatu,VUT,0,0,0,0,0,0,0,0,0,0,0,0,0,0,0,0,0,0,0,0,0
2023-04-25 00:00:00+00:00,2023,4,25,port669,Luganville,Vanuatu,VUT,0,0,0,0,0,0,0,0,0,0,0,0,0,0,0,0,0,0,0,0,0
2023-04-25 00:00:00+00:00,2023,4,25,port980,Port Vila,Vanuatu,VUT,0,0,0,0,0,0,0,0,0,0,0,0,0,0,0,0,0,0,0,0,0
2023-04-24 00:00:00+00:00,2023,4,24,port669,Luganville,Vanuatu,VUT,0,0,0,0,0,0,0,0,0,0,0,0,0,0,0,0,0,0,0,0,0
2023-04-24 00:00:00+00:00,2023,4,24,port980,Port Vila,Vanuatu,VUT,0,0,0,0,0,0,0,0,0,0,0,0,0,0,0,0,0,0,0,0,0
2023-04-23 00:00:00+00:00,2023,4,23,port669,Luganville,Vanuatu,VUT,0,0,0,0,0,0,0,0,0,0,0,0,0,0,0,0,0,0,0,0,0
2023-04-23 00:00:00+00:00,2023,4,23,port980,Port Vila,Vanuatu,VUT,0,0,0,0,0,0,0,0,0,0,0,0,0,0,0,0,0,0,0,0,0
2023-04-22 00:00:00+00:00,2023,4,22,port669,Luganville,Vanuatu,VUT,0,0,0,0,0,0,0,0,0,0,0,0,0,0,0,0,0,0,0,0,0
2023-04-22 00:00:00+00:00,2023,4,22,port980,Port Vila,Vanuatu,VUT,0,0,0,0,1,0,1,0,0,0,0,0,0,0,0,0,0,0,0,0,0
2023-04-21 00:00:00+00:00,2023,4,21,port669,Luganville,Vanuatu,VUT,0,0,0,0,0,0,0,0,0,0,0,0,0,0,0,0,0,0,0,0,0
2023-04-21 00:00:00+00:00,2023,4,21,port980,Port Vila,Vanuatu,VUT,0,0,1,0,0,1,1,0,0,631,0,0,631,631,0,0,0,0,0,0,0
2023-04-20 00:00:00+00:00,2023,4,20,port669,Luganville,Vanuatu,VUT,0,0,1,0,0,1,1,0,0,0,0,0,0,0,0,0,631,0,0,631,631
2023-04-20 00:00:00+00:00,2023,4,20,port980,Port Vila,Vanuatu,VUT,0,0,0,0,0,0,0,0,0,0,0,0,0,0,0,0,0,0,0,0,0
2023-04-19 00:00:00+00:00,2023,4,19,port669,Luganville,Vanuatu,VUT,0,0,0,0,0,0,0,0,0,0,0,0,0,0,0,0,0,0,0,0,0
2023-04-19 00:00:00+00:00,2023,4,19,port980,Port Vila,Vanuatu,VUT,1,0,0,0,0,1,1,659,0,0,0,0,659,659,0,0,0,0,0,0,0
2023-04-18 00:00:00+00:00,2023,4,18,port669,Luganville,Vanuatu,VUT,0,0,0,0,0,0,0,0,0,0,0,0,0,0,0,0,0,0,0,0,0
2023-04-18 00:00:00+00:00,2023,4,18,port980,Port Vila,Vanuatu,VUT,0,0,0,0,0,0,0,0,0,0,0,0,0,0,0,0,0,0,0,0,0
2023-04-17 00:00:00+00:00,2023,4,17,port669,Luganville,Vanuatu,VUT,0,0,0,0,0,0,0,0,0,0,0,0,0,0,0,0,0,0,0,0,0
2023-04-17 00:00:00+00:00,2023,4,17,port980,Port Vila,Vanuatu,VUT,0,0,0,0,0,0,0,0,0,0,0,0,0,0,0,0,0,0,0,0,0
2023-04-16 00:00:00+00:00,2023,4,16,port669,Luganville,Vanuatu,VUT,0,0,0,0,0,0,0,0,0,0,0,0,0,0,0,0,0,0,0,0,0
2023-04-16 00:00:00+00:00,2023,4,16,port980,Port Vila,Vanuatu,VUT,1,0,0,0,0,1,1,1710,0,0,0,0,1710,1710,0,0,0,0,0,0,0
2023-04-15 00:00:00+00:00,2023,4,15,port669,Luganville,Vanuatu,VUT,0,0,0,0,0,0,0,0,0,0,0,0,0,0,0,0,0,0,0,0,0
2023-04-15 00:00:00+00:00,2023,4,15,port980,Port Vila,Vanuatu,VUT,0,0,0,0,0,0,0,0,0,0,0,0,0,0,0,0,0,0,0,0,0
2023-04-14 00:00:00+00:00,2023,4,14,port669,Luganville,Vanuatu,VUT,0,0,0,0,0,0,0,0,0,0,0,0,0,0,0,0,0,0,0,0,0
2023-04-14 00:00:00+00:00,2023,4,14,port980,Port Vila,Vanuatu,VUT,0,0,0,0,0,0,0,0,0,0,0,0,0,0,0,0,0,0,0,0,0
2023-04-13 00:00:00+00:00,2023,4,13,port669,Luganville,Vanuatu,VUT,0,0,0,0,0,0,0,0,0,0,0,0,0,0,0,0,0,0,0,0,0
2023-04-13 00:00:00+00:00,2023,4,13,port980,Port Vila,Vanuatu,VUT,0,0,0,0,0,0,0,0,0,0,0,0,0,0,0,0,0,0,0,0,0
2023-04-12 00:00:00+00:00,2023,4,12,port669,Luganville,Vanuatu,VUT,0,0,0,0,0,0,0,0,0,0,0,0,0,0,0,0,0,0,0,0,0
2023-04-12 00:00:00+00:00,2023,4,12,port980,Port Vila,Vanuatu,VUT,0,0,0,0,0,0,0,0,0,0,0,0,0,0,0,0,0,0,0,0,0
2023-04-11 00:00:00+00:00,2023,4,11,port669,Luganville,Vanuatu,VUT,1,0,0,0,0,1,1,1274,0,0,0,0,1274,1274,0,0,0,0,0,0,0
2023-04-11 00:00:00+00:00,2023,4,11,port980,Port Vila,Vanuatu,VUT,0,0,0,0,0,0,0,0,0,0,0,0,0,0,0,0,0,0,0,0,0
2023-04-10 00:00:00+00:00,2023,4,10,port669,Luganville,Vanuatu,VUT,0,0,1,0,0,1,1,0,0,2218,0,0,2218,2218,0,0,0,0,0,0,0
2023-04-10 00:00:00+00:00,2023,4,10,port980,Port Vila,Vanuatu,VUT,0,0,0,0,0,0,0,0,0,0,0,0,0,0,0,0,0,0,0,0,0
2023-04-09 00:00:00+00:00,2023,4,9,port669,Luganville,Vanuatu,VUT,0,0,0,0,0,0,0,0,0,0,0,0,0,0,0,0,0,0,0,0,0
2023-04-09 00:00:00+00:00,2023,4,9,port980,Port Vila,Vanuatu,VUT,0,0,0,0,0,0,0,0,0,0,0,0,0,0,0,0,0,0,0,0,0
2023-04-08 00:00:00+00:00,2023,4,8,port669,Luganville,Vanuatu,VUT,0,0,0,0,0,0,0,0,0,0,0,0,0,0,0,0,0,0,0,0,0
2023-04-08 00:00:00+00:00,2023,4,8,port980,Port Vila,Vanuatu,VUT,1,0,0,0,0,1,1,805,0,0,0,0,805,805,0,0,0,0,0,0,0
2023-04-07 00:00:00+00:00,2023,4,7,port669,Luganville,Vanuatu,VUT,0,0,0,0,0,0,0,0,0,0,0,0,0,0,0,0,0,0,0,0,0
2023-04-07 00:00:00+00:00,2023,4,7,port980,Port Vila,Vanuatu,VUT,1,0,0,0,0,1,1,0,0,0,0,0,0,0,633,0,0,0,0,633,633
2023-04-06 00:00:00+00:00,2023,4,6,port669,Luganville,Vanuatu,VUT,0,0,0,0,0,0,0,0,0,0,0,0,0,0,0,0,0,0,0,0,0
2023-04-06 00:00:00+00:00,2023,4,6,port980,Port Vila,Vanuatu,VUT,0,0,0,0,0,0,0,0,0,0,0,0,0,0,0,0,0,0,0,0,0
2023-04-05 00:00:00+00:00,2023,4,5,port669,Luganville,Vanuatu,VUT,0,0,0,0,0,0,0,0,0,0,0,0,0,0,0,0,0,0,0,0,0
2023-04-05 00:00:00+00:00,2023,4,5,port980,Port Vila,Vanuatu,VUT,1,0,0,0,0,1,1,0,0,0,0,0,0,0,1559,0,0,0,0,1559,1559
2023-04-04 00:00:00+00:00,2023,4,4,port669,Luganville,Vanuatu,VUT,0,0,0,0,0,0,0,0,0,0,0,0,0,0,0,0,0,0,0,0,0
2023-04-04 00:00:00+00:00,2023,4,4,port980,Port Vila,Vanuatu,VUT,1,0,0,0,0,1,1,0,0,0,0,0,0,0,0,0,0,0,0,0,0
2023-04-03 00:00:00+00:00,2023,4,3,port669,Luganville,Vanuatu,VUT,0,0,0,0,0,0,0,0,0,0,0,0,0,0,0,0,0,0,0,0,0
2023-04-03 00:00:00+00:00,2023,4,3,port980,Port Vila,Vanuatu,VUT,1,0,0,0,0,1,1,252,0,0,0,0,252,252,0,0,0,0,0,0,0
2023-04-02 00:00:00+00:00,2023,4,2,port669,Luganville,Vanuatu,VUT,1,0,0,0,0,1,1,0,0,0,0,0,0,0,252,0,0,0,0,252,252
2023-04-02 00:00:00+00:00,2023,4,2,port980,Port Vila,Vanuatu,VUT,0,0,0,0,0,0,0,0,0,0,0,0,0,0,0,0,0,0,0,0,0
2023-04-01 00:00:00+00:00,2023,4,1,port669,Luganville,Vanuatu,VUT,0,0,0,0,0,0,0,0,0,0,0,0,0,0,0,0,0,0,0,0,0
2023-04-01 00:00:00+00:00,2023,4,1,port980,Port Vila,Vanuatu,VUT,0,0,0,0,0,0,0,0,0,0,0,0,0,0,0,0,0,0,0,0,0
2023-03-31 00:00:00+00:00,2023,3,31,port669,Luganville,Vanuatu,VUT,1,0,0,0,0,1,1,1021,0,0,0,0,1021,1021,243,0,0,0,0,243,243
2023-03-31 00:00:00+00:00,2023,3,31,port980,Port Vila,Vanuatu,VUT,0,0,0,0,0,0,0,0,0,0,0,0,0,0,0,0,0,0,0,0,0
2023-03-30 00:00:00+00:00,2023,3,30,port669,Luganville,Vanuatu,VUT,0,0,0,0,0,0,0,0,0,0,0,0,0,0,0,0,0,0,0,0,0
2023-03-30 00:00:00+00:00,2023,3,30,port980,Port Vila,Vanuatu,VUT,0,0,0,0,0,0,0,0,0,0,0,0,0,0,0,0,0,0,0,0,0
2023-03-29 00:00:00+00:00,2023,3,29,port669,Luganville,Vanuatu,VUT,0,0,0,0,0,0,0,0,0,0,0,0,0,0,0,0,0,0,0,0,0
2023-03-29 00:00:00+00:00,2023,3,29,port980,Port Vila,Vanuatu,VUT,0,0,0,0,0,0,0,0,0,0,0,0,0,0,0,0,0,0,0,0,0
2023-03-28 00:00:00+00:00,2023,3,28,port669,Luganville,Vanuatu,VUT,0,0,0,0,0,0,0,0,0,0,0,0,0,0,0,0,0,0,0,0,0
2023-03-28 00:00:00+00:00,2023,3,28,port980,Port Vila,Vanuatu,VUT,0,0,0,0,0,0,0,0,0,0,0,0,0,0,0,0,0,0,0,0,0
2023-03-27 00:00:00+00:00,2023,3,27,port669,Luganville,Vanuatu,VUT,0,0,0,0,0,0,0,0,0,0,0,0,0,0,0,0,0,0,0,0,0
2023-03-27 00:00:00+00:00,2023,3,27,port980,Port Vila,Vanuatu,VUT,0,0,0,0,0,0,0,0,0,0,0,0,0,0,0,0,0,0,0,0,0
2023-03-26 00:00:00+00:00,2023,3,26,port669,Luganville,Vanuatu,VUT,1,0,0,0,0,1,1,0,0,0,0,0,0,0,1262,0,0,0,0,1262,1262
2023-03-26 00:00:00+00:00,2023,3,26,port980,Port Vila,Vanuatu,VUT,0,0,0,0,0,0,0,0,0,0,0,0,0,0,0,0,0,0,0,0,0
2023-03-25 00:00:00+00:00,2023,3,25,port669,Luganville,Vanuatu,VUT,0,0,0,0,0,0,0,0,0,0,0,0,0,0,0,0,0,0,0,0,0
2023-03-25 00:00:00+00:00,2023,3,25,port980,Port Vila,Vanuatu,VUT,0,0,0,0,1,0,1,0,0,0,0,0,0,0,0,0,0,0,0,0,0
2023-03-24 00:00:00+00:00,2023,3,24,port669,Luganville,Vanuatu,VUT,1,0,0,0,0,1,1,828,0,0,0,0,828,828,146,0,0,0,0,146,146
2023-03-24 00:00:00+00:00,2023,3,24,port980,Port Vila,Vanuatu,VUT,0,0,0,0,0,0,0,0,0,0,0,0,0,0,0,0,0,0,0,0,0
2023-03-23 00:00:00+00:00,2023,3,23,port669,Luganville,Vanuatu,VUT,0,0,0,0,0,0,0,0,0,0,0,0,0,0,0,0,0,0,0,0,0
2023-03-23 00:00:00+00:00,2023,3,23,port980,Port Vila,Vanuatu,VUT,0,0,0,0,0,0,0,0,0,0,0,0,0,0,0,0,0,0,0,0,0
2023-03-22 00:00:00+00:00,2023,3,22,port669,Luganville,Vanuatu,VUT,0,0,0,0,0,0,0,0,0,0,0,0,0,0,0,0,0,0,0,0,0
2023-03-22 00:00:00+00:00,2023,3,22,port980,Port Vila,Vanuatu,VUT,0,0,0,0,0,0,0,0,0,0,0,0,0,0,0,0,0,0,0,0,0
2023-03-21 00:00:00+00:00,2023,3,21,port669,Luganville,Vanuatu,VUT,0,0,0,0,0,0,0,0,0,0,0,0,0,0,0,0,0,0,0,0,0
2023-03-21 00:00:00+00:00,2023,3,21,port980,Port Vila,Vanuatu,VUT,0,0,0,0,0,0,0,0,0,0,0,0,0,0,0,0,0,0,0,0,0
2023-03-20 00:00:00+00:00,2023,3,20,port669,Luganville,Vanuatu,VUT,0,0,0,0,1,0,1,0,0,0,0,0,0,0,0,0,0,0,0,0,0
2023-03-20 00:00:00+00:00,2023,3,20,port980,Port Vila,Vanuatu,VUT,0,0,0,0,0,0,0,0,0,0,0,0,0,0,0,0,0,0,0,0,0
2023-03-19 00:00:00+00:00,2023,3,19,port669,Luganville,Vanuatu,VUT,0,0,1,0,0,1,1,0,0,883,0,0,883,883,0,0,314,0,0,314,314
2023-03-19 00:00:00+00:00,2023,3,19,port980,Port Vila,Vanuatu,VUT,1,0,0,0,0,1,1,0,0,0,0,0,0,0,330,0,0,0,0,330,330
2023-03-18 00:00:00+00:00,2023,3,18,port669,Luganville,Vanuatu,VUT,0,0,0,0,0,0,0,0,0,0,0,0,0,0,0,0,0,0,0,0,0
2023-03-18 00:00:00+00:00,2023,3,18,port980,Port Vila,Vanuatu,VUT,0,0,0,0,0,0,0,0,0,0,0,0,0,0,0,0,0,0,0,0,0
2023-03-17 00:00:00+00:00,2023,3,17,port669,Luganville,Vanuatu,VUT,0,0,0,0,0,0,0,0,0,0,0,0,0,0,0,0,0,0,0,0,0
2023-03-17 00:00:00+00:00,2023,3,17,port980,Port Vila,Vanuatu,VUT,0,0,1,0,0,1,1,0,0,6645,0,0,6645,6645,0,0,0,0,0,0,0
2023-03-16 00:00:00+00:00,2023,3,16,port669,Luganville,Vanuatu,VUT,0,0,1,0,0,1,1,0,0,0,0,0,0,0,0,0,6333,0,0,6333,6333
2023-03-16 00:00:00+00:00,2023,3,16,port980,Port Vila,Vanuatu,VUT,0,0,0,0,0,0,0,0,0,0,0,0,0,0,0,0,0,0,0,0,0
2023-03-15 00:00:00+00:00,2023,3,15,port669,Luganville,Vanuatu,VUT,1,0,0,0,0,1,1,476,0,0,0,0,476,476,0,0,0,0,0,0,0
2023-03-15 00:00:00+00:00,2023,3,15,port980,Port Vila,Vanuatu,VUT,0,0,0,0,0,0,0,0,0,0,0,0,0,0,0,0,0,0,0,0,0
2023-03-14 00:00:00+00:00,2023,3,14,port669,Luganville,Vanuatu,VUT,0,0,0,0,0,0,0,0,0,0,0,0,0,0,0,0,0,0,0,0,0
2023-03-14 00:00:00+00:00,2023,3,14,port980,Port Vila,Vanuatu,VUT,0,0,0,0,0,0,0,0,0,0,0,0,0,0,0,0,0,0,0,0,0
2023-03-13 00:00:00+00:00,2023,3,13,port669,Luganville,Vanuatu,VUT,0,0,0,0,0,0,0,0,0,0,0,0,0,0,0,0,0,0,0,0,0
2023-03-13 00:00:00+00:00,2023,3,13,port980,Port Vila,Vanuatu,VUT,1,0,1,0,0,2,2,0,0,832,0,0,832,832,1710,0,183,0,0,1893,1893
2023-03-12 00:00:00+00:00,2023,3,12,port669,Luganville,Vanuatu,VUT,0,0,0,0,0,0,0,0,0,0,0,0,0,0,0,0,0,0,0,0,0
2023-03-12 00:00:00+00:00,2023,3,12,port980,Port Vila,Vanuatu,VUT,1,0,1,0,0,2,2,1444,0,315,0,0,1760,1760,0,0,0,0,0,0,0
2023-03-11 00:00:00+00:00,2023,3,11,port669,Luganville,Vanuatu,VUT,0,0,0,0,0,0,0,0,0,0,0,0,0,0,0,0,0,0,0,0,0
2023-03-11 00:00:00+00:00,2023,3,11,port980,Port Vila,Vanuatu,VUT,0,0,0,0,0,0,0,0,0,0,0,0,0,0,0,0,0,0,0,0,0
2023-03-10 00:00:00+00:00,2023,3,10,port669,Luganville,Vanuatu,VUT,0,0,0,0,0,0,0,0,0,0,0,0,0,0,0,0,0,0,0,0,0
2023-03-10 00:00:00+00:00,2023,3,10,port980,Port Vila,Vanuatu,VUT,0,0,0,0,0,0,0,0,0,0,0,0,0,0,0,0,0,0,0,0,0
2023-03-09 00:00:00+00:00,2023,3,9,port669,Luganville,Vanuatu,VUT,0,0,0,0,0,0,0,0,0,0,0,0,0,0,0,0,0,0,0,0,0
2023-03-09 00:00:00+00:00,2023,3,9,port980,Port Vila,Vanuatu,VUT,0,0,1,0,1,1,2,0,0,832,0,311,832,1144,0,0,183,0,175,183,358
2023-03-08 00:00:00+00:00,2023,3,8,port669,Luganville,Vanuatu,VUT,0,0,0,0,0,0,0,0,0,0,0,0,0,0,0,0,0,0,0,0,0
2023-03-08 00:00:00+00:00,2023,3,8,port980,Port Vila,Vanuatu,VUT,0,0,0,0,0,0,0,0,0,0,0,0,0,0,0,0,0,0,0,0,0
2023-03-07 00:00:00+00:00,2023,3,7,port669,Luganville,Vanuatu,VUT,0,0,0,0,0,0,0,0,0,0,0,0,0,0,0,0,0,0,0,0,0
2023-03-07 00:00:00+00:00,2023,3,7,port980,Port Vila,Vanuatu,VUT,1,0,0,0,0,1,1,773,0,0,0,0,773,773,0,0,0,0,0,0,0
2023-03-06 00:00:00+00:00,2023,3,6,port669,Luganville,Vanuatu,VUT,0,0,0,0,0,0,0,0,0,0,0,0,0,0,0,0,0,0,0,0,0
2023-03-06 00:00:00+00:00,2023,3,6,port980,Port Vila,Vanuatu,VUT,0,0,0,0,0,0,0,0,0,0,0,0,0,0,0,0,0,0,0,0,0
2023-03-05 00:00:00+00:00,2023,3,5,port669,Luganville,Vanuatu,VUT,0,0,0,0,0,0,0,0,0,0,0,0,0,0,0,0,0,0,0,0,0
2023-03-05 00:00:00+00:00,2023,3,5,port980,Port Vila,Vanuatu,VUT,0,0,0,0,0,0,0,0,0,0,0,0,0,0,0,0,0,0,0,0,0
2023-03-04 00:00:00+00:00,2023,3,4,port669,Luganville,Vanuatu,VUT,0,0,0,0,0,0,0,0,0,0,0,0,0,0,0,0,0,0,0,0,0
2023-03-04 00:00:00+00:00,2023,3,4,port980,Port Vila,Vanuatu,VUT,0,0,0,0,0,0,0,0,0,0,0,0,0,0,0,0,0,0,0,0,0
2023-03-03 00:00:00+00:00,2023,3,3,port669,Luganville,Vanuatu,VUT,0,0,0,0,0,0,0,0,0,0,0,0,0,0,0,0,0,0,0,0,0
2023-03-03 00:00:00+00:00,2023,3,3,port980,Port Vila,Vanuatu,VUT,0,0,0,0,0,0,0,0,0,0,0,0,0,0,0,0,0,0,0,0,0
2023-03-02 00:00:00+00:00,2023,3,2,port669,Luganville,Vanuatu,VUT,0,0,0,0,0,0,0,0,0,0,0,0,0,0,0,0,0,0,0,0,0
2023-03-02 00:00:00+00:00,2023,3,2,port980,Port Vila,Vanuatu,VUT,0,0,0,0,0,0,0,0,0,0,0,0,0,0,0,0,0,0,0,0,0
2023-03-01 00:00:00+00:00,2023,3,1,port669,Luganville,Vanuatu,VUT,0,0,0,0,0,0,0,0,0,0,0,0,0,0,0,0,0,0,0,0,0
2023-03-01 00:00:00+00:00,2023,3,1,port980,Port Vila,Vanuatu,VUT,0,0,0,0,0,0,0,0,0,0,0,0,0,0,0,0,0,0,0,0,0
2023-02-28 00:00:00+00:00,2023,2,28,port669,Luganville,Vanuatu,VUT,0,0,0,0,0,0,0,0,0,0,0,0,0,0,0,0,0,0,0,0,0
2023-02-28 00:00:00+00:00,2023,2,28,port980,Port Vila,Vanuatu,VUT,0,0,0,0,0,0,0,0,0,0,0,0,0,0,0,0,0,0,0,0,0
2023-02-27 00:00:00+00:00,2023,2,27,port669,Luganville,Vanuatu,VUT,0,0,0,0,0,0,0,0,0,0,0,0,0,0,0,0,0,0,0,0,0
2023-02-27 00:00:00+00:00,2023,2,27,port980,Port Vila,Vanuatu,VUT,0,0,0,0,0,0,0,0,0,0,0,0,0,0,0,0,0,0,0,0,0
2023-02-26 00:00:00+00:00,2023,2,26,port669,Luganville,Vanuatu,VUT,1,0,0,0,0,1,1,1021,0,0,0,0,1021,1021,243,0,0,0,0,243,243
2023-02-26 00:00:00+00:00,2023,2,26,port980,Port Vila,Vanuatu,VUT,0,0,0,0,0,0,0,0,0,0,0,0,0,0,0,0,0,0,0,0,0
2023-02-25 00:00:00+00:00,2023,2,25,port669,Luganville,Vanuatu,VUT,0,0,0,0,0,0,0,0,0,0,0,0,0,0,0,0,0,0,0,0,0
2023-02-25 00:00:00+00:00,2023,2,25,port980,Port Vila,Vanuatu,VUT,0,0,0,0,0,0,0,0,0,0,0,0,0,0,0,0,0,0,0,0,0
2023-02-24 00:00:00+00:00,2023,2,24,port669,Luganville,Vanuatu,VUT,0,0,0,0,0,0,0,0,0,0,0,0,0,0,0,0,0,0,0,0,0
2023-02-24 00:00:00+00:00,2023,2,24,port980,Port Vila,Vanuatu,VUT,0,0,0,0,0,0,0,0,0,0,0,0,0,0,0,0,0,0,0,0,0
2023-02-23 00:00:00+00:00,2023,2,23,port669,Luganville,Vanuatu,VUT,0,0,0,0,0,0,0,0,0,0,0,0,0,0,0,0,0,0,0,0,0
2023-02-23 00:00:00+00:00,2023,2,23,port980,Port Vila,Vanuatu,VUT,1,0,0,0,0,1,1,0,0,0,0,0,0,0,270,0,0,0,0,270,270
2023-02-22 00:00:00+00:00,2023,2,22,port669,Luganville,Vanuatu,VUT,0,0,0,0,0,0,0,0,0,0,0,0,0,0,0,0,0,0,0,0,0
2023-02-22 00:00:00+00:00,2023,2,22,port980,Port Vila,Vanuatu,VUT,0,0,1,0,0,1,1,0,0,1576,0,0,1576,1576,0,0,0,0,0,0,0
2023-02-21 00:00:00+00:00,2023,2,21,port669,Luganville,Vanuatu,VUT,0,0,0,0,0,0,0,0,0,0,0,0,0,0,0,0,0,0,0,0,0
2023-02-21 00:00:00+00:00,2023,2,21,port980,Port Vila,Vanuatu,VUT,0,0,0,0,0,0,0,0,0,0,0,0,0,0,0,0,0,0,0,0,0
2023-02-20 00:00:00+00:00,2023,2,20,port669,Luganville,Vanuatu,VUT,0,0,1,0,0,1,1,0,0,883,0,0,883,883,0,0,314,0,0,314,314
2023-02-20 00:00:00+00:00,2023,2,20,port980,Port Vila,Vanuatu,VUT,0,0,0,0,0,0,0,0,0,0,0,0,0,0,0,0,0,0,0,0,0
2023-02-19 00:00:00+00:00,2023,2,19,port669,Luganville,Vanuatu,VUT,0,0,0,0,0,0,0,0,0,0,0,0,0,0,0,0,0,0,0,0,0
2023-02-19 00:00:00+00:00,2023,2,19,port980,Port Vila,Vanuatu,VUT,0,0,0,0,0,0,0,0,0,0,0,0,0,0,0,0,0,0,0,0,0
2023-02-18 00:00:00+00:00,2023,2,18,port669,Luganville,Vanuatu,VUT,0,0,0,0,0,0,0,0,0,0,0,0,0,0,0,0,0,0,0,0,0
2023-02-18 00:00:00+00:00,2023,2,18,port980,Port Vila,Vanuatu,VUT,0,0,0,0,0,0,0,0,0,0,0,0,0,0,0,0,0,0,0,0,0
2023-02-17 00:00:00+00:00,2023,2,17,port669,Luganville,Vanuatu,VUT,0,0,0,0,0,0,0,0,0,0,0,0,0,0,0,0,0,0,0,0,0
2023-02-17 00:00:00+00:00,2023,2,17,port980,Port Vila,Vanuatu,VUT,0,0,0,0,0,0,0,0,0,0,0,0,0,0,0,0,0,0,0,0,0
2023-02-16 00:00:00+00:00,2023,2,16,port669,Luganville,Vanuatu,VUT,0,0,0,0,0,0,0,0,0,0,0,0,0,0,0,0,0,0,0,0,0
2023-02-16 00:00:00+00:00,2023,2,16,port980,Port Vila,Vanuatu,VUT,0,0,0,0,0,0,0,0,0,0,0,0,0,0,0,0,0,0,0,0,0
2023-02-15 00:00:00+00:00,2023,2,15,port669,Luganville,Vanuatu,VUT,0,0,0,0,0,0,0,0,0,0,0,0,0,0,0,0,0,0,0,0,0
2023-02-15 00:00:00+00:00,2023,2,15,port980,Port Vila,Vanuatu,VUT,0,0,0,0,0,0,0,0,0,0,0,0,0,0,0,0,0,0,0,0,0
2023-02-14 00:00:00+00:00,2023,2,14,port669,Luganville,Vanuatu,VUT,0,0,0,0,0,0,0,0,0,0,0,0,0,0,0,0,0,0,0,0,0
2023-02-14 00:00:00+00:00,2023,2,14,port980,Port Vila,Vanuatu,VUT,0,0,0,0,0,0,0,0,0,0,0,0,0,0,0,0,0,0,0,0,0
2023-02-13 00:00:00+00:00,2023,2,13,port669,Luganville,Vanuatu,VUT,0,0,0,0,0,0,0,0,0,0,0,0,0,0,0,0,0,0,0,0,0
2023-02-13 00:00:00+00:00,2023,2,13,port980,Port Vila,Vanuatu,VUT,1,0,0,0,0,1,1,3882,0,0,0,0,3882,3882,0,0,0,0,0,0,0
2023-02-12 00:00:00+00:00,2023,2,12,port669,Luganville,Vanuatu,VUT,0,0,0,0,0,0,0,0,0,0,0,0,0,0,0,0,0,0,0,0,0
2023-02-12 00:00:00+00:00,2023,2,12,port980,Port Vila,Vanuatu,VUT,0,0,0,0,0,0,0,0,0,0,0,0,0,0,0,0,0,0,0,0,0
2023-02-11 00:00:00+00:00,2023,2,11,port669,Luganville,Vanuatu,VUT,0,0,0,0,0,0,0,0,0,0,0,0,0,0,0,0,0,0,0,0,0
2023-02-11 00:00:00+00:00,2023,2,11,port980,Port Vila,Vanuatu,VUT,0,0,0,0,0,0,0,0,0,0,0,0,0,0,0,0,0,0,0,0,0
2023-02-10 00:00:00+00:00,2023,2,10,port669,Luganville,Vanuatu,VUT,0,0,0,0,0,0,0,0,0,0,0,0,0,0,0,0,0,0,0,0,0
2023-02-10 00:00:00+00:00,2023,2,10,port980,Port Vila,Vanuatu,VUT,0,0,1,0,0,1,1,0,0,832,0,0,832,832,0,0,183,0,0,183,183
2023-02-09 00:00:00+00:00,2023,2,9,port669,Luganville,Vanuatu,VUT,0,0,0,0,0,0,0,0,0,0,0,0,0,0,0,0,0,0,0,0,0
2023-02-09 00:00:00+00:00,2023,2,9,port980,Port Vila,Vanuatu,VUT,1,0,0,0,0,1,1,0,0,0,0,0,0,0,1318,0,0,0,0,1318,1318
2023-02-08 00:00:00+00:00,2023,2,8,port669,Luganville,Vanuatu,VUT,0,0,0,0,0,0,0,0,0,0,0,0,0,0,0,0,0,0,0,0,0
2023-02-08 00:00:00+00:00,2023,2,8,port980,Port Vila,Vanuatu,VUT,0,0,0,0,0,0,0,0,0,0,0,0,0,0,0,0,0,0,0,0,0
2023-02-07 00:00:00+00:00,2023,2,7,port669,Luganville,Vanuatu,VUT,1,0,0,0,0,1,1,635,0,0,0,0,635,635,0,0,0,0,0,0,0
2023-02-07 00:00:00+00:00,2023,2,7,port980,Port Vila,Vanuatu,VUT,0,0,0,0,0,0,0,0,0,0,0,0,0,0,0,0,0,0,0,0,0
2023-02-06 00:00:00+00:00,2023,2,6,port669,Luganville,Vanuatu,VUT,0,0,1,0,0,1,1,0,0,883,0,0,883,883,0,0,314,0,0,314,314
2023-02-06 00:00:00+00:00,2023,2,6,port980,Port Vila,Vanuatu,VUT,0,0,0,0,0,0,0,0,0,0,0,0,0,0,0,0,0,0,0,0,0
2023-02-05 00:00:00+00:00,2023,2,5,port669,Luganville,Vanuatu,VUT,0,0,0,0,0,0,0,0,0,0,0,0,0,0,0,0,0,0,0,0,0
2023-02-05 00:00:00+00:00,2023,2,5,port980,Port Vila,Vanuatu,VUT,1,0,0,0,0,1,1,1444,0,0,0,0,1444,1444,0,0,0,0,0,0,0
2023-02-04 00:00:00+00:00,2023,2,4,port669,Luganville,Vanuatu,VUT,0,0,0,0,0,0,0,0,0,0,0,0,0,0,0,0,0,0,0,0,0
2023-02-04 00:00:00+00:00,2023,2,4,port980,Port Vila,Vanuatu,VUT,0,0,0,0,1,0,1,0,0,0,0,311,0,311,0,0,0,0,175,0,175
2023-02-03 00:00:00+00:00,2023,2,3,port669,Luganville,Vanuatu,VUT,0,0,0,0,0,0,0,0,0,0,0,0,0,0,0,0,0,0,0,0,0
2023-02-03 00:00:00+00:00,2023,2,3,port980,Port Vila,Vanuatu,VUT,0,0,0,0,0,0,0,0,0,0,0,0,0,0,0,0,0,0,0,0,0
2023-02-02 00:00:00+00:00,2023,2,2,port669,Luganville,Vanuatu,VUT,0,0,0,0,0,0,0,0,0,0,0,0,0,0,0,0,0,0,0,0,0
2023-02-02 00:00:00+00:00,2023,2,2,port980,Port Vila,Vanuatu,VUT,0,0,0,0,0,0,0,0,0,0,0,0,0,0,0,0,0,0,0,0,0
2023-02-01 00:00:00+00:00,2023,2,1,port669,Luganville,Vanuatu,VUT,0,0,0,0,0,0,0,0,0,0,0,0,0,0,0,0,0,0,0,0,0
2023-02-01 00:00:00+00:00,2023,2,1,port980,Port Vila,Vanuatu,VUT,1,0,1,0,0,2,2,0,0,832,0,0,832,832,1166,0,183,0,0,1349,1349
2023-01-31 00:00:00+00:00,2023,1,31,port669,Luganville,Vanuatu,VUT,0,0,0,0,0,0,0,0,0,0,0,0,0,0,0,0,0,0,0,0,0
2023-01-31 00:00:00+00:00,2023,1,31,port980,Port Vila,Vanuatu,VUT,0,0,0,0,0,0,0,0,0,0,0,0,0,0,0,0,0,0,0,0,0
2023-01-30 00:00:00+00:00,2023,1,30,port669,Luganville,Vanuatu,VUT,0,0,0,0,0,0,0,0,0,0,0,0,0,0,0,0,0,0,0,0,0
2023-01-30 00:00:00+00:00,2023,1,30,port980,Port Vila,Vanuatu,VUT,1,0,0,0,1,1,2,496,0,0,0,6748,496,7245,190,0,0,0,56,190,246
2023-01-29 00:00:00+00:00,2023,1,29,port669,Luganville,Vanuatu,VUT,0,0,1,0,0,1,1,0,0,883,0,0,883,883,0,0,314,0,0,314,314
2023-01-29 00:00:00+00:00,2023,1,29,port980,Port Vila,Vanuatu,VUT,0,0,0,0,0,0,0,0,0,0,0,0,0,0,0,0,0,0,0,0,0
2023-01-28 00:00:00+00:00,2023,1,28,port669,Luganville,Vanuatu,VUT,1,0,0,0,0,1,1,1021,0,0,0,0,1021,1021,243,0,0,0,0,243,243
2023-01-28 00:00:00+00:00,2023,1,28,port980,Port Vila,Vanuatu,VUT,0,0,0,0,0,0,0,0,0,0,0,0,0,0,0,0,0,0,0,0,0
2023-01-27 00:00:00+00:00,2023,1,27,port669,Luganville,Vanuatu,VUT,0,0,0,0,0,0,0,0,0,0,0,0,0,0,0,0,0,0,0,0,0
2023-01-27 00:00:00+00:00,2023,1,27,port980,Port Vila,Vanuatu,VUT,0,0,0,0,0,0,0,0,0,0,0,0,0,0,0,0,0,0,0,0,0
2023-01-26 00:00:00+00:00,2023,1,26,port669,Luganville,Vanuatu,VUT,0,0,0,0,0,0,0,0,0,0,0,0,0,0,0,0,0,0,0,0,0
2023-01-26 00:00:00+00:00,2023,1,26,port980,Port Vila,Vanuatu,VUT,0,0,0,0,0,0,0,0,0,0,0,0,0,0,0,0,0,0,0,0,0
2023-01-25 00:00:00+00:00,2023,1,25,port669,Luganville,Vanuatu,VUT,0,0,0,0,0,0,0,0,0,0,0,0,0,0,0,0,0,0,0,0,0
2023-01-25 00:00:00+00:00,2023,1,25,port980,Port Vila,Vanuatu,VUT,1,0,0,0,0,1,1,2435,0,0,0,0,2435,2435,0,0,0,0,0,0,0
2023-01-24 00:00:00+00:00,2023,1,24,port669,Luganville,Vanuatu,VUT,0,0,0,0,0,0,0,0,0,0,0,0,0,0,0,0,0,0,0,0,0
2023-01-24 00:00:00+00:00,2023,1,24,port980,Port Vila,Vanuatu,VUT,0,0,0,0,0,0,0,0,0,0,0,0,0,0,0,0,0,0,0,0,0
2023-01-23 00:00:00+00:00,2023,1,23,port669,Luganville,Vanuatu,VUT,0,0,1,0,0,1,1,0,0,179,0,0,179,179,0,0,0,0,0,0,0
2023-01-23 00:00:00+00:00,2023,1,23,port980,Port Vila,Vanuatu,VUT,0,0,0,0,0,0,0,0,0,0,0,0,0,0,0,0,0,0,0,0,0
2023-01-22 00:00:00+00:00,2023,1,22,port669,Luganville,Vanuatu,VUT,0,0,0,0,0,0,0,0,0,0,0,0,0,0,0,0,0,0,0,0,0
2023-01-22 00:00:00+00:00,2023,1,22,port980,Port Vila,Vanuatu,VUT,0,0,0,0,0,0,0,0,0,0,0,0,0,0,0,0,0,0,0,0,0
2023-01-21 00:00:00+00:00,2023,1,21,port669,Luganville,Vanuatu,VUT,0,0,0,0,0,0,0,0,0,0,0,0,0,0,0,0,0,0,0,0,0
2023-01-21 00:00:00+00:00,2023,1,21,port980,Port Vila,Vanuatu,VUT,0,0,0,0,0,0,0,0,0,0,0,0,0,0,0,0,0,0,0,0,0
2023-01-20 00:00:00+00:00,2023,1,20,port669,Luganville,Vanuatu,VUT,0,0,0,0,0,0,0,0,0,0,0,0,0,0,0,0,0,0,0,0,0
2023-01-20 00:00:00+00:00,2023,1,20,port980,Port Vila,Vanuatu,VUT,0,0,0,0,0,0,0,0,0,0,0,0,0,0,0,0,0,0,0,0,0
2023-01-19 00:00:00+00:00,2023,1,19,port669,Luganville,Vanuatu,VUT,0,0,0,0,0,0,0,0,0,0,0,0,0,0,0,0,0,0,0,0,0
2023-01-19 00:00:00+00:00,2023,1,19,port980,Port Vila,Vanuatu,VUT,0,0,0,0,0,0,0,0,0,0,0,0,0,0,0,0,0,0,0,0,0
2023-01-18 00:00:00+00:00,2023,1,18,port669,Luganville,Vanuatu,VUT,0,0,0,0,0,0,0,0,0,0,0,0,0,0,0,0,0,0,0,0,0
2023-01-18 00:00:00+00:00,2023,1,18,port980,Port Vila,Vanuatu,VUT,0,0,0,0,0,0,0,0,0,0,0,0,0,0,0,0,0,0,0,0,0
2023-01-17 00:00:00+00:00,2023,1,17,port669,Luganville,Vanuatu,VUT,0,0,0,0,0,0,0,0,0,0,0,0,0,0,0,0,0,0,0,0,0
2023-01-17 00:00:00+00:00,2023,1,17,port980,Port Vila,Vanuatu,VUT,0,0,0,0,0,0,0,0,0,0,0,0,0,0,0,0,0,0,0,0,0
2023-01-16 00:00:00+00:00,2023,1,16,port669,Luganville,Vanuatu,VUT,0,0,0,0,0,0,0,0,0,0,0,0,0,0,0,0,0,0,0,0,0
2023-01-16 00:00:00+00:00,2023,1,16,port980,Port Vila,Vanuatu,VUT,0,0,0,0,0,0,0,0,0,0,0,0,0,0,0,0,0,0,0,0,0
2023-01-15 00:00:00+00:00,2023,1,15,port669,Luganville,Vanuatu,VUT,0,0,0,0,0,0,0,0,0,0,0,0,0,0,0,0,0,0,0,0,0
2023-01-15 00:00:00+00:00,2023,1,15,port980,Port Vila,Vanuatu,VUT,0,0,0,0,0,0,0,0,0,0,0,0,0,0,0,0,0,0,0,0,0
2023-01-14 00:00:00+00:00,2023,1,14,port669,Luganville,Vanuatu,VUT,1,0,0,0,0,1,1,951,0,0,0,0,951,951,0,0,0,0,0,0,0
2023-01-14 00:00:00+00:00,2023,1,14,port980,Port Vila,Vanuatu,VUT,0,0,0,0,0,0,0,0,0,0,0,0,0,0,0,0,0,0,0,0,0
2023-01-13 00:00:00+00:00,2023,1,13,port669,Luganville,Vanuatu,VUT,0,0,0,0,0,0,0,0,0,0,0,0,0,0,0,0,0,0,0,0,0
2023-01-13 00:00:00+00:00,2023,1,13,port980,Port Vila,Vanuatu,VUT,1,0,0,0,0,1,1,5270,0,0,0,0,5270,5270,0,0,0,0,0,0,0
2023-01-12 00:00:00+00:00,2023,1,12,port669,Luganville,Vanuatu,VUT,0,0,0,0,0,0,0,0,0,0,0,0,0,0,0,0,0,0,0,0,0
2023-01-12 00:00:00+00:00,2023,1,12,port980,Port Vila,Vanuatu,VUT,1,0,0,0,0,1,1,965,0,0,0,0,965,965,0,0,0,0,0,0,0
2023-01-11 00:00:00+00:00,2023,1,11,port669,Luganville,Vanuatu,VUT,0,0,0,0,0,0,0,0,0,0,0,0,0,0,0,0,0,0,0,0,0
2023-01-11 00:00:00+00:00,2023,1,11,port980,Port Vila,Vanuatu,VUT,0,0,1,0,0,1,1,0,0,4125,0,0,4125,4125,0,0,0,0,0,0,0
2023-01-10 00:00:00+00:00,2023,1,10,port669,Luganville,Vanuatu,VUT,0,0,1,0,0,1,1,0,0,883,0,0,883,883,0,0,314,0,0,314,314
2023-01-10 00:00:00+00:00,2023,1,10,port980,Port Vila,Vanuatu,VUT,0,0,1,0,0,1,1,0,0,832,0,0,832,832,0,0,183,0,0,183,183
2023-01-09 00:00:00+00:00,2023,1,9,port669,Luganville,Vanuatu,VUT,0,0,0,0,0,0,0,0,0,0,0,0,0,0,0,0,0,0,0,0,0
2023-01-09 00:00:00+00:00,2023,1,9,port980,Port Vila,Vanuatu,VUT,0,0,0,0,0,0,0,0,0,0,0,0,0,0,0,0,0,0,0,0,0
2023-01-08 00:00:00+00:00,2023,1,8,port669,Luganville,Vanuatu,VUT,0,0,0,0,0,0,0,0,0,0,0,0,0,0,0,0,0,0,0,0,0
2023-01-08 00:00:00+00:00,2023,1,8,port980,Port Vila,Vanuatu,VUT,1,0,0,0,0,1,1,0,0,0,0,0,0,0,692,0,0,0,0,692,692
2023-01-07 00:00:00+00:00,2023,1,7,port669,Luganville,Vanuatu,VUT,0,0,0,0,0,0,0,0,0,0,0,0,0,0,0,0,0,0,0,0,0
2023-01-07 00:00:00+00:00,2023,1,7,port980,Port Vila,Vanuatu,VUT,0,0,0,0,0,0,0,0,0,0,0,0,0,0,0,0,0,0,0,0,0
2023-01-06 00:00:00+00:00,2023,1,6,port669,Luganville,Vanuatu,VUT,0,0,0,0,0,0,0,0,0,0,0,0,0,0,0,0,0,0,0,0,0
2023-01-06 00:00:00+00:00,2023,1,6,port980,Port Vila,Vanuatu,VUT,0,0,0,0,0,0,0,0,0,0,0,0,0,0,0,0,0,0,0,0,0
2023-01-05 00:00:00+00:00,2023,1,5,port669,Luganville,Vanuatu,VUT,0,0,0,0,0,0,0,0,0,0,0,0,0,0,0,0,0,0,0,0,0
2023-01-05 00:00:00+00:00,2023,1,5,port980,Port Vila,Vanuatu,VUT,0,0,0,0,0,0,0,0,0,0,0,0,0,0,0,0,0,0,0,0,0
2023-01-04 00:00:00+00:00,2023,1,4,port669,Luganville,Vanuatu,VUT,0,0,1,0,0,1,1,0,0,883,0,0,883,883,0,0,314,0,0,314,314
2023-01-04 00:00:00+00:00,2023,1,4,port980,Port Vila,Vanuatu,VUT,0,0,0,0,1,0,1,0,0,0,0,311,0,311,0,0,0,0,175,0,175
2023-01-03 00:00:00+00:00,2023,1,3,port669,Luganville,Vanuatu,VUT,0,0,0,0,0,0,0,0,0,0,0,0,0,0,0,0,0,0,0,0,0
2023-01-03 00:00:00+00:00,2023,1,3,port980,Port Vila,Vanuatu,VUT,0,0,0,0,0,0,0,0,0,0,0,0,0,0,0,0,0,0,0,0,0
2023-01-02 00:00:00+00:00,2023,1,2,port669,Luganville,Vanuatu,VUT,0,0,0,0,0,0,0,0,0,0,0,0,0,0,0,0,0,0,0,0,0
2023-01-02 00:00:00+00:00,2023,1,2,port980,Port Vila,Vanuatu,VUT,0,0,0,0,0,0,0,0,0,0,0,0,0,0,0,0,0,0,0,0,0
2023-01-01 00:00:00+00:00,2023,1,1,port669,Luganville,Vanuatu,VUT,0,0,0,0,1,0,1,0,0,0,0,0,0,0,0,0,0,0,0,0,0
2023-01-01 00:00:00+00:00,2023,1,1,port980,Port Vila,Vanuatu,VUT,0,0,0,0,0,0,0,0,0,0,0,0,0,0,0,0,0,0,0,0,0
2022-12-31 00:00:00+00:00,2022,12,31,port669,Luganville,Vanuatu,VUT,0,0,0,0,0,0,0,0,0,0,0,0,0,0,0,0,0,0,0,0,0
2022-12-31 00:00:00+00:00,2022,12,31,port980,Port Vila,Vanuatu,VUT,0,0,0,0,0,0,0,0,0,0,0,0,0,0,0,0,0,0,0,0,0
2022-12-30 00:00:00+00:00,2022,12,30,port669,Luganville,Vanuatu,VUT,0,0,0,0,0,0,0,0,0,0,0,0,0,0,0,0,0,0,0,0,0
2022-12-30 00:00:00+00:00,2022,12,30,port980,Port Vila,Vanuatu,VUT,1,0,1,0,0,2,2,0,0,832,0,0,832,832,1943,0,183,0,0,2126,2126
2022-12-29 00:00:00+00:00,2022,12,29,port669,Luganville,Vanuatu,VUT,0,0,1,0,0,1,1,0,0,883,0,0,883,883,0,0,314,0,0,314,314
2022-12-29 00:00:00+00:00,2022,12,29,port980,Port Vila,Vanuatu,VUT,0,0,0,0,0,0,0,0,0,0,0,0,0,0,0,0,0,0,0,0,0
2022-12-28 00:00:00+00:00,2022,12,28,port669,Luganville,Vanuatu,VUT,0,0,0,0,0,0,0,0,0,0,0,0,0,0,0,0,0,0,0,0,0
2022-12-28 00:00:00+00:00,2022,12,28,port980,Port Vila,Vanuatu,VUT,0,0,0,0,1,0,1,0,0,0,0,311,0,311,0,0,0,0,175,0,175
2022-12-27 00:00:00+00:00,2022,12,27,port669,Luganville,Vanuatu,VUT,0,0,0,0,0,0,0,0,0,0,0,0,0,0,0,0,0,0,0,0,0
2022-12-27 00:00:00+00:00,2022,12,27,port980,Port Vila,Vanuatu,VUT,0,0,1,0,0,1,1,0,0,832,0,0,832,832,0,0,183,0,0,183,183
2022-12-26 00:00:00+00:00,2022,12,26,port669,Luganville,Vanuatu,VUT,0,0,1,0,0,1,1,0,0,883,0,0,883,883,0,0,314,0,0,314,314
2022-12-26 00:00:00+00:00,2022,12,26,port980,Port Vila,Vanuatu,VUT,0,0,0,0,0,0,0,0,0,0,0,0,0,0,0,0,0,0,0,0,0
2022-12-25 00:00:00+00:00,2022,12,25,port669,Luganville,Vanuatu,VUT,0,0,0,0,0,0,0,0,0,0,0,0,0,0,0,0,0,0,0,0,0
2022-12-25 00:00:00+00:00,2022,12,25,port980,Port Vila,Vanuatu,VUT,0,0,1,0,1,1,2,0,0,832,0,0,832,832,0,0,183,0,0,183,183
2022-12-24 00:00:00+00:00,2022,12,24,port669,Luganville,Vanuatu,VUT,0,0,0,0,0,0,0,0,0,0,0,0,0,0,0,0,0,0,0,0,0
2022-12-24 00:00:00+00:00,2022,12,24,port980,Port Vila,Vanuatu,VUT,0,0,0,0,1,0,1,0,0,0,0,0,0,0,0,0,0,0,79446,0,79446
2022-12-23 00:00:00+00:00,2022,12,23,port669,Luganville,Vanuatu,VUT,2,0,0,0,0,2,2,1850,0,0,0,0,1850,1850,389,0,0,0,0,389,389
2022-12-23 00:00:00+00:00,2022,12,23,port980,Port Vila,Vanuatu,VUT,0,0,0,0,0,0,0,0,0,0,0,0,0,0,0,0,0,0,0,0,0
2022-12-22 00:00:00+00:00,2022,12,22,port669,Luganville,Vanuatu,VUT,0,0,0,0,0,0,0,0,0,0,0,0,0,0,0,0,0,0,0,0,0
2022-12-22 00:00:00+00:00,2022,12,22,port980,Port Vila,Vanuatu,VUT,0,0,0,0,0,0,0,0,0,0,0,0,0,0,0,0,0,0,0,0,0
2022-12-21 00:00:00+00:00,2022,12,21,port669,Luganville,Vanuatu,VUT,0,0,0,0,0,0,0,0,0,0,0,0,0,0,0,0,0,0,0,0,0
2022-12-21 00:00:00+00:00,2022,12,21,port980,Port Vila,Vanuatu,VUT,1,0,0,0,0,1,1,805,0,0,0,0,805,805,0,0,0,0,0,0,0
2022-12-20 00:00:00+00:00,2022,12,20,port669,Luganville,Vanuatu,VUT,0,0,0,0,0,0,0,0,0,0,0,0,0,0,0,0,0,0,0,0,0
2022-12-20 00:00:00+00:00,2022,12,20,port980,Port Vila,Vanuatu,VUT,0,0,0,0,0,0,0,0,0,0,0,0,0,0,0,0,0,0,0,0,0
2022-12-19 00:00:00+00:00,2022,12,19,port669,Luganville,Vanuatu,VUT,0,0,0,0,0,0,0,0,0,0,0,0,0,0,0,0,0,0,0,0,0
2022-12-19 00:00:00+00:00,2022,12,19,port980,Port Vila,Vanuatu,VUT,0,0,1,0,0,1,1,0,0,832,0,0,832,832,0,0,183,0,0,183,183
2022-12-18 00:00:00+00:00,2022,12,18,port669,Luganville,Vanuatu,VUT,0,0,1,0,0,1,1,0,0,883,0,0,883,883,0,0,314,0,0,314,314
2022-12-18 00:00:00+00:00,2022,12,18,port980,Port Vila,Vanuatu,VUT,0,0,0,0,0,0,0,0,0,0,0,0,0,0,0,0,0,0,0,0,0
2022-12-17 00:00:00+00:00,2022,12,17,port669,Luganville,Vanuatu,VUT,0,0,0,0,0,0,0,0,0,0,0,0,0,0,0,0,0,0,0,0,0
2022-12-17 00:00:00+00:00,2022,12,17,port980,Port Vila,Vanuatu,VUT,0,0,0,0,0,0,0,0,0,0,0,0,0,0,0,0,0,0,0,0,0
2022-12-16 00:00:00+00:00,2022,12,16,port669,Luganville,Vanuatu,VUT,0,0,0,0,0,0,0,0,0,0,0,0,0,0,0,0,0,0,0,0,0
2022-12-16 00:00:00+00:00,2022,12,16,port980,Port Vila,Vanuatu,VUT,0,0,0,0,0,0,0,0,0,0,0,0,0,0,0,0,0,0,0,0,0
2022-12-15 00:00:00+00:00,2022,12,15,port669,Luganville,Vanuatu,VUT,0,0,0,0,0,0,0,0,0,0,0,0,0,0,0,0,0,0,0,0,0
2022-12-15 00:00:00+00:00,2022,12,15,port980,Port Vila,Vanuatu,VUT,0,0,0,0,0,0,0,0,0,0,0,0,0,0,0,0,0,0,0,0,0
2022-12-14 00:00:00+00:00,2022,12,14,port669,Luganville,Vanuatu,VUT,0,0,0,0,0,0,0,0,0,0,0,0,0,0,0,0,0,0,0,0,0
2022-12-14 00:00:00+00:00,2022,12,14,port980,Port Vila,Vanuatu,VUT,0,0,1,0,0,1,1,0,0,832,0,0,832,832,0,0,183,0,0,183,183
2022-12-13 00:00:00+00:00,2022,12,13,port669,Luganville,Vanuatu,VUT,0,0,0,0,0,0,0,0,0,0,0,0,0,0,0,0,0,0,0,0,0
2022-12-13 00:00:00+00:00,2022,12,13,port980,Port Vila,Vanuatu,VUT,0,0,0,0,0,0,0,0,0,0,0,0,0,0,0,0,0,0,0,0,0
2022-12-12 00:00:00+00:00,2022,12,12,port669,Luganville,Vanuatu,VUT,0,0,1,0,0,1,1,0,0,883,0,0,883,883,0,0,314,0,0,314,314
2022-12-12 00:00:00+00:00,2022,12,12,port980,Port Vila,Vanuatu,VUT,0,0,0,0,0,0,0,0,0,0,0,0,0,0,0,0,0,0,0,0,0
2022-12-11 00:00:00+00:00,2022,12,11,port669,Luganville,Vanuatu,VUT,0,0,0,0,0,0,0,0,0,0,0,0,0,0,0,0,0,0,0,0,0
2022-12-11 00:00:00+00:00,2022,12,11,port980,Port Vila,Vanuatu,VUT,1,0,0,0,0,1,1,0,0,0,0,0,0,0,436,0,0,0,0,436,436
2022-12-10 00:00:00+00:00,2022,12,10,port669,Luganville,Vanuatu,VUT,0,0,0,0,0,0,0,0,0,0,0,0,0,0,0,0,0,0,0,0,0
2022-12-10 00:00:00+00:00,2022,12,10,port980,Port Vila,Vanuatu,VUT,0,0,0,0,0,0,0,0,0,0,0,0,0,0,0,0,0,0,0,0,0
2022-12-09 00:00:00+00:00,2022,12,9,port669,Luganville,Vanuatu,VUT,0,0,0,0,0,0,0,0,0,0,0,0,0,0,0,0,0,0,0,0,0
2022-12-09 00:00:00+00:00,2022,12,9,port980,Port Vila,Vanuatu,VUT,0,0,0,0,0,0,0,0,0,0,0,0,0,0,0,0,0,0,0,0,0
2022-12-08 00:00:00+00:00,2022,12,8,port669,Luganville,Vanuatu,VUT,0,0,0,0,0,0,0,0,0,0,0,0,0,0,0,0,0,0,0,0,0
2022-12-08 00:00:00+00:00,2022,12,8,port980,Port Vila,Vanuatu,VUT,2,0,0,0,0,2,2,4823,0,0,0,0,4823,4823,0,0,0,0,0,0,0
2022-12-07 00:00:00+00:00,2022,12,7,port669,Luganville,Vanuatu,VUT,0,0,0,0,0,0,0,0,0,0,0,0,0,0,0,0,0,0,0,0,0
2022-12-07 00:00:00+00:00,2022,12,7,port980,Port Vila,Vanuatu,VUT,0,0,0,0,0,0,0,0,0,0,0,0,0,0,0,0,0,0,0,0,0
2022-12-06 00:00:00+00:00,2022,12,6,port669,Luganville,Vanuatu,VUT,0,0,0,0,0,0,0,0,0,0,0,0,0,0,0,0,0,0,0,0,0
2022-12-06 00:00:00+00:00,2022,12,6,port980,Port Vila,Vanuatu,VUT,0,0,1,0,0,1,1,0,0,832,0,0,832,832,0,0,183,0,0,183,183
2022-12-05 00:00:00+00:00,2022,12,5,port669,Luganville,Vanuatu,VUT,0,0,0,0,0,0,0,0,0,0,0,0,0,0,0,0,0,0,0,0,0
2022-12-05 00:00:00+00:00,2022,12,5,port980,Port Vila,Vanuatu,VUT,0,0,0,0,0,0,0,0,0,0,0,0,0,0,0,0,0,0,0,0,0
2022-12-04 00:00:00+00:00,2022,12,4,port669,Luganville,Vanuatu,VUT,0,0,0,0,0,0,0,0,0,0,0,0,0,0,0,0,0,0,0,0,0
2022-12-04 00:00:00+00:00,2022,12,4,port980,Port Vila,Vanuatu,VUT,0,0,0,0,0,0,0,0,0,0,0,0,0,0,0,0,0,0,0,0,0
2022-12-03 00:00:00+00:00,2022,12,3,port669,Luganville,Vanuatu,VUT,0,0,0,0,0,0,0,0,0,0,0,0,0,0,0,0,0,0,0,0,0
2022-12-03 00:00:00+00:00,2022,12,3,port980,Port Vila,Vanuatu,VUT,0,0,0,0,0,0,0,0,0,0,0,0,0,0,0,0,0,0,0,0,0
2022-12-02 00:00:00+00:00,2022,12,2,port669,Luganville,Vanuatu,VUT,0,0,0,0,0,0,0,0,0,0,0,0,0,0,0,0,0,0,0,0,0
2022-12-02 00:00:00+00:00,2022,12,2,port980,Port Vila,Vanuatu,VUT,0,0,0,0,1,0,1,0,0,0,0,88734,0,88734,0,0,0,0,0,0,0
2022-12-01 00:00:00+00:00,2022,12,1,port669,Luganville,Vanuatu,VUT,0,0,0,0,0,0,0,0,0,0,0,0,0,0,0,0,0,0,0,0,0
2022-12-01 00:00:00+00:00,2022,12,1,port980,Port Vila,Vanuatu,VUT,0,0,0,0,0,0,0,0,0,0,0,0,0,0,0,0,0,0,0,0,0
2022-11-30 00:00:00+00:00,2022,11,30,port669,Luganville,Vanuatu,VUT,0,0,0,0,0,0,0,0,0,0,0,0,0,0,0,0,0,0,0,0,0
2022-11-30 00:00:00+00:00,2022,11,30,port980,Port Vila,Vanuatu,VUT,1,0,1,0,1,2,3,0,0,832,0,311,832,1144,316,0,183,0,175,499,675
2022-11-29 00:00:00+00:00,2022,11,29,port669,Luganville,Vanuatu,VUT,0,0,0,0,0,0,0,0,0,0,0,0,0,0,0,0,0,0,0,0,0
2022-11-29 00:00:00+00:00,2022,11,29,port980,Port Vila,Vanuatu,VUT,0,0,1,0,0,1,1,0,0,2438,0,0,2438,2438,0,0,0,0,0,0,0
2022-11-28 00:00:00+00:00,2022,11,28,port669,Luganville,Vanuatu,VUT,0,0,0,0,0,0,0,0,0,0,0,0,0,0,0,0,0,0,0,0,0
2022-11-28 00:00:00+00:00,2022,11,28,port980,Port Vila,Vanuatu,VUT,0,0,0,0,0,0,0,0,0,0,0,0,0,0,0,0,0,0,0,0,0
2022-11-27 00:00:00+00:00,2022,11,27,port669,Luganville,Vanuatu,VUT,1,0,0,0,0,1,1,4254,0,0,0,0,4254,4254,0,0,0,0,0,0,0
2022-11-27 00:00:00+00:00,2022,11,27,port980,Port Vila,Vanuatu,VUT,1,0,0,0,0,1,1,1240,0,0,0,0,1240,1240,125,0,0,0,0,125,125
2022-11-26 00:00:00+00:00,2022,11,26,port669,Luganville,Vanuatu,VUT,0,0,0,0,0,0,0,0,0,0,0,0,0,0,0,0,0,0,0,0,0
2022-11-26 00:00:00+00:00,2022,11,26,port980,Port Vila,Vanuatu,VUT,0,0,0,0,0,0,0,0,0,0,0,0,0,0,0,0,0,0,0,0,0
2022-11-25 00:00:00+00:00,2022,11,25,port669,Luganville,Vanuatu,VUT,1,0,0,0,0,1,1,828,0,0,0,0,828,828,146,0,0,0,0,146,146
2022-11-25 00:00:00+00:00,2022,11,25,port980,Port Vila,Vanuatu,VUT,0,0,0,0,0,0,0,0,0,0,0,0,0,0,0,0,0,0,0,0,0
2022-11-24 00:00:00+00:00,2022,11,24,port669,Luganville,Vanuatu,VUT,0,0,0,0,0,0,0,0,0,0,0,0,0,0,0,0,0,0,0,0,0
2022-11-24 00:00:00+00:00,2022,11,24,port980,Port Vila,Vanuatu,VUT,1,0,0,0,0,1,1,1032,0,0,0,0,1032,1032,377,0,0,0,0,377,377
2022-11-23 00:00:00+00:00,2022,11,23,port669,Luganville,Vanuatu,VUT,0,0,0,0,0,0,0,0,0,0,0,0,0,0,0,0,0,0,0,0,0
2022-11-23 00:00:00+00:00,2022,11,23,port980,Port Vila,Vanuatu,VUT,0,0,0,0,0,0,0,0,0,0,0,0,0,0,0,0,0,0,0,0,0
2022-11-22 00:00:00+00:00,2022,11,22,port669,Luganville,Vanuatu,VUT,0,0,0,0,0,0,0,0,0,0,0,0,0,0,0,0,0,0,0,0,0
2022-11-22 00:00:00+00:00,2022,11,22,port980,Port Vila,Vanuatu,VUT,0,0,0,0,0,0,0,0,0,0,0,0,0,0,0,0,0,0,0,0,0
2022-11-21 00:00:00+00:00,2022,11,21,port669,Luganville,Vanuatu,VUT,0,0,1,0,0,1,1,0,0,883,0,0,883,883,0,0,314,0,0,314,314
2022-11-21 00:00:00+00:00,2022,11,21,port980,Port Vila,Vanuatu,VUT,0,0,1,0,0,1,1,0,0,1912,0,0,1912,1912,0,0,0,0,0,0,0
2022-11-20 00:00:00+00:00,2022,11,20,port669,Luganville,Vanuatu,VUT,0,0,0,0,0,0,0,0,0,0,0,0,0,0,0,0,0,0,0,0,0
2022-11-20 00:00:00+00:00,2022,11,20,port980,Port Vila,Vanuatu,VUT,0,0,0,0,0,0,0,0,0,0,0,0,0,0,0,0,0,0,0,0,0
2022-11-19 00:00:00+00:00,2022,11,19,port669,Luganville,Vanuatu,VUT,0,0,0,0,0,0,0,0,0,0,0,0,0,0,0,0,0,0,0,0,0
2022-11-19 00:00:00+00:00,2022,11,19,port980,Port Vila,Vanuatu,VUT,0,0,0,0,0,0,0,0,0,0,0,0,0,0,0,0,0,0,0,0,0
2022-11-18 00:00:00+00:00,2022,11,18,port669,Luganville,Vanuatu,VUT,0,0,0,0,0,0,0,0,0,0,0,0,0,0,0,0,0,0,0,0,0
2022-11-18 00:00:00+00:00,2022,11,18,port980,Port Vila,Vanuatu,VUT,0,0,0,0,0,0,0,0,0,0,0,0,0,0,0,0,0,0,0,0,0
2022-11-17 00:00:00+00:00,2022,11,17,port669,Luganville,Vanuatu,VUT,0,0,0,0,0,0,0,0,0,0,0,0,0,0,0,0,0,0,0,0,0
2022-11-17 00:00:00+00:00,2022,11,17,port980,Port Vila,Vanuatu,VUT,0,0,0,0,0,0,0,0,0,0,0,0,0,0,0,0,0,0,0,0,0
2022-11-16 00:00:00+00:00,2022,11,16,port669,Luganville,Vanuatu,VUT,0,0,0,0,0,0,0,0,0,0,0,0,0,0,0,0,0,0,0,0,0
2022-11-16 00:00:00+00:00,2022,11,16,port980,Port Vila,Vanuatu,VUT,0,0,0,0,0,0,0,0,0,0,0,0,0,0,0,0,0,0,0,0,0
2022-11-15 00:00:00+00:00,2022,11,15,port669,Luganville,Vanuatu,VUT,0,0,0,0,0,0,0,0,0,0,0,0,0,0,0,0,0,0,0,0,0
2022-11-15 00:00:00+00:00,2022,11,15,port980,Port Vila,Vanuatu,VUT,1,0,0,0,0,1,1,1240,0,0,0,0,1240,1240,125,0,0,0,0,125,125
2022-11-14 00:00:00+00:00,2022,11,14,port669,Luganville,Vanuatu,VUT,0,0,0,0,0,0,0,0,0,0,0,0,0,0,0,0,0,0,0,0,0
2022-11-14 00:00:00+00:00,2022,11,14,port980,Port Vila,Vanuatu,VUT,0,0,0,0,0,0,0,0,0,0,0,0,0,0,0,0,0,0,0,0,0
2022-11-13 00:00:00+00:00,2022,11,13,port669,Luganville,Vanuatu,VUT,0,0,0,0,0,0,0,0,0,0,0,0,0,0,0,0,0,0,0,0,0
2022-11-13 00:00:00+00:00,2022,11,13,port980,Port Vila,Vanuatu,VUT,0,0,0,0,1,0,1,0,0,0,0,0,0,0,0,0,0,0,0,0,0
2022-11-12 00:00:00+00:00,2022,11,12,port669,Luganville,Vanuatu,VUT,0,0,0,0,0,0,0,0,0,0,0,0,0,0,0,0,0,0,0,0,0
2022-11-12 00:00:00+00:00,2022,11,12,port980,Port Vila,Vanuatu,VUT,0,0,0,0,0,0,0,0,0,0,0,0,0,0,0,0,0,0,0,0,0
2022-11-11 00:00:00+00:00,2022,11,11,port669,Luganville,Vanuatu,VUT,0,0,1,0,0,1,1,0,0,883,0,0,883,883,0,0,314,0,0,314,314
2022-11-11 00:00:00+00:00,2022,11,11,port980,Port Vila,Vanuatu,VUT,0,0,0,0,0,0,0,0,0,0,0,0,0,0,0,0,0,0,0,0,0
2022-11-10 00:00:00+00:00,2022,11,10,port669,Luganville,Vanuatu,VUT,0,0,0,0,0,0,0,0,0,0,0,0,0,0,0,0,0,0,0,0,0
2022-11-10 00:00:00+00:00,2022,11,10,port980,Port Vila,Vanuatu,VUT,0,0,0,0,0,0,0,0,0,0,0,0,0,0,0,0,0,0,0,0,0
2022-11-09 00:00:00+00:00,2022,11,9,port669,Luganville,Vanuatu,VUT,0,0,0,0,0,0,0,0,0,0,0,0,0,0,0,0,0,0,0,0,0
2022-11-09 00:00:00+00:00,2022,11,9,port980,Port Vila,Vanuatu,VUT,0,0,1,0,0,1,1,0,0,0,0,0,0,0,0,0,636,0,0,636,636
2022-11-08 00:00:00+00:00,2022,11,8,port669,Luganville,Vanuatu,VUT,0,0,1,0,0,1,1,0,0,883,0,0,883,883,0,0,314,0,0,314,314
2022-11-08 00:00:00+00:00,2022,11,8,port980,Port Vila,Vanuatu,VUT,0,0,0,0,0,0,0,0,0,0,0,0,0,0,0,0,0,0,0,0,0
2022-11-07 00:00:00+00:00,2022,11,7,port669,Luganville,Vanuatu,VUT,0,0,1,0,0,1,1,0,0,1397,0,0,1397,1397,0,0,0,0,0,0,0
2022-11-07 00:00:00+00:00,2022,11,7,port980,Port Vila,Vanuatu,VUT,0,0,0,0,0,0,0,0,0,0,0,0,0,0,0,0,0,0,0,0,0
2022-11-06 00:00:00+00:00,2022,11,6,port669,Luganville,Vanuatu,VUT,0,0,0,0,0,0,0,0,0,0,0,0,0,0,0,0,0,0,0,0,0
2022-11-06 00:00:00+00:00,2022,11,6,port980,Port Vila,Vanuatu,VUT,0,0,0,0,0,0,0,0,0,0,0,0,0,0,0,0,0,0,0,0,0
2022-11-05 00:00:00+00:00,2022,11,5,port669,Luganville,Vanuatu,VUT,0,0,0,0,0,0,0,0,0,0,0,0,0,0,0,0,0,0,0,0,0
2022-11-05 00:00:00+00:00,2022,11,5,port980,Port Vila,Vanuatu,VUT,0,0,0,0,0,0,0,0,0,0,0,0,0,0,0,0,0,0,0,0,0
2022-11-04 00:00:00+00:00,2022,11,4,port669,Luganville,Vanuatu,VUT,0,0,0,0,0,0,0,0,0,0,0,0,0,0,0,0,0,0,0,0,0
2022-11-04 00:00:00+00:00,2022,11,4,port980,Port Vila,Vanuatu,VUT,1,0,1,0,0,2,2,697,0,2225,0,0,2922,2922,0,0,0,0,0,0,0
2022-11-03 00:00:00+00:00,2022,11,3,port669,Luganville,Vanuatu,VUT,0,0,0,0,0,0,0,0,0,0,0,0,0,0,0,0,0,0,0,0,0
2022-11-03 00:00:00+00:00,2022,11,3,port980,Port Vila,Vanuatu,VUT,0,0,0,0,0,0,0,0,0,0,0,0,0,0,0,0,0,0,0,0,0
2022-11-02 00:00:00+00:00,2022,11,2,port669,Luganville,Vanuatu,VUT,0,0,0,0,0,0,0,0,0,0,0,0,0,0,0,0,0,0,0,0,0
2022-11-02 00:00:00+00:00,2022,11,2,port980,Port Vila,Vanuatu,VUT,1,0,0,0,0,1,1,0,0,0,0,0,0,0,778,0,0,0,0,778,778
2022-11-01 00:00:00+00:00,2022,11,1,port669,Luganville,Vanuatu,VUT,0,0,0,0,0,0,0,0,0,0,0,0,0,0,0,0,0,0,0,0,0
2022-11-01 00:00:00+00:00,2022,11,1,port980,Port Vila,Vanuatu,VUT,0,0,0,0,0,0,0,0,0,0,0,0,0,0,0,0,0,0,0,0,0
2022-10-31 00:00:00+00:00,2022,10,31,port669,Luganville,Vanuatu,VUT,0,0,0,0,0,0,0,0,0,0,0,0,0,0,0,0,0,0,0,0,0
2022-10-31 00:00:00+00:00,2022,10,31,port980,Port Vila,Vanuatu,VUT,0,0,0,0,0,0,0,0,0,0,0,0,0,0,0,0,0,0,0,0,0
2022-10-30 00:00:00+00:00,2022,10,30,port669,Luganville,Vanuatu,VUT,0,0,0,0,0,0,0,0,0,0,0,0,0,0,0,0,0,0,0,0,0
2022-10-30 00:00:00+00:00,2022,10,30,port980,Port Vila,Vanuatu,VUT,0,0,0,0,0,0,0,0,0,0,0,0,0,0,0,0,0,0,0,0,0
2022-10-29 00:00:00+00:00,2022,10,29,port669,Luganville,Vanuatu,VUT,0,0,0,0,0,0,0,0,0,0,0,0,0,0,0,0,0,0,0,0,0
2022-10-29 00:00:00+00:00,2022,10,29,port980,Port Vila,Vanuatu,VUT,0,0,0,0,0,0,0,0,0,0,0,0,0,0,0,0,0,0,0,0,0
2022-10-28 00:00:00+00:00,2022,10,28,port669,Luganville,Vanuatu,VUT,0,0,0,0,0,0,0,0,0,0,0,0,0,0,0,0,0,0,0,0,0
2022-10-28 00:00:00+00:00,2022,10,28,port980,Port Vila,Vanuatu,VUT,0,0,1,0,1,1,2,0,0,0,0,311,0,311,0,0,317,0,175,317,493
2022-10-27 00:00:00+00:00,2022,10,27,port669,Luganville,Vanuatu,VUT,0,0,0,0,0,0,0,0,0,0,0,0,0,0,0,0,0,0,0,0,0
2022-10-27 00:00:00+00:00,2022,10,27,port980,Port Vila,Vanuatu,VUT,0,0,0,0,0,0,0,0,0,0,0,0,0,0,0,0,0,0,0,0,0
2022-10-26 00:00:00+00:00,2022,10,26,port669,Luganville,Vanuatu,VUT,0,0,0,0,0,0,0,0,0,0,0,0,0,0,0,0,0,0,0,0,0
2022-10-26 00:00:00+00:00,2022,10,26,port980,Port Vila,Vanuatu,VUT,0,0,0,0,0,0,0,0,0,0,0,0,0,0,0,0,0,0,0,0,0
2022-10-25 00:00:00+00:00,2022,10,25,port669,Luganville,Vanuatu,VUT,0,0,0,0,0,0,0,0,0,0,0,0,0,0,0,0,0,0,0,0,0
2022-10-25 00:00:00+00:00,2022,10,25,port980,Port Vila,Vanuatu,VUT,0,0,0,0,0,0,0,0,0,0,0,0,0,0,0,0,0,0,0,0,0
2022-10-24 00:00:00+00:00,2022,10,24,port669,Luganville,Vanuatu,VUT,0,0,0,0,0,0,0,0,0,0,0,0,0,0,0,0,0,0,0,0,0
2022-10-24 00:00:00+00:00,2022,10,24,port980,Port Vila,Vanuatu,VUT,0,0,0,0,0,0,0,0,0,0,0,0,0,0,0,0,0,0,0,0,0
2022-10-23 00:00:00+00:00,2022,10,23,port669,Luganville,Vanuatu,VUT,0,0,0,0,0,0,0,0,0,0,0,0,0,0,0,0,0,0,0,0,0
2022-10-23 00:00:00+00:00,2022,10,23,port980,Port Vila,Vanuatu,VUT,0,0,0,0,0,0,0,0,0,0,0,0,0,0,0,0,0,0,0,0,0
2022-10-22 00:00:00+00:00,2022,10,22,port669,Luganville,Vanuatu,VUT,0,0,0,0,0,0,0,0,0,0,0,0,0,0,0,0,0,0,0,0,0
2022-10-22 00:00:00+00:00,2022,10,22,port980,Port Vila,Vanuatu,VUT,0,0,0,0,0,0,0,0,0,0,0,0,0,0,0,0,0,0,0,0,0
2022-10-21 00:00:00+00:00,2022,10,21,port669,Luganville,Vanuatu,VUT,0,0,0,0,0,0,0,0,0,0,0,0,0,0,0,0,0,0,0,0,0
2022-10-21 00:00:00+00:00,2022,10,21,port980,Port Vila,Vanuatu,VUT,0,0,0,0,0,0,0,0,0,0,0,0,0,0,0,0,0,0,0,0,0
2022-10-20 00:00:00+00:00,2022,10,20,port669,Luganville,Vanuatu,VUT,0,0,0,0,0,0,0,0,0,0,0,0,0,0,0,0,0,0,0,0,0
2022-10-20 00:00:00+00:00,2022,10,20,port980,Port Vila,Vanuatu,VUT,0,0,1,0,0,1,1,0,0,318,0,0,318,318,0,0,0,0,0,0,0
2022-10-19 00:00:00+00:00,2022,10,19,port669,Luganville,Vanuatu,VUT,0,0,0,0,0,0,0,0,0,0,0,0,0,0,0,0,0,0,0,0,0
2022-10-19 00:00:00+00:00,2022,10,19,port980,Port Vila,Vanuatu,VUT,1,0,0,0,0,1,1,989,0,0,0,0,989,989,0,0,0,0,0,0,0
2022-10-18 00:00:00+00:00,2022,10,18,port669,Luganville,Vanuatu,VUT,0,0,0,0,0,0,0,0,0,0,0,0,0,0,0,0,0,0,0,0,0
2022-10-18 00:00:00+00:00,2022,10,18,port980,Port Vila,Vanuatu,VUT,0,0,0,0,0,0,0,0,0,0,0,0,0,0,0,0,0,0,0,0,0
2022-10-17 00:00:00+00:00,2022,10,17,port669,Luganville,Vanuatu,VUT,1,0,1,0,0,2,2,1021,0,883,0,0,1905,1905,243,0,314,0,0,557,557
2022-10-17 00:00:00+00:00,2022,10,17,port980,Port Vila,Vanuatu,VUT,0,0,0,0,0,0,0,0,0,0,0,0,0,0,0,0,0,0,0,0,0
2022-10-16 00:00:00+00:00,2022,10,16,port669,Luganville,Vanuatu,VUT,0,0,0,0,0,0,0,0,0,0,0,0,0,0,0,0,0,0,0,0,0
2022-10-16 00:00:00+00:00,2022,10,16,port980,Port Vila,Vanuatu,VUT,0,0,0,0,0,0,0,0,0,0,0,0,0,0,0,0,0,0,0,0,0
2022-10-15 00:00:00+00:00,2022,10,15,port669,Luganville,Vanuatu,VUT,0,0,0,0,0,0,0,0,0,0,0,0,0,0,0,0,0,0,0,0,0
2022-10-15 00:00:00+00:00,2022,10,15,port980,Port Vila,Vanuatu,VUT,0,0,0,0,0,0,0,0,0,0,0,0,0,0,0,0,0,0,0,0,0
2022-10-14 00:00:00+00:00,2022,10,14,port669,Luganville,Vanuatu,VUT,0,0,0,0,0,0,0,0,0,0,0,0,0,0,0,0,0,0,0,0,0
2022-10-14 00:00:00+00:00,2022,10,14,port980,Port Vila,Vanuatu,VUT,0,0,0,0,0,0,0,0,0,0,0,0,0,0,0,0,0,0,0,0,0
2022-10-13 00:00:00+00:00,2022,10,13,port669,Luganville,Vanuatu,VUT,0,0,0,0,0,0,0,0,0,0,0,0,0,0,0,0,0,0,0,0,0
2022-10-13 00:00:00+00:00,2022,10,13,port980,Port Vila,Vanuatu,VUT,0,0,0,0,0,0,0,0,0,0,0,0,0,0,0,0,0,0,0,0,0
2022-10-12 00:00:00+00:00,2022,10,12,port669,Luganville,Vanuatu,VUT,0,0,0,0,0,0,0,0,0,0,0,0,0,0,0,0,0,0,0,0,0
2022-10-12 00:00:00+00:00,2022,10,12,port980,Port Vila,Vanuatu,VUT,0,0,0,0,0,0,0,0,0,0,0,0,0,0,0,0,0,0,0,0,0
2022-10-11 00:00:00+00:00,2022,10,11,port669,Luganville,Vanuatu,VUT,0,0,0,0,0,0,0,0,0,0,0,0,0,0,0,0,0,0,0,0,0
2022-10-11 00:00:00+00:00,2022,10,11,port980,Port Vila,Vanuatu,VUT,0,0,0,0,0,0,0,0,0,0,0,0,0,0,0,0,0,0,0,0,0
2022-10-10 00:00:00+00:00,2022,10,10,port669,Luganville,Vanuatu,VUT,0,0,0,0,0,0,0,0,0,0,0,0,0,0,0,0,0,0,0,0,0
2022-10-10 00:00:00+00:00,2022,10,10,port980,Port Vila,Vanuatu,VUT,0,0,0,0,0,0,0,0,0,0,0,0,0,0,0,0,0,0,0,0,0
2022-10-09 00:00:00+00:00,2022,10,9,port669,Luganville,Vanuatu,VUT,0,0,0,0,0,0,0,0,0,0,0,0,0,0,0,0,0,0,0,0,0
2022-10-09 00:00:00+00:00,2022,10,9,port980,Port Vila,Vanuatu,VUT,1,0,1,0,0,2,2,1752,0,832,0,0,2584,2584,0,0,183,0,0,183,183
2022-10-08 00:00:00+00:00,2022,10,8,port669,Luganville,Vanuatu,VUT,0,0,1,0,0,1,1,0,0,1401,0,0,1401,1401,0,0,0,0,0,0,0
2022-10-08 00:00:00+00:00,2022,10,8,port980,Port Vila,Vanuatu,VUT,0,0,0,0,0,0,0,0,0,0,0,0,0,0,0,0,0,0,0,0,0
2022-10-07 00:00:00+00:00,2022,10,7,port669,Luganville,Vanuatu,VUT,0,0,1,0,0,1,1,0,0,883,0,0,883,883,0,0,314,0,0,314,314
2022-10-07 00:00:00+00:00,2022,10,7,port980,Port Vila,Vanuatu,VUT,0,0,0,0,0,0,0,0,0,0,0,0,0,0,0,0,0,0,0,0,0
2022-10-06 00:00:00+00:00,2022,10,6,port669,Luganville,Vanuatu,VUT,0,0,0,0,0,0,0,0,0,0,0,0,0,0,0,0,0,0,0,0,0
2022-10-06 00:00:00+00:00,2022,10,6,port980,Port Vila,Vanuatu,VUT,0,0,1,0,0,1,1,0,0,1619,0,0,1619,1619,0,0,0,0,0,0,0
2022-10-05 00:00:00+00:00,2022,10,5,port669,Luganville,Vanuatu,VUT,0,0,0,0,0,0,0,0,0,0,0,0,0,0,0,0,0,0,0,0,0
2022-10-05 00:00:00+00:00,2022,10,5,port980,Port Vila,Vanuatu,VUT,0,0,0,0,0,0,0,0,0,0,0,0,0,0,0,0,0,0,0,0,0
2022-10-04 00:00:00+00:00,2022,10,4,port669,Luganville,Vanuatu,VUT,0,0,0,0,1,0,1,0,0,0,0,1570,0,1570,0,0,0,0,0,0,0
2022-10-04 00:00:00+00:00,2022,10,4,port980,Port Vila,Vanuatu,VUT,0,0,0,0,0,0,0,0,0,0,0,0,0,0,0,0,0,0,0,0,0
2022-10-03 00:00:00+00:00,2022,10,3,port669,Luganville,Vanuatu,VUT,0,0,0,0,0,0,0,0,0,0,0,0,0,0,0,0,0,0,0,0,0
2022-10-03 00:00:00+00:00,2022,10,3,port980,Port Vila,Vanuatu,VUT,1,0,0,0,1,1,2,2193,0,0,0,6748,2193,8942,0,0,0,0,56,0,56
2022-10-02 00:00:00+00:00,2022,10,2,port669,Luganville,Vanuatu,VUT,0,0,0,0,0,0,0,0,0,0,0,0,0,0,0,0,0,0,0,0,0
2022-10-02 00:00:00+00:00,2022,10,2,port980,Port Vila,Vanuatu,VUT,0,0,0,0,0,0,0,0,0,0,0,0,0,0,0,0,0,0,0,0,0
2022-10-01 00:00:00+00:00,2022,10,1,port669,Luganville,Vanuatu,VUT,0,0,0,0,0,0,0,0,0,0,0,0,0,0,0,0,0,0,0,0,0
2022-10-01 00:00:00+00:00,2022,10,1,port980,Port Vila,Vanuatu,VUT,0,0,0,0,0,0,0,0,0,0,0,0,0,0,0,0,0,0,0,0,0
2022-09-30 00:00:00+00:00,2022,9,30,port669,Luganville,Vanuatu,VUT,0,0,0,0,0,0,0,0,0,0,0,0,0,0,0,0,0,0,0,0,0
2022-09-30 00:00:00+00:00,2022,9,30,port980,Port Vila,Vanuatu,VUT,2,0,0,0,1,2,3,958,0,0,0,311,958,1270,318,0,0,0,175,318,493
2022-09-29 00:00:00+00:00,2022,9,29,port669,Luganville,Vanuatu,VUT,0,0,1,0,0,1,1,0,0,883,0,0,883,883,0,0,314,0,0,314,314
2022-09-29 00:00:00+00:00,2022,9,29,port980,Port Vila,Vanuatu,VUT,0,0,0,0,0,0,0,0,0,0,0,0,0,0,0,0,0,0,0,0,0
2022-09-28 00:00:00+00:00,2022,9,28,port669,Luganville,Vanuatu,VUT,0,0,0,0,0,0,0,0,0,0,0,0,0,0,0,0,0,0,0,0,0
2022-09-28 00:00:00+00:00,2022,9,28,port980,Port Vila,Vanuatu,VUT,0,0,0,0,0,0,0,0,0,0,0,0,0,0,0,0,0,0,0,0,0
2022-09-27 00:00:00+00:00,2022,9,27,port669,Luganville,Vanuatu,VUT,0,0,0,0,0,0,0,0,0,0,0,0,0,0,0,0,0,0,0,0,0
2022-09-27 00:00:00+00:00,2022,9,27,port980,Port Vila,Vanuatu,VUT,0,0,0,0,0,0,0,0,0,0,0,0,0,0,0,0,0,0,0,0,0
2022-09-26 00:00:00+00:00,2022,9,26,port669,Luganville,Vanuatu,VUT,0,0,0,0,0,0,0,0,0,0,0,0,0,0,0,0,0,0,0,0,0
2022-09-26 00:00:00+00:00,2022,9,26,port980,Port Vila,Vanuatu,VUT,0,0,0,0,0,0,0,0,0,0,0,0,0,0,0,0,0,0,0,0,0
2022-09-25 00:00:00+00:00,2022,9,25,port669,Luganville,Vanuatu,VUT,0,0,0,0,0,0,0,0,0,0,0,0,0,0,0,0,0,0,0,0,0
2022-09-25 00:00:00+00:00,2022,9,25,port980,Port Vila,Vanuatu,VUT,0,0,0,0,0,0,0,0,0,0,0,0,0,0,0,0,0,0,0,0,0
2022-09-24 00:00:00+00:00,2022,9,24,port669,Luganville,Vanuatu,VUT,0,0,0,0,0,0,0,0,0,0,0,0,0,0,0,0,0,0,0,0,0
2022-09-24 00:00:00+00:00,2022,9,24,port980,Port Vila,Vanuatu,VUT,0,0,0,0,0,0,0,0,0,0,0,0,0,0,0,0,0,0,0,0,0
2022-09-23 00:00:00+00:00,2022,9,23,port669,Luganville,Vanuatu,VUT,0,0,0,0,0,0,0,0,0,0,0,0,0,0,0,0,0,0,0,0,0
2022-09-23 00:00:00+00:00,2022,9,23,port980,Port Vila,Vanuatu,VUT,1,0,0,0,0,1,1,660,0,0,0,0,660,660,0,0,0,0,0,0,0
2022-09-22 00:00:00+00:00,2022,9,22,port669,Luganville,Vanuatu,VUT,1,0,0,0,0,1,1,393,0,0,0,0,393,393,0,0,0,0,0,0,0
2022-09-22 00:00:00+00:00,2022,9,22,port980,Port Vila,Vanuatu,VUT,0,0,0,0,0,0,0,0,0,0,0,0,0,0,0,0,0,0,0,0,0
2022-09-21 00:00:00+00:00,2022,9,21,port669,Luganville,Vanuatu,VUT,0,0,0,0,0,0,0,0,0,0,0,0,0,0,0,0,0,0,0,0,0
2022-09-21 00:00:00+00:00,2022,9,21,port980,Port Vila,Vanuatu,VUT,1,0,0,0,0,1,1,0,0,0,0,0,0,0,778,0,0,0,0,778,778
2022-09-20 00:00:00+00:00,2022,9,20,port669,Luganville,Vanuatu,VUT,0,0,0,0,0,0,0,0,0,0,0,0,0,0,0,0,0,0,0,0,0
2022-09-20 00:00:00+00:00,2022,9,20,port980,Port Vila,Vanuatu,VUT,0,0,0,0,0,0,0,0,0,0,0,0,0,0,0,0,0,0,0,0,0
2022-09-19 00:00:00+00:00,2022,9,19,port669,Luganville,Vanuatu,VUT,0,0,0,0,0,0,0,0,0,0,0,0,0,0,0,0,0,0,0,0,0
2022-09-19 00:00:00+00:00,2022,9,19,port980,Port Vila,Vanuatu,VUT,0,0,0,0,0,0,0,0,0,0,0,0,0,0,0,0,0,0,0,0,0
2022-09-18 00:00:00+00:00,2022,9,18,port669,Luganville,Vanuatu,VUT,0,0,0,0,0,0,0,0,0,0,0,0,0,0,0,0,0,0,0,0,0
2022-09-18 00:00:00+00:00,2022,9,18,port980,Port Vila,Vanuatu,VUT,0,0,0,0,0,0,0,0,0,0,0,0,0,0,0,0,0,0,0,0,0
2022-09-17 00:00:00+00:00,2022,9,17,port669,Luganville,Vanuatu,VUT,0,0,0,0,0,0,0,0,0,0,0,0,0,0,0,0,0,0,0,0,0
2022-09-17 00:00:00+00:00,2022,9,17,port980,Port Vila,Vanuatu,VUT,0,0,0,0,0,0,0,0,0,0,0,0,0,0,0,0,0,0,0,0,0
2022-09-16 00:00:00+00:00,2022,9,16,port669,Luganville,Vanuatu,VUT,0,0,0,0,0,0,0,0,0,0,0,0,0,0,0,0,0,0,0,0,0
2022-09-16 00:00:00+00:00,2022,9,16,port980,Port Vila,Vanuatu,VUT,0,0,0,0,0,0,0,0,0,0,0,0,0,0,0,0,0,0,0,0,0
2022-09-15 00:00:00+00:00,2022,9,15,port669,Luganville,Vanuatu,VUT,0,0,0,0,0,0,0,0,0,0,0,0,0,0,0,0,0,0,0,0,0
2022-09-15 00:00:00+00:00,2022,9,15,port980,Port Vila,Vanuatu,VUT,0,0,0,0,0,0,0,0,0,0,0,0,0,0,0,0,0,0,0,0,0
2022-09-14 00:00:00+00:00,2022,9,14,port669,Luganville,Vanuatu,VUT,0,0,0,0,0,0,0,0,0,0,0,0,0,0,0,0,0,0,0,0,0
2022-09-14 00:00:00+00:00,2022,9,14,port980,Port Vila,Vanuatu,VUT,0,0,0,0,0,0,0,0,0,0,0,0,0,0,0,0,0,0,0,0,0
2022-09-13 00:00:00+00:00,2022,9,13,port669,Luganville,Vanuatu,VUT,0,0,1,0,0,1,1,0,0,883,0,0,883,883,0,0,314,0,0,314,314
2022-09-13 00:00:00+00:00,2022,9,13,port980,Port Vila,Vanuatu,VUT,0,0,0,0,0,0,0,0,0,0,0,0,0,0,0,0,0,0,0,0,0
2022-09-12 00:00:00+00:00,2022,9,12,port669,Luganville,Vanuatu,VUT,0,0,0,0,0,0,0,0,0,0,0,0,0,0,0,0,0,0,0,0,0
2022-09-12 00:00:00+00:00,2022,9,12,port980,Port Vila,Vanuatu,VUT,0,0,0,0,0,0,0,0,0,0,0,0,0,0,0,0,0,0,0,0,0
2022-09-11 00:00:00+00:00,2022,9,11,port669,Luganville,Vanuatu,VUT,0,0,0,0,0,0,0,0,0,0,0,0,0,0,0,0,0,0,0,0,0
2022-09-11 00:00:00+00:00,2022,9,11,port980,Port Vila,Vanuatu,VUT,0,0,0,0,0,0,0,0,0,0,0,0,0,0,0,0,0,0,0,0,0
2022-09-10 00:00:00+00:00,2022,9,10,port669,Luganville,Vanuatu,VUT,0,0,0,0,0,0,0,0,0,0,0,0,0,0,0,0,0,0,0,0,0
2022-09-10 00:00:00+00:00,2022,9,10,port980,Port Vila,Vanuatu,VUT,0,0,0,0,0,0,0,0,0,0,0,0,0,0,0,0,0,0,0,0,0
2022-09-09 00:00:00+00:00,2022,9,9,port669,Luganville,Vanuatu,VUT,0,0,0,0,0,0,0,0,0,0,0,0,0,0,0,0,0,0,0,0,0
2022-09-09 00:00:00+00:00,2022,9,9,port980,Port Vila,Vanuatu,VUT,0,0,1,0,0,1,1,0,0,1011,0,0,1011,1011,0,0,0,0,0,0,0
2022-09-08 00:00:00+00:00,2022,9,8,port669,Luganville,Vanuatu,VUT,0,0,0,0,0,0,0,0,0,0,0,0,0,0,0,0,0,0,0,0,0
2022-09-08 00:00:00+00:00,2022,9,8,port980,Port Vila,Vanuatu,VUT,0,0,0,0,0,0,0,0,0,0,0,0,0,0,0,0,0,0,0,0,0
2022-09-07 00:00:00+00:00,2022,9,7,port669,Luganville,Vanuatu,VUT,0,0,1,0,0,1,1,0,0,0,0,0,0,0,0,0,316,0,0,316,316
2022-09-07 00:00:00+00:00,2022,9,7,port980,Port Vila,Vanuatu,VUT,0,0,0,0,0,0,0,0,0,0,0,0,0,0,0,0,0,0,0,0,0
2022-09-06 00:00:00+00:00,2022,9,6,port669,Luganville,Vanuatu,VUT,0,0,0,0,0,0,0,0,0,0,0,0,0,0,0,0,0,0,0,0,0
2022-09-06 00:00:00+00:00,2022,9,6,port980,Port Vila,Vanuatu,VUT,0,0,0,0,0,0,0,0,0,0,0,0,0,0,0,0,0,0,0,0,0
2022-09-05 00:00:00+00:00,2022,9,5,port669,Luganville,Vanuatu,VUT,0,0,0,0,0,0,0,0,0,0,0,0,0,0,0,0,0,0,0,0,0
2022-09-05 00:00:00+00:00,2022,9,5,port980,Port Vila,Vanuatu,VUT,0,0,1,0,0,1,1,0,0,0,0,0,0,0,0,0,319,0,0,319,319
2022-09-04 00:00:00+00:00,2022,9,4,port669,Luganville,Vanuatu,VUT,0,0,0,0,0,0,0,0,0,0,0,0,0,0,0,0,0,0,0,0,0
2022-09-04 00:00:00+00:00,2022,9,4,port980,Port Vila,Vanuatu,VUT,1,0,0,0,0,1,1,0,0,0,0,0,0,0,348,0,0,0,0,348,348
2022-09-03 00:00:00+00:00,2022,9,3,port669,Luganville,Vanuatu,VUT,0,0,0,0,0,0,0,0,0,0,0,0,0,0,0,0,0,0,0,0,0
2022-09-03 00:00:00+00:00,2022,9,3,port980,Port Vila,Vanuatu,VUT,0,0,0,0,0,0,0,0,0,0,0,0,0,0,0,0,0,0,0,0,0
2022-09-02 00:00:00+00:00,2022,9,2,port669,Luganville,Vanuatu,VUT,0,0,0,0,0,0,0,0,0,0,0,0,0,0,0,0,0,0,0,0,0
2022-09-02 00:00:00+00:00,2022,9,2,port980,Port Vila,Vanuatu,VUT,0,0,0,0,1,0,1,0,0,0,0,311,0,311,0,0,0,0,175,0,175
2022-09-01 00:00:00+00:00,2022,9,1,port669,Luganville,Vanuatu,VUT,0,0,0,0,0,0,0,0,0,0,0,0,0,0,0,0,0,0,0,0,0
2022-09-01 00:00:00+00:00,2022,9,1,port980,Port Vila,Vanuatu,VUT,0,0,0,0,0,0,0,0,0,0,0,0,0,0,0,0,0,0,0,0,0
2022-08-31 00:00:00+00:00,2022,8,31,port669,Luganville,Vanuatu,VUT,0,0,0,0,0,0,0,0,0,0,0,0,0,0,0,0,0,0,0,0,0
2022-08-31 00:00:00+00:00,2022,8,31,port980,Port Vila,Vanuatu,VUT,0,0,0,0,0,0,0,0,0,0,0,0,0,0,0,0,0,0,0,0,0
2022-08-30 00:00:00+00:00,2022,8,30,port669,Luganville,Vanuatu,VUT,0,0,0,0,0,0,0,0,0,0,0,0,0,0,0,0,0,0,0,0,0
2022-08-30 00:00:00+00:00,2022,8,30,port980,Port Vila,Vanuatu,VUT,0,0,0,0,0,0,0,0,0,0,0,0,0,0,0,0,0,0,0,0,0
2022-08-29 00:00:00+00:00,2022,8,29,port669,Luganville,Vanuatu,VUT,0,0,0,0,0,0,0,0,0,0,0,0,0,0,0,0,0,0,0,0,0
2022-08-29 00:00:00+00:00,2022,8,29,port980,Port Vila,Vanuatu,VUT,0,0,0,0,0,0,0,0,0,0,0,0,0,0,0,0,0,0,0,0,0
2022-08-28 00:00:00+00:00,2022,8,28,port669,Luganville,Vanuatu,VUT,0,0,0,0,0,0,0,0,0,0,0,0,0,0,0,0,0,0,0,0,0
2022-08-28 00:00:00+00:00,2022,8,28,port980,Port Vila,Vanuatu,VUT,1,0,0,0,0,1,1,2559,0,0,0,0,2559,2559,0,0,0,0,0,0,0
2022-08-27 00:00:00+00:00,2022,8,27,port669,Luganville,Vanuatu,VUT,0,0,0,0,0,0,0,0,0,0,0,0,0,0,0,0,0,0,0,0,0
2022-08-27 00:00:00+00:00,2022,8,27,port980,Port Vila,Vanuatu,VUT,0,0,0,0,1,0,1,0,0,0,0,0,0,0,0,0,0,0,0,0,0
2022-08-26 00:00:00+00:00,2022,8,26,port669,Luganville,Vanuatu,VUT,0,0,0,0,0,0,0,0,0,0,0,0,0,0,0,0,0,0,0,0,0
2022-08-26 00:00:00+00:00,2022,8,26,port980,Port Vila,Vanuatu,VUT,1,0,0,0,0,1,1,0,0,0,0,0,0,0,1559,0,0,0,0,1559,1559
2022-08-25 00:00:00+00:00,2022,8,25,port669,Luganville,Vanuatu,VUT,0,0,0,0,0,0,0,0,0,0,0,0,0,0,0,0,0,0,0,0,0
2022-08-25 00:00:00+00:00,2022,8,25,port980,Port Vila,Vanuatu,VUT,0,0,0,0,0,0,0,0,0,0,0,0,0,0,0,0,0,0,0,0,0
2022-08-24 00:00:00+00:00,2022,8,24,port669,Luganville,Vanuatu,VUT,0,0,0,0,0,0,0,0,0,0,0,0,0,0,0,0,0,0,0,0,0
2022-08-24 00:00:00+00:00,2022,8,24,port980,Port Vila,Vanuatu,VUT,0,0,1,0,0,1,1,0,0,0,0,0,0,0,0,0,634,0,0,634,634
2022-08-23 00:00:00+00:00,2022,8,23,port669,Luganville,Vanuatu,VUT,0,0,0,0,0,0,0,0,0,0,0,0,0,0,0,0,0,0,0,0,0
2022-08-23 00:00:00+00:00,2022,8,23,port980,Port Vila,Vanuatu,VUT,1,0,0,0,0,1,1,881,0,0,0,0,881,881,0,0,0,0,0,0,0
2022-08-22 00:00:00+00:00,2022,8,22,port669,Luganville,Vanuatu,VUT,0,0,0,0,0,0,0,0,0,0,0,0,0,0,0,0,0,0,0,0,0
2022-08-22 00:00:00+00:00,2022,8,22,port980,Port Vila,Vanuatu,VUT,0,0,0,0,0,0,0,0,0,0,0,0,0,0,0,0,0,0,0,0,0
2022-08-21 00:00:00+00:00,2022,8,21,port669,Luganville,Vanuatu,VUT,0,0,0,0,0,0,0,0,0,0,0,0,0,0,0,0,0,0,0,0,0
2022-08-21 00:00:00+00:00,2022,8,21,port980,Port Vila,Vanuatu,VUT,0,0,0,0,0,0,0,0,0,0,0,0,0,0,0,0,0,0,0,0,0
2022-08-20 00:00:00+00:00,2022,8,20,port669,Luganville,Vanuatu,VUT,0,0,0,0,0,0,0,0,0,0,0,0,0,0,0,0,0,0,0,0,0
2022-08-20 00:00:00+00:00,2022,8,20,port980,Port Vila,Vanuatu,VUT,0,0,0,0,0,0,0,0,0,0,0,0,0,0,0,0,0,0,0,0,0
2022-08-19 00:00:00+00:00,2022,8,19,port669,Luganville,Vanuatu,VUT,0,0,0,0,0,0,0,0,0,0,0,0,0,0,0,0,0,0,0,0,0
2022-08-19 00:00:00+00:00,2022,8,19,port980,Port Vila,Vanuatu,VUT,0,0,0,0,0,0,0,0,0,0,0,0,0,0,0,0,0,0,0,0,0
2022-08-18 00:00:00+00:00,2022,8,18,port669,Luganville,Vanuatu,VUT,0,0,0,0,0,0,0,0,0,0,0,0,0,0,0,0,0,0,0,0,0
2022-08-18 00:00:00+00:00,2022,8,18,port980,Port Vila,Vanuatu,VUT,0,0,0,0,0,0,0,0,0,0,0,0,0,0,0,0,0,0,0,0,0
2022-08-17 00:00:00+00:00,2022,8,17,port669,Luganville,Vanuatu,VUT,1,0,0,0,0,1,1,1561,0,0,0,0,1561,1561,0,0,0,0,0,0,0
2022-08-17 00:00:00+00:00,2022,8,17,port980,Port Vila,Vanuatu,VUT,0,0,0,0,0,0,0,0,0,0,0,0,0,0,0,0,0,0,0,0,0
2022-08-16 00:00:00+00:00,2022,8,16,port669,Luganville,Vanuatu,VUT,0,0,1,0,0,1,1,0,0,599,0,0,599,599,0,0,0,0,0,0,0
2022-08-16 00:00:00+00:00,2022,8,16,port980,Port Vila,Vanuatu,VUT,0,0,0,0,0,0,0,0,0,0,0,0,0,0,0,0,0,0,0,0,0
2022-08-15 00:00:00+00:00,2022,8,15,port669,Luganville,Vanuatu,VUT,0,0,0,0,0,0,0,0,0,0,0,0,0,0,0,0,0,0,0,0,0
2022-08-15 00:00:00+00:00,2022,8,15,port980,Port Vila,Vanuatu,VUT,0,0,0,0,0,0,0,0,0,0,0,0,0,0,0,0,0,0,0,0,0
2022-08-14 00:00:00+00:00,2022,8,14,port669,Luganville,Vanuatu,VUT,0,0,0,0,0,0,0,0,0,0,0,0,0,0,0,0,0,0,0,0,0
2022-08-14 00:00:00+00:00,2022,8,14,port980,Port Vila,Vanuatu,VUT,0,0,0,0,0,0,0,0,0,0,0,0,0,0,0,0,0,0,0,0,0
2022-08-13 00:00:00+00:00,2022,8,13,port669,Luganville,Vanuatu,VUT,0,0,0,0,0,0,0,0,0,0,0,0,0,0,0,0,0,0,0,0,0
2022-08-13 00:00:00+00:00,2022,8,13,port980,Port Vila,Vanuatu,VUT,0,0,1,0,0,1,1,0,0,1410,0,0,1410,1410,0,0,0,0,0,0,0
2022-08-12 00:00:00+00:00,2022,8,12,port669,Luganville,Vanuatu,VUT,0,0,0,0,0,0,0,0,0,0,0,0,0,0,0,0,0,0,0,0,0
2022-08-12 00:00:00+00:00,2022,8,12,port980,Port Vila,Vanuatu,VUT,0,0,0,0,0,0,0,0,0,0,0,0,0,0,0,0,0,0,0,0,0
2022-08-11 00:00:00+00:00,2022,8,11,port669,Luganville,Vanuatu,VUT,0,0,0,0,0,0,0,0,0,0,0,0,0,0,0,0,0,0,0,0,0
2022-08-11 00:00:00+00:00,2022,8,11,port980,Port Vila,Vanuatu,VUT,0,0,0,0,0,0,0,0,0,0,0,0,0,0,0,0,0,0,0,0,0
2022-08-10 00:00:00+00:00,2022,8,10,port669,Luganville,Vanuatu,VUT,0,0,0,0,0,0,0,0,0,0,0,0,0,0,0,0,0,0,0,0,0
2022-08-10 00:00:00+00:00,2022,8,10,port980,Port Vila,Vanuatu,VUT,0,0,0,0,0,0,0,0,0,0,0,0,0,0,0,0,0,0,0,0,0
2022-08-09 00:00:00+00:00,2022,8,9,port669,Luganville,Vanuatu,VUT,0,0,0,0,0,0,0,0,0,0,0,0,0,0,0,0,0,0,0,0,0
2022-08-09 00:00:00+00:00,2022,8,9,port980,Port Vila,Vanuatu,VUT,0,0,0,0,0,0,0,0,0,0,0,0,0,0,0,0,0,0,0,0,0
2022-08-08 00:00:00+00:00,2022,8,8,port669,Luganville,Vanuatu,VUT,0,0,0,0,0,0,0,0,0,0,0,0,0,0,0,0,0,0,0,0,0
2022-08-08 00:00:00+00:00,2022,8,8,port980,Port Vila,Vanuatu,VUT,0,0,0,0,0,0,0,0,0,0,0,0,0,0,0,0,0,0,0,0,0
2022-08-07 00:00:00+00:00,2022,8,7,port669,Luganville,Vanuatu,VUT,0,0,0,0,0,0,0,0,0,0,0,0,0,0,0,0,0,0,0,0,0
2022-08-07 00:00:00+00:00,2022,8,7,port980,Port Vila,Vanuatu,VUT,0,0,0,0,0,0,0,0,0,0,0,0,0,0,0,0,0,0,0,0,0
2022-08-06 00:00:00+00:00,2022,8,6,port669,Luganville,Vanuatu,VUT,0,0,0,0,0,0,0,0,0,0,0,0,0,0,0,0,0,0,0,0,0
2022-08-06 00:00:00+00:00,2022,8,6,port980,Port Vila,Vanuatu,VUT,0,0,0,0,0,0,0,0,0,0,0,0,0,0,0,0,0,0,0,0,0
2022-08-05 00:00:00+00:00,2022,8,5,port669,Luganville,Vanuatu,VUT,0,0,0,0,0,0,0,0,0,0,0,0,0,0,0,0,0,0,0,0,0
2022-08-05 00:00:00+00:00,2022,8,5,port980,Port Vila,Vanuatu,VUT,0,0,0,0,0,0,0,0,0,0,0,0,0,0,0,0,0,0,0,0,0
2022-08-04 00:00:00+00:00,2022,8,4,port669,Luganville,Vanuatu,VUT,0,0,0,0,0,0,0,0,0,0,0,0,0,0,0,0,0,0,0,0,0
2022-08-04 00:00:00+00:00,2022,8,4,port980,Port Vila,Vanuatu,VUT,1,0,0,0,0,1,1,3068,0,0,0,0,3068,3068,0,0,0,0,0,0,0
2022-08-03 00:00:00+00:00,2022,8,3,port669,Luganville,Vanuatu,VUT,0,0,0,0,0,0,0,0,0,0,0,0,0,0,0,0,0,0,0,0,0
2022-08-03 00:00:00+00:00,2022,8,3,port980,Port Vila,Vanuatu,VUT,0,0,0,0,0,0,0,0,0,0,0,0,0,0,0,0,0,0,0,0,0
2022-08-02 00:00:00+00:00,2022,8,2,port669,Luganville,Vanuatu,VUT,0,0,1,0,0,1,1,0,0,0,0,0,0,0,0,0,842,0,0,842,842
2022-08-02 00:00:00+00:00,2022,8,2,port980,Port Vila,Vanuatu,VUT,0,0,0,0,0,0,0,0,0,0,0,0,0,0,0,0,0,0,0,0,0
2022-08-01 00:00:00+00:00,2022,8,1,port669,Luganville,Vanuatu,VUT,0,0,0,0,0,0,0,0,0,0,0,0,0,0,0,0,0,0,0,0,0
2022-08-01 00:00:00+00:00,2022,8,1,port980,Port Vila,Vanuatu,VUT,0,0,0,0,0,0,0,0,0,0,0,0,0,0,0,0,0,0,0,0,0
2022-07-31 00:00:00+00:00,2022,7,31,port669,Luganville,Vanuatu,VUT,0,0,0,0,0,0,0,0,0,0,0,0,0,0,0,0,0,0,0,0,0
2022-07-31 00:00:00+00:00,2022,7,31,port980,Port Vila,Vanuatu,VUT,0,0,0,0,0,0,0,0,0,0,0,0,0,0,0,0,0,0,0,0,0
2022-07-30 00:00:00+00:00,2022,7,30,port669,Luganville,Vanuatu,VUT,0,0,1,0,0,1,1,0,0,883,0,0,883,883,0,0,314,0,0,314,314
2022-07-30 00:00:00+00:00,2022,7,30,port980,Port Vila,Vanuatu,VUT,0,0,0,0,1,0,1,0,0,0,0,311,0,311,0,0,0,0,175,0,175
2022-07-29 00:00:00+00:00,2022,7,29,port669,Luganville,Vanuatu,VUT,0,0,0,0,0,0,0,0,0,0,0,0,0,0,0,0,0,0,0,0,0
2022-07-29 00:00:00+00:00,2022,7,29,port980,Port Vila,Vanuatu,VUT,0,0,0,0,0,0,0,0,0,0,0,0,0,0,0,0,0,0,0,0,0
2022-07-28 00:00:00+00:00,2022,7,28,port669,Luganville,Vanuatu,VUT,0,0,0,0,0,0,0,0,0,0,0,0,0,0,0,0,0,0,0,0,0
2022-07-28 00:00:00+00:00,2022,7,28,port980,Port Vila,Vanuatu,VUT,1,0,0,0,1,1,2,635,0,0,0,0,635,635,0,0,0,0,0,0,0
2022-07-27 00:00:00+00:00,2022,7,27,port669,Luganville,Vanuatu,VUT,0,0,0,0,0,0,0,0,0,0,0,0,0,0,0,0,0,0,0,0,0
2022-07-27 00:00:00+00:00,2022,7,27,port980,Port Vila,Vanuatu,VUT,1,0,0,0,0,1,1,0,0,0,0,0,0,0,1555,0,0,0,0,1555,1555
2022-07-26 00:00:00+00:00,2022,7,26,port669,Luganville,Vanuatu,VUT,0,0,0,0,0,0,0,0,0,0,0,0,0,0,0,0,0,0,0,0,0
2022-07-26 00:00:00+00:00,2022,7,26,port980,Port Vila,Vanuatu,VUT,0,0,0,0,0,0,0,0,0,0,0,0,0,0,0,0,0,0,0,0,0
2022-07-25 00:00:00+00:00,2022,7,25,port669,Luganville,Vanuatu,VUT,0,0,0,0,0,0,0,0,0,0,0,0,0,0,0,0,0,0,0,0,0
2022-07-25 00:00:00+00:00,2022,7,25,port980,Port Vila,Vanuatu,VUT,0,0,0,0,0,0,0,0,0,0,0,0,0,0,0,0,0,0,0,0,0
2022-07-24 00:00:00+00:00,2022,7,24,port669,Luganville,Vanuatu,VUT,0,0,0,0,0,0,0,0,0,0,0,0,0,0,0,0,0,0,0,0,0
2022-07-24 00:00:00+00:00,2022,7,24,port980,Port Vila,Vanuatu,VUT,0,0,0,0,0,0,0,0,0,0,0,0,0,0,0,0,0,0,0,0,0
2022-07-23 00:00:00+00:00,2022,7,23,port669,Luganville,Vanuatu,VUT,0,0,1,0,0,1,1,0,0,1810,0,0,1810,1810,0,0,0,0,0,0,0
2022-07-23 00:00:00+00:00,2022,7,23,port980,Port Vila,Vanuatu,VUT,0,0,0,0,0,0,0,0,0,0,0,0,0,0,0,0,0,0,0,0,0
2022-07-22 00:00:00+00:00,2022,7,22,port669,Luganville,Vanuatu,VUT,0,0,0,0,0,0,0,0,0,0,0,0,0,0,0,0,0,0,0,0,0
2022-07-22 00:00:00+00:00,2022,7,22,port980,Port Vila,Vanuatu,VUT,0,0,0,0,0,0,0,0,0,0,0,0,0,0,0,0,0,0,0,0,0
2022-07-21 00:00:00+00:00,2022,7,21,port669,Luganville,Vanuatu,VUT,0,0,0,0,0,0,0,0,0,0,0,0,0,0,0,0,0,0,0,0,0
2022-07-21 00:00:00+00:00,2022,7,21,port980,Port Vila,Vanuatu,VUT,0,0,1,0,0,1,1,0,0,832,0,0,832,832,0,0,183,0,0,183,183
2022-07-20 00:00:00+00:00,2022,7,20,port669,Luganville,Vanuatu,VUT,0,0,0,0,0,0,0,0,0,0,0,0,0,0,0,0,0,0,0,0,0
2022-07-20 00:00:00+00:00,2022,7,20,port980,Port Vila,Vanuatu,VUT,0,0,1,0,0,1,1,0,0,832,0,0,832,832,0,0,183,0,0,183,183
2022-07-19 00:00:00+00:00,2022,7,19,port669,Luganville,Vanuatu,VUT,0,0,0,0,0,0,0,0,0,0,0,0,0,0,0,0,0,0,0,0,0
2022-07-19 00:00:00+00:00,2022,7,19,port980,Port Vila,Vanuatu,VUT,1,0,0,0,0,1,1,0,0,0,0,0,0,0,325,0,0,0,0,325,325
2022-07-18 00:00:00+00:00,2022,7,18,port669,Luganville,Vanuatu,VUT,0,0,0,0,0,0,0,0,0,0,0,0,0,0,0,0,0,0,0,0,0
2022-07-18 00:00:00+00:00,2022,7,18,port980,Port Vila,Vanuatu,VUT,0,0,0,0,0,0,0,0,0,0,0,0,0,0,0,0,0,0,0,0,0
2022-07-17 00:00:00+00:00,2022,7,17,port669,Luganville,Vanuatu,VUT,0,0,0,0,0,0,0,0,0,0,0,0,0,0,0,0,0,0,0,0,0
2022-07-17 00:00:00+00:00,2022,7,17,port980,Port Vila,Vanuatu,VUT,0,0,0,0,0,0,0,0,0,0,0,0,0,0,0,0,0,0,0,0,0
2022-07-16 00:00:00+00:00,2022,7,16,port669,Luganville,Vanuatu,VUT,0,0,0,0,0,0,0,0,0,0,0,0,0,0,0,0,0,0,0,0,0
2022-07-16 00:00:00+00:00,2022,7,16,port980,Port Vila,Vanuatu,VUT,0,0,0,0,0,0,0,0,0,0,0,0,0,0,0,0,0,0,0,0,0
2022-07-15 00:00:00+00:00,2022,7,15,port669,Luganville,Vanuatu,VUT,0,0,0,0,0,0,0,0,0,0,0,0,0,0,0,0,0,0,0,0,0
2022-07-15 00:00:00+00:00,2022,7,15,port980,Port Vila,Vanuatu,VUT,0,0,0,0,0,0,0,0,0,0,0,0,0,0,0,0,0,0,0,0,0
2022-07-14 00:00:00+00:00,2022,7,14,port669,Luganville,Vanuatu,VUT,0,0,0,0,0,0,0,0,0,0,0,0,0,0,0,0,0,0,0,0,0
2022-07-14 00:00:00+00:00,2022,7,14,port980,Port Vila,Vanuatu,VUT,0,0,0,0,0,0,0,0,0,0,0,0,0,0,0,0,0,0,0,0,0
2022-07-13 00:00:00+00:00,2022,7,13,port669,Luganville,Vanuatu,VUT,1,0,0,0,0,1,1,1021,0,0,0,0,1021,1021,243,0,0,0,0,243,243
2022-07-13 00:00:00+00:00,2022,7,13,port980,Port Vila,Vanuatu,VUT,0,0,0,0,0,0,0,0,0,0,0,0,0,0,0,0,0,0,0,0,0
2022-07-12 00:00:00+00:00,2022,7,12,port669,Luganville,Vanuatu,VUT,0,0,1,0,0,1,1,0,0,954,0,0,954,954,0,0,0,0,0,0,0
2022-07-12 00:00:00+00:00,2022,7,12,port980,Port Vila,Vanuatu,VUT,0,0,0,0,0,0,0,0,0,0,0,0,0,0,0,0,0,0,0,0,0
2022-07-11 00:00:00+00:00,2022,7,11,port669,Luganville,Vanuatu,VUT,0,0,0,0,0,0,0,0,0,0,0,0,0,0,0,0,0,0,0,0,0
2022-07-11 00:00:00+00:00,2022,7,11,port980,Port Vila,Vanuatu,VUT,0,0,1,0,0,1,1,0,0,0,0,0,0,0,0,0,318,0,0,318,318
2022-07-10 00:00:00+00:00,2022,7,10,port669,Luganville,Vanuatu,VUT,0,0,0,0,0,0,0,0,0,0,0,0,0,0,0,0,0,0,0,0,0
2022-07-10 00:00:00+00:00,2022,7,10,port980,Port Vila,Vanuatu,VUT,0,0,0,0,0,0,0,0,0,0,0,0,0,0,0,0,0,0,0,0,0
2022-07-09 00:00:00+00:00,2022,7,9,port669,Luganville,Vanuatu,VUT,0,0,0,0,0,0,0,0,0,0,0,0,0,0,0,0,0,0,0,0,0
2022-07-09 00:00:00+00:00,2022,7,9,port980,Port Vila,Vanuatu,VUT,0,0,0,0,0,0,0,0,0,0,0,0,0,0,0,0,0,0,0,0,0
2022-07-08 00:00:00+00:00,2022,7,8,port669,Luganville,Vanuatu,VUT,0,0,0,0,0,0,0,0,0,0,0,0,0,0,0,0,0,0,0,0,0
2022-07-08 00:00:00+00:00,2022,7,8,port980,Port Vila,Vanuatu,VUT,0,0,0,0,0,0,0,0,0,0,0,0,0,0,0,0,0,0,0,0,0
2022-07-07 00:00:00+00:00,2022,7,7,port669,Luganville,Vanuatu,VUT,0,0,0,0,0,0,0,0,0,0,0,0,0,0,0,0,0,0,0,0,0
2022-07-07 00:00:00+00:00,2022,7,7,port980,Port Vila,Vanuatu,VUT,0,0,1,0,0,1,1,0,0,832,0,0,832,832,0,0,183,0,0,183,183
2022-07-06 00:00:00+00:00,2022,7,6,port669,Luganville,Vanuatu,VUT,0,0,0,0,0,0,0,0,0,0,0,0,0,0,0,0,0,0,0,0,0
2022-07-06 00:00:00+00:00,2022,7,6,port980,Port Vila,Vanuatu,VUT,0,0,0,0,0,0,0,0,0,0,0,0,0,0,0,0,0,0,0,0,0
2022-07-05 00:00:00+00:00,2022,7,5,port669,Luganville,Vanuatu,VUT,0,0,0,0,0,0,0,0,0,0,0,0,0,0,0,0,0,0,0,0,0
2022-07-05 00:00:00+00:00,2022,7,5,port980,Port Vila,Vanuatu,VUT,0,0,0,0,0,0,0,0,0,0,0,0,0,0,0,0,0,0,0,0,0
2022-07-04 00:00:00+00:00,2022,7,4,port669,Luganville,Vanuatu,VUT,0,0,0,0,0,0,0,0,0,0,0,0,0,0,0,0,0,0,0,0,0
2022-07-04 00:00:00+00:00,2022,7,4,port980,Port Vila,Vanuatu,VUT,1,0,1,0,0,2,2,1032,0,832,0,0,1864,1864,377,0,183,0,0,560,560
2022-07-03 00:00:00+00:00,2022,7,3,port669,Luganville,Vanuatu,VUT,0,0,0,0,0,0,0,0,0,0,0,0,0,0,0,0,0,0,0,0,0
2022-07-03 00:00:00+00:00,2022,7,3,port980,Port Vila,Vanuatu,VUT,0,0,0,0,0,0,0,0,0,0,0,0,0,0,0,0,0,0,0,0,0
2022-07-02 00:00:00+00:00,2022,7,2,port669,Luganville,Vanuatu,VUT,0,0,0,0,0,0,0,0,0,0,0,0,0,0,0,0,0,0,0,0,0
2022-07-02 00:00:00+00:00,2022,7,2,port980,Port Vila,Vanuatu,VUT,0,0,0,0,0,0,0,0,0,0,0,0,0,0,0,0,0,0,0,0,0
2022-07-01 00:00:00+00:00,2022,7,1,port669,Luganville,Vanuatu,VUT,0,0,1,0,0,1,1,0,0,883,0,0,883,883,0,0,314,0,0,314,314
2022-07-01 00:00:00+00:00,2022,7,1,port980,Port Vila,Vanuatu,VUT,0,0,0,0,0,0,0,0,0,0,0,0,0,0,0,0,0,0,0,0,0
2022-06-30 00:00:00+00:00,2022,6,30,port669,Luganville,Vanuatu,VUT,0,0,0,0,0,0,0,0,0,0,0,0,0,0,0,0,0,0,0,0,0
2022-06-30 00:00:00+00:00,2022,6,30,port980,Port Vila,Vanuatu,VUT,0,0,0,0,0,0,0,0,0,0,0,0,0,0,0,0,0,0,0,0,0
2022-06-29 00:00:00+00:00,2022,6,29,port669,Luganville,Vanuatu,VUT,0,0,0,0,0,0,0,0,0,0,0,0,0,0,0,0,0,0,0,0,0
2022-06-29 00:00:00+00:00,2022,6,29,port980,Port Vila,Vanuatu,VUT,0,0,0,0,1,0,1,0,0,0,0,311,0,311,0,0,0,0,175,0,175
2022-06-28 00:00:00+00:00,2022,6,28,port669,Luganville,Vanuatu,VUT,0,0,0,0,0,0,0,0,0,0,0,0,0,0,0,0,0,0,0,0,0
2022-06-28 00:00:00+00:00,2022,6,28,port980,Port Vila,Vanuatu,VUT,0,0,0,0,0,0,0,0,0,0,0,0,0,0,0,0,0,0,0,0,0
2022-06-27 00:00:00+00:00,2022,6,27,port669,Luganville,Vanuatu,VUT,0,0,0,0,0,0,0,0,0,0,0,0,0,0,0,0,0,0,0,0,0
2022-06-27 00:00:00+00:00,2022,6,27,port980,Port Vila,Vanuatu,VUT,0,0,0,0,0,0,0,0,0,0,0,0,0,0,0,0,0,0,0,0,0
2022-06-26 00:00:00+00:00,2022,6,26,port669,Luganville,Vanuatu,VUT,0,0,0,0,0,0,0,0,0,0,0,0,0,0,0,0,0,0,0,0,0
2022-06-26 00:00:00+00:00,2022,6,26,port980,Port Vila,Vanuatu,VUT,0,0,0,0,0,0,0,0,0,0,0,0,0,0,0,0,0,0,0,0,0
2022-06-25 00:00:00+00:00,2022,6,25,port669,Luganville,Vanuatu,VUT,0,0,0,0,0,0,0,0,0,0,0,0,0,0,0,0,0,0,0,0,0
2022-06-25 00:00:00+00:00,2022,6,25,port980,Port Vila,Vanuatu,VUT,0,0,0,0,0,0,0,0,0,0,0,0,0,0,0,0,0,0,0,0,0
2022-06-24 00:00:00+00:00,2022,6,24,port669,Luganville,Vanuatu,VUT,0,0,0,0,0,0,0,0,0,0,0,0,0,0,0,0,0,0,0,0,0
2022-06-24 00:00:00+00:00,2022,6,24,port980,Port Vila,Vanuatu,VUT,0,0,1,0,0,1,1,0,0,832,0,0,832,832,0,0,183,0,0,183,183
2022-06-23 00:00:00+00:00,2022,6,23,port669,Luganville,Vanuatu,VUT,0,0,1,0,0,1,1,0,0,3397,0,0,3397,3397,0,0,0,0,0,0,0
2022-06-23 00:00:00+00:00,2022,6,23,port980,Port Vila,Vanuatu,VUT,0,0,1,0,0,1,1,0,0,832,0,0,832,832,0,0,183,0,0,183,183
2022-06-22 00:00:00+00:00,2022,6,22,port669,Luganville,Vanuatu,VUT,0,0,0,0,0,0,0,0,0,0,0,0,0,0,0,0,0,0,0,0,0
2022-06-22 00:00:00+00:00,2022,6,22,port980,Port Vila,Vanuatu,VUT,0,0,0,0,0,0,0,0,0,0,0,0,0,0,0,0,0,0,0,0,0
2022-06-21 00:00:00+00:00,2022,6,21,port669,Luganville,Vanuatu,VUT,0,0,0,0,0,0,0,0,0,0,0,0,0,0,0,0,0,0,0,0,0
2022-06-21 00:00:00+00:00,2022,6,21,port980,Port Vila,Vanuatu,VUT,0,0,1,0,0,1,1,0,0,832,0,0,832,832,0,0,183,0,0,183,183
2022-06-20 00:00:00+00:00,2022,6,20,port669,Luganville,Vanuatu,VUT,0,0,0,0,0,0,0,0,0,0,0,0,0,0,0,0,0,0,0,0,0
2022-06-20 00:00:00+00:00,2022,6,20,port980,Port Vila,Vanuatu,VUT,0,0,0,0,0,0,0,0,0,0,0,0,0,0,0,0,0,0,0,0,0
2022-06-19 00:00:00+00:00,2022,6,19,port669,Luganville,Vanuatu,VUT,0,0,1,0,0,1,1,0,0,883,0,0,883,883,0,0,314,0,0,314,314
2022-06-19 00:00:00+00:00,2022,6,19,port980,Port Vila,Vanuatu,VUT,0,0,0,0,0,0,0,0,0,0,0,0,0,0,0,0,0,0,0,0,0
2022-06-18 00:00:00+00:00,2022,6,18,port669,Luganville,Vanuatu,VUT,0,0,0,0,0,0,0,0,0,0,0,0,0,0,0,0,0,0,0,0,0
2022-06-18 00:00:00+00:00,2022,6,18,port980,Port Vila,Vanuatu,VUT,0,0,0,0,0,0,0,0,0,0,0,0,0,0,0,0,0,0,0,0,0
2022-06-17 00:00:00+00:00,2022,6,17,port669,Luganville,Vanuatu,VUT,1,0,0,0,0,1,1,784,0,0,0,0,784,784,0,0,0,0,0,0,0
2022-06-17 00:00:00+00:00,2022,6,17,port980,Port Vila,Vanuatu,VUT,1,0,0,0,0,1,1,1240,0,0,0,0,1240,1240,125,0,0,0,0,125,125
2022-06-16 00:00:00+00:00,2022,6,16,port669,Luganville,Vanuatu,VUT,0,0,0,0,0,0,0,0,0,0,0,0,0,0,0,0,0,0,0,0,0
2022-06-16 00:00:00+00:00,2022,6,16,port980,Port Vila,Vanuatu,VUT,0,0,0,0,0,0,0,0,0,0,0,0,0,0,0,0,0,0,0,0,0
2022-06-15 00:00:00+00:00,2022,6,15,port669,Luganville,Vanuatu,VUT,0,0,0,0,0,0,0,0,0,0,0,0,0,0,0,0,0,0,0,0,0
2022-06-15 00:00:00+00:00,2022,6,15,port980,Port Vila,Vanuatu,VUT,0,0,0,0,0,0,0,0,0,0,0,0,0,0,0,0,0,0,0,0,0
2022-06-14 00:00:00+00:00,2022,6,14,port669,Luganville,Vanuatu,VUT,0,0,1,0,0,1,1,0,0,950,0,0,950,950,0,0,0,0,0,0,0
2022-06-14 00:00:00+00:00,2022,6,14,port980,Port Vila,Vanuatu,VUT,1,0,0,0,0,1,1,0,0,0,0,0,0,0,768,0,0,0,0,768,768
2022-06-13 00:00:00+00:00,2022,6,13,port669,Luganville,Vanuatu,VUT,0,0,0,0,0,0,0,0,0,0,0,0,0,0,0,0,0,0,0,0,0
2022-06-13 00:00:00+00:00,2022,6,13,port980,Port Vila,Vanuatu,VUT,0,0,2,0,0,2,2,0,0,1150,0,0,1150,1150,0,0,183,0,0,183,183
2022-06-12 00:00:00+00:00,2022,6,12,port669,Luganville,Vanuatu,VUT,0,0,0,0,0,0,0,0,0,0,0,0,0,0,0,0,0,0,0,0,0
2022-06-12 00:00:00+00:00,2022,6,12,port980,Port Vila,Vanuatu,VUT,0,0,0,0,0,0,0,0,0,0,0,0,0,0,0,0,0,0,0,0,0
2022-06-11 00:00:00+00:00,2022,6,11,port669,Luganville,Vanuatu,VUT,0,0,0,0,0,0,0,0,0,0,0,0,0,0,0,0,0,0,0,0,0
2022-06-11 00:00:00+00:00,2022,6,11,port980,Port Vila,Vanuatu,VUT,0,0,0,0,0,0,0,0,0,0,0,0,0,0,0,0,0,0,0,0,0
2022-06-10 00:00:00+00:00,2022,6,10,port669,Luganville,Vanuatu,VUT,0,0,0,0,0,0,0,0,0,0,0,0,0,0,0,0,0,0,0,0,0
2022-06-10 00:00:00+00:00,2022,6,10,port980,Port Vila,Vanuatu,VUT,0,0,1,0,0,1,1,0,0,832,0,0,832,832,0,0,183,0,0,183,183
2022-06-09 00:00:00+00:00,2022,6,9,port669,Luganville,Vanuatu,VUT,0,0,0,0,0,0,0,0,0,0,0,0,0,0,0,0,0,0,0,0,0
2022-06-09 00:00:00+00:00,2022,6,9,port980,Port Vila,Vanuatu,VUT,0,0,0,0,0,0,0,0,0,0,0,0,0,0,0,0,0,0,0,0,0
2022-06-08 00:00:00+00:00,2022,6,8,port669,Luganville,Vanuatu,VUT,0,0,1,0,0,1,1,0,0,883,0,0,883,883,0,0,314,0,0,314,314
2022-06-08 00:00:00+00:00,2022,6,8,port980,Port Vila,Vanuatu,VUT,0,0,0,0,0,0,0,0,0,0,0,0,0,0,0,0,0,0,0,0,0
2022-06-07 00:00:00+00:00,2022,6,7,port669,Luganville,Vanuatu,VUT,0,0,0,0,0,0,0,0,0,0,0,0,0,0,0,0,0,0,0,0,0
2022-06-07 00:00:00+00:00,2022,6,7,port980,Port Vila,Vanuatu,VUT,1,0,0,0,0,1,1,3045,0,0,0,0,3045,3045,0,0,0,0,0,0,0
2022-06-06 00:00:00+00:00,2022,6,6,port669,Luganville,Vanuatu,VUT,0,0,0,0,1,0,1,0,0,0,0,1570,0,1570,0,0,0,0,0,0,0
2022-06-06 00:00:00+00:00,2022,6,6,port980,Port Vila,Vanuatu,VUT,0,0,0,0,0,0,0,0,0,0,0,0,0,0,0,0,0,0,0,0,0
2022-06-05 00:00:00+00:00,2022,6,5,port669,Luganville,Vanuatu,VUT,0,0,0,0,0,0,0,0,0,0,0,0,0,0,0,0,0,0,0,0,0
2022-06-05 00:00:00+00:00,2022,6,5,port980,Port Vila,Vanuatu,VUT,0,0,0,0,1,0,1,0,0,0,0,6748,0,6748,0,0,0,0,56,0,56
2022-06-04 00:00:00+00:00,2022,6,4,port669,Luganville,Vanuatu,VUT,0,0,0,0,0,0,0,0,0,0,0,0,0,0,0,0,0,0,0,0,0
2022-06-04 00:00:00+00:00,2022,6,4,port980,Port Vila,Vanuatu,VUT,0,0,0,0,0,0,0,0,0,0,0,0,0,0,0,0,0,0,0,0,0
2022-06-03 00:00:00+00:00,2022,6,3,port669,Luganville,Vanuatu,VUT,0,0,0,0,0,0,0,0,0,0,0,0,0,0,0,0,0,0,0,0,0
2022-06-03 00:00:00+00:00,2022,6,3,port980,Port Vila,Vanuatu,VUT,0,0,0,0,0,0,0,0,0,0,0,0,0,0,0,0,0,0,0,0,0
2022-06-02 00:00:00+00:00,2022,6,2,port669,Luganville,Vanuatu,VUT,0,0,0,0,0,0,0,0,0,0,0,0,0,0,0,0,0,0,0,0,0
2022-06-02 00:00:00+00:00,2022,6,2,port980,Port Vila,Vanuatu,VUT,0,0,0,0,0,0,0,0,0,0,0,0,0,0,0,0,0,0,0,0,0
2022-06-01 00:00:00+00:00,2022,6,1,port669,Luganville,Vanuatu,VUT,0,0,0,0,0,0,0,0,0,0,0,0,0,0,0,0,0,0,0,0,0
2022-06-01 00:00:00+00:00,2022,6,1,port980,Port Vila,Vanuatu,VUT,0,0,0,0,0,0,0,0,0,0,0,0,0,0,0,0,0,0,0,0,0
2022-05-31 00:00:00+00:00,2022,5,31,port669,Luganville,Vanuatu,VUT,0,0,0,0,0,0,0,0,0,0,0,0,0,0,0,0,0,0,0,0,0
2022-05-31 00:00:00+00:00,2022,5,31,port980,Port Vila,Vanuatu,VUT,0,0,1,0,0,1,1,0,0,832,0,0,832,832,0,0,183,0,0,183,183
2022-05-30 00:00:00+00:00,2022,5,30,port669,Luganville,Vanuatu,VUT,0,0,0,0,0,0,0,0,0,0,0,0,0,0,0,0,0,0,0,0,0
2022-05-30 00:00:00+00:00,2022,5,30,port980,Port Vila,Vanuatu,VUT,0,0,0,0,0,0,0,0,0,0,0,0,0,0,0,0,0,0,0,0,0
2022-05-29 00:00:00+00:00,2022,5,29,port669,Luganville,Vanuatu,VUT,0,0,1,0,0,1,1,0,0,2536,0,0,2536,2536,0,0,0,0,0,0,0
2022-05-29 00:00:00+00:00,2022,5,29,port980,Port Vila,Vanuatu,VUT,0,0,0,0,1,0,1,0,0,0,0,311,0,311,0,0,0,0,175,0,175
2022-05-28 00:00:00+00:00,2022,5,28,port669,Luganville,Vanuatu,VUT,0,0,0,0,0,0,0,0,0,0,0,0,0,0,0,0,0,0,0,0,0
2022-05-28 00:00:00+00:00,2022,5,28,port980,Port Vila,Vanuatu,VUT,0,0,0,0,0,0,0,0,0,0,0,0,0,0,0,0,0,0,0,0,0
2022-05-27 00:00:00+00:00,2022,5,27,port669,Luganville,Vanuatu,VUT,0,0,0,0,0,0,0,0,0,0,0,0,0,0,0,0,0,0,0,0,0
2022-05-27 00:00:00+00:00,2022,5,27,port980,Port Vila,Vanuatu,VUT,0,0,0,0,0,0,0,0,0,0,0,0,0,0,0,0,0,0,0,0,0
2022-05-26 00:00:00+00:00,2022,5,26,port669,Luganville,Vanuatu,VUT,0,0,0,0,0,0,0,0,0,0,0,0,0,0,0,0,0,0,0,0,0
2022-05-26 00:00:00+00:00,2022,5,26,port980,Port Vila,Vanuatu,VUT,0,0,0,0,0,0,0,0,0,0,0,0,0,0,0,0,0,0,0,0,0
2022-05-25 00:00:00+00:00,2022,5,25,port669,Luganville,Vanuatu,VUT,0,0,0,0,0,0,0,0,0,0,0,0,0,0,0,0,0,0,0,0,0
2022-05-25 00:00:00+00:00,2022,5,25,port980,Port Vila,Vanuatu,VUT,0,0,0,0,0,0,0,0,0,0,0,0,0,0,0,0,0,0,0,0,0
2022-05-24 00:00:00+00:00,2022,5,24,port669,Luganville,Vanuatu,VUT,0,0,0,0,0,0,0,0,0,0,0,0,0,0,0,0,0,0,0,0,0
2022-05-24 00:00:00+00:00,2022,5,24,port980,Port Vila,Vanuatu,VUT,1,0,0,0,0,1,1,317,0,0,0,0,317,317,0,0,0,0,0,0,0
2022-05-23 00:00:00+00:00,2022,5,23,port669,Luganville,Vanuatu,VUT,0,0,0,0,0,0,0,0,0,0,0,0,0,0,0,0,0,0,0,0,0
2022-05-23 00:00:00+00:00,2022,5,23,port980,Port Vila,Vanuatu,VUT,0,0,0,0,0,0,0,0,0,0,0,0,0,0,0,0,0,0,0,0,0
2022-05-22 00:00:00+00:00,2022,5,22,port669,Luganville,Vanuatu,VUT,0,0,0,0,0,0,0,0,0,0,0,0,0,0,0,0,0,0,0,0,0
2022-05-22 00:00:00+00:00,2022,5,22,port980,Port Vila,Vanuatu,VUT,0,0,0,0,0,0,0,0,0,0,0,0,0,0,0,0,0,0,0,0,0
2022-05-21 00:00:00+00:00,2022,5,21,port669,Luganville,Vanuatu,VUT,0,0,0,0,0,0,0,0,0,0,0,0,0,0,0,0,0,0,0,0,0
2022-05-21 00:00:00+00:00,2022,5,21,port980,Port Vila,Vanuatu,VUT,0,0,1,0,0,1,1,0,0,832,0,0,832,832,0,0,183,0,0,183,183
2022-05-20 00:00:00+00:00,2022,5,20,port669,Luganville,Vanuatu,VUT,0,0,0,0,0,0,0,0,0,0,0,0,0,0,0,0,0,0,0,0,0
2022-05-20 00:00:00+00:00,2022,5,20,port980,Port Vila,Vanuatu,VUT,2,0,1,0,0,3,3,0,0,832,0,0,832,832,2854,0,183,0,0,3037,3037
2022-05-19 00:00:00+00:00,2022,5,19,port669,Luganville,Vanuatu,VUT,0,0,0,0,0,0,0,0,0,0,0,0,0,0,0,0,0,0,0,0,0
2022-05-19 00:00:00+00:00,2022,5,19,port980,Port Vila,Vanuatu,VUT,0,0,0,0,0,0,0,0,0,0,0,0,0,0,0,0,0,0,0,0,0
2022-05-18 00:00:00+00:00,2022,5,18,port669,Luganville,Vanuatu,VUT,0,0,0,0,0,0,0,0,0,0,0,0,0,0,0,0,0,0,0,0,0
2022-05-18 00:00:00+00:00,2022,5,18,port980,Port Vila,Vanuatu,VUT,0,0,0,0,0,0,0,0,0,0,0,0,0,0,0,0,0,0,0,0,0
2022-05-17 00:00:00+00:00,2022,5,17,port669,Luganville,Vanuatu,VUT,0,0,0,0,0,0,0,0,0,0,0,0,0,0,0,0,0,0,0,0,0
2022-05-17 00:00:00+00:00,2022,5,17,port980,Port Vila,Vanuatu,VUT,0,0,0,0,0,0,0,0,0,0,0,0,0,0,0,0,0,0,0,0,0
2022-05-16 00:00:00+00:00,2022,5,16,port669,Luganville,Vanuatu,VUT,0,0,0,0,0,0,0,0,0,0,0,0,0,0,0,0,0,0,0,0,0
2022-05-16 00:00:00+00:00,2022,5,16,port980,Port Vila,Vanuatu,VUT,0,0,0,0,0,0,0,0,0,0,0,0,0,0,0,0,0,0,0,0,0
2022-05-15 00:00:00+00:00,2022,5,15,port669,Luganville,Vanuatu,VUT,0,0,0,0,0,0,0,0,0,0,0,0,0,0,0,0,0,0,0,0,0
2022-05-15 00:00:00+00:00,2022,5,15,port980,Port Vila,Vanuatu,VUT,0,0,0,0,0,0,0,0,0,0,0,0,0,0,0,0,0,0,0,0,0
2022-05-14 00:00:00+00:00,2022,5,14,port669,Luganville,Vanuatu,VUT,0,0,1,0,0,1,1,0,0,883,0,0,883,883,0,0,314,0,0,314,314
2022-05-14 00:00:00+00:00,2022,5,14,port980,Port Vila,Vanuatu,VUT,0,0,0,0,0,0,0,0,0,0,0,0,0,0,0,0,0,0,0,0,0
2022-05-13 00:00:00+00:00,2022,5,13,port669,Luganville,Vanuatu,VUT,0,0,0,0,0,0,0,0,0,0,0,0,0,0,0,0,0,0,0,0,0
2022-05-13 00:00:00+00:00,2022,5,13,port980,Port Vila,Vanuatu,VUT,0,0,1,0,0,1,1,0,0,832,0,0,832,832,0,0,183,0,0,183,183
2022-05-12 00:00:00+00:00,2022,5,12,port669,Luganville,Vanuatu,VUT,0,0,0,0,0,0,0,0,0,0,0,0,0,0,0,0,0,0,0,0,0
2022-05-12 00:00:00+00:00,2022,5,12,port980,Port Vila,Vanuatu,VUT,0,0,0,0,0,0,0,0,0,0,0,0,0,0,0,0,0,0,0,0,0
2022-05-11 00:00:00+00:00,2022,5,11,port669,Luganville,Vanuatu,VUT,0,0,1,0,0,1,1,0,0,883,0,0,883,883,0,0,314,0,0,314,314
2022-05-11 00:00:00+00:00,2022,5,11,port980,Port Vila,Vanuatu,VUT,0,0,0,0,0,0,0,0,0,0,0,0,0,0,0,0,0,0,0,0,0
2022-05-10 00:00:00+00:00,2022,5,10,port669,Luganville,Vanuatu,VUT,2,0,0,0,0,2,2,3943,0,0,0,0,3943,3943,146,0,0,0,0,146,146
2022-05-10 00:00:00+00:00,2022,5,10,port980,Port Vila,Vanuatu,VUT,0,0,0,0,0,0,0,0,0,0,0,0,0,0,0,0,0,0,0,0,0
2022-05-09 00:00:00+00:00,2022,5,9,port669,Luganville,Vanuatu,VUT,0,0,0,0,0,0,0,0,0,0,0,0,0,0,0,0,0,0,0,0,0
2022-05-09 00:00:00+00:00,2022,5,9,port980,Port Vila,Vanuatu,VUT,0,0,0,0,0,0,0,0,0,0,0,0,0,0,0,0,0,0,0,0,0
2022-05-08 00:00:00+00:00,2022,5,8,port669,Luganville,Vanuatu,VUT,0,0,0,0,0,0,0,0,0,0,0,0,0,0,0,0,0,0,0,0,0
2022-05-08 00:00:00+00:00,2022,5,8,port980,Port Vila,Vanuatu,VUT,1,0,0,0,0,1,1,1125,0,0,0,0,1125,1125,0,0,0,0,0,0,0
2022-05-07 00:00:00+00:00,2022,5,7,port669,Luganville,Vanuatu,VUT,0,0,0,0,0,0,0,0,0,0,0,0,0,0,0,0,0,0,0,0,0
2022-05-07 00:00:00+00:00,2022,5,7,port980,Port Vila,Vanuatu,VUT,0,0,0,0,0,0,0,0,0,0,0,0,0,0,0,0,0,0,0,0,0
2022-05-06 00:00:00+00:00,2022,5,6,port669,Luganville,Vanuatu,VUT,0,0,0,0,0,0,0,0,0,0,0,0,0,0,0,0,0,0,0,0,0
2022-05-06 00:00:00+00:00,2022,5,6,port980,Port Vila,Vanuatu,VUT,0,0,0,0,0,0,0,0,0,0,0,0,0,0,0,0,0,0,0,0,0
2022-05-05 00:00:00+00:00,2022,5,5,port669,Luganville,Vanuatu,VUT,0,0,0,0,0,0,0,0,0,0,0,0,0,0,0,0,0,0,0,0,0
2022-05-05 00:00:00+00:00,2022,5,5,port980,Port Vila,Vanuatu,VUT,0,0,0,0,1,0,1,0,0,0,0,0,0,0,0,0,0,0,0,0,0
2022-05-04 00:00:00+00:00,2022,5,4,port669,Luganville,Vanuatu,VUT,0,0,0,0,0,0,0,0,0,0,0,0,0,0,0,0,0,0,0,0,0
2022-05-04 00:00:00+00:00,2022,5,4,port980,Port Vila,Vanuatu,VUT,0,0,0,0,0,0,0,0,0,0,0,0,0,0,0,0,0,0,0,0,0
2022-05-03 00:00:00+00:00,2022,5,3,port669,Luganville,Vanuatu,VUT,0,0,0,0,0,0,0,0,0,0,0,0,0,0,0,0,0,0,0,0,0
2022-05-03 00:00:00+00:00,2022,5,3,port980,Port Vila,Vanuatu,VUT,0,0,1,0,0,1,1,0,0,832,0,0,832,832,0,0,183,0,0,183,183
2022-05-02 00:00:00+00:00,2022,5,2,port669,Luganville,Vanuatu,VUT,0,0,0,0,0,0,0,0,0,0,0,0,0,0,0,0,0,0,0,0,0
2022-05-02 00:00:00+00:00,2022,5,2,port980,Port Vila,Vanuatu,VUT,0,0,0,0,0,0,0,0,0,0,0,0,0,0,0,0,0,0,0,0,0
2022-05-01 00:00:00+00:00,2022,5,1,port669,Luganville,Vanuatu,VUT,0,0,0,0,0,0,0,0,0,0,0,0,0,0,0,0,0,0,0,0,0
2022-05-01 00:00:00+00:00,2022,5,1,port980,Port Vila,Vanuatu,VUT,0,0,0,0,0,0,0,0,0,0,0,0,0,0,0,0,0,0,0,0,0
2022-04-30 00:00:00+00:00,2022,4,30,port669,Luganville,Vanuatu,VUT,0,0,1,0,0,1,1,0,0,883,0,0,883,883,0,0,314,0,0,314,314
2022-04-30 00:00:00+00:00,2022,4,30,port980,Port Vila,Vanuatu,VUT,0,0,0,0,0,0,0,0,0,0,0,0,0,0,0,0,0,0,0,0,0
2022-04-29 00:00:00+00:00,2022,4,29,port669,Luganville,Vanuatu,VUT,0,0,0,0,0,0,0,0,0,0,0,0,0,0,0,0,0,0,0,0,0
2022-04-29 00:00:00+00:00,2022,4,29,port980,Port Vila,Vanuatu,VUT,0,0,0,0,0,0,0,0,0,0,0,0,0,0,0,0,0,0,0,0,0
2022-04-28 00:00:00+00:00,2022,4,28,port669,Luganville,Vanuatu,VUT,0,0,0,0,0,0,0,0,0,0,0,0,0,0,0,0,0,0,0,0,0
2022-04-28 00:00:00+00:00,2022,4,28,port980,Port Vila,Vanuatu,VUT,0,0,0,0,0,0,0,0,0,0,0,0,0,0,0,0,0,0,0,0,0
2022-04-27 00:00:00+00:00,2022,4,27,port669,Luganville,Vanuatu,VUT,0,0,0,0,0,0,0,0,0,0,0,0,0,0,0,0,0,0,0,0,0
2022-04-27 00:00:00+00:00,2022,4,27,port980,Port Vila,Vanuatu,VUT,0,0,0,0,0,0,0,0,0,0,0,0,0,0,0,0,0,0,0,0,0
2022-04-26 00:00:00+00:00,2022,4,26,port669,Luganville,Vanuatu,VUT,0,0,0,0,0,0,0,0,0,0,0,0,0,0,0,0,0,0,0,0,0
2022-04-26 00:00:00+00:00,2022,4,26,port980,Port Vila,Vanuatu,VUT,0,0,0,0,0,0,0,0,0,0,0,0,0,0,0,0,0,0,0,0,0
2022-04-25 00:00:00+00:00,2022,4,25,port669,Luganville,Vanuatu,VUT,0,0,0,0,0,0,0,0,0,0,0,0,0,0,0,0,0,0,0,0,0
2022-04-25 00:00:00+00:00,2022,4,25,port980,Port Vila,Vanuatu,VUT,2,0,0,0,0,2,2,2330,0,0,0,0,2330,2330,377,0,0,0,0,377,377
2022-04-24 00:00:00+00:00,2022,4,24,port669,Luganville,Vanuatu,VUT,0,0,0,0,0,0,0,0,0,0,0,0,0,0,0,0,0,0,0,0,0
2022-04-24 00:00:00+00:00,2022,4,24,port980,Port Vila,Vanuatu,VUT,0,0,0,0,1,0,1,0,0,0,0,311,0,311,0,0,0,0,175,0,175
2022-04-23 00:00:00+00:00,2022,4,23,port669,Luganville,Vanuatu,VUT,0,0,0,0,0,0,0,0,0,0,0,0,0,0,0,0,0,0,0,0,0
2022-04-23 00:00:00+00:00,2022,4,23,port980,Port Vila,Vanuatu,VUT,0,0,0,0,0,0,0,0,0,0,0,0,0,0,0,0,0,0,0,0,0
2022-04-22 00:00:00+00:00,2022,4,22,port669,Luganville,Vanuatu,VUT,0,0,0,0,0,0,0,0,0,0,0,0,0,0,0,0,0,0,0,0,0
2022-04-22 00:00:00+00:00,2022,4,22,port980,Port Vila,Vanuatu,VUT,0,0,0,0,0,0,0,0,0,0,0,0,0,0,0,0,0,0,0,0,0
2022-04-21 00:00:00+00:00,2022,4,21,port669,Luganville,Vanuatu,VUT,0,0,0,0,0,0,0,0,0,0,0,0,0,0,0,0,0,0,0,0,0
2022-04-21 00:00:00+00:00,2022,4,21,port980,Port Vila,Vanuatu,VUT,0,0,0,0,0,0,0,0,0,0,0,0,0,0,0,0,0,0,0,0,0
2022-04-20 00:00:00+00:00,2022,4,20,port669,Luganville,Vanuatu,VUT,0,0,0,0,0,0,0,0,0,0,0,0,0,0,0,0,0,0,0,0,0
2022-04-20 00:00:00+00:00,2022,4,20,port980,Port Vila,Vanuatu,VUT,0,0,0,0,0,0,0,0,0,0,0,0,0,0,0,0,0,0,0,0,0
2022-04-19 00:00:00+00:00,2022,4,19,port669,Luganville,Vanuatu,VUT,0,0,0,0,0,0,0,0,0,0,0,0,0,0,0,0,0,0,0,0,0
2022-04-19 00:00:00+00:00,2022,4,19,port980,Port Vila,Vanuatu,VUT,0,0,1,0,0,1,1,0,0,317,0,0,317,317,0,0,0,0,0,0,0
2022-04-18 00:00:00+00:00,2022,4,18,port669,Luganville,Vanuatu,VUT,0,0,0,0,0,0,0,0,0,0,0,0,0,0,0,0,0,0,0,0,0
2022-04-18 00:00:00+00:00,2022,4,18,port980,Port Vila,Vanuatu,VUT,0,0,0,0,0,0,0,0,0,0,0,0,0,0,0,0,0,0,0,0,0
2022-04-17 00:00:00+00:00,2022,4,17,port669,Luganville,Vanuatu,VUT,0,0,0,0,0,0,0,0,0,0,0,0,0,0,0,0,0,0,0,0,0
2022-04-17 00:00:00+00:00,2022,4,17,port980,Port Vila,Vanuatu,VUT,0,0,0,0,0,0,0,0,0,0,0,0,0,0,0,0,0,0,0,0,0
2022-04-16 00:00:00+00:00,2022,4,16,port669,Luganville,Vanuatu,VUT,1,0,0,0,0,1,1,1933,0,0,0,0,1933,1933,0,0,0,0,0,0,0
2022-04-16 00:00:00+00:00,2022,4,16,port980,Port Vila,Vanuatu,VUT,0,0,0,0,0,0,0,0,0,0,0,0,0,0,0,0,0,0,0,0,0
2022-04-15 00:00:00+00:00,2022,4,15,port669,Luganville,Vanuatu,VUT,0,0,0,0,0,0,0,0,0,0,0,0,0,0,0,0,0,0,0,0,0
2022-04-15 00:00:00+00:00,2022,4,15,port980,Port Vila,Vanuatu,VUT,1,0,1,0,0,2,2,390,0,832,0,0,1222,1222,0,0,183,0,0,183,183
2022-04-14 00:00:00+00:00,2022,4,14,port669,Luganville,Vanuatu,VUT,0,0,0,0,0,0,0,0,0,0,0,0,0,0,0,0,0,0,0,0,0
2022-04-14 00:00:00+00:00,2022,4,14,port980,Port Vila,Vanuatu,VUT,0,0,0,0,0,0,0,0,0,0,0,0,0,0,0,0,0,0,0,0,0
2022-04-13 00:00:00+00:00,2022,4,13,port669,Luganville,Vanuatu,VUT,0,0,0,0,0,0,0,0,0,0,0,0,0,0,0,0,0,0,0,0,0
2022-04-13 00:00:00+00:00,2022,4,13,port980,Port Vila,Vanuatu,VUT,0,0,0,0,0,0,0,0,0,0,0,0,0,0,0,0,0,0,0,0,0
2022-04-12 00:00:00+00:00,2022,4,12,port669,Luganville,Vanuatu,VUT,0,0,0,0,0,0,0,0,0,0,0,0,0,0,0,0,0,0,0,0,0
2022-04-12 00:00:00+00:00,2022,4,12,port980,Port Vila,Vanuatu,VUT,0,0,0,0,0,0,0,0,0,0,0,0,0,0,0,0,0,0,0,0,0
2022-04-11 00:00:00+00:00,2022,4,11,port669,Luganville,Vanuatu,VUT,0,0,1,0,0,1,1,0,0,319,0,0,319,319,0,0,0,0,0,0,0
2022-04-11 00:00:00+00:00,2022,4,11,port980,Port Vila,Vanuatu,VUT,0,0,0,0,0,0,0,0,0,0,0,0,0,0,0,0,0,0,0,0,0
2022-04-10 00:00:00+00:00,2022,4,10,port669,Luganville,Vanuatu,VUT,0,0,0,0,0,0,0,0,0,0,0,0,0,0,0,0,0,0,0,0,0
2022-04-10 00:00:00+00:00,2022,4,10,port980,Port Vila,Vanuatu,VUT,0,0,1,0,0,1,1,0,0,0,0,0,0,0,0,0,1909,0,0,1909,1909
2022-04-09 00:00:00+00:00,2022,4,9,port669,Luganville,Vanuatu,VUT,0,0,0,0,0,0,0,0,0,0,0,0,0,0,0,0,0,0,0,0,0
2022-04-09 00:00:00+00:00,2022,4,9,port980,Port Vila,Vanuatu,VUT,0,0,0,0,0,0,0,0,0,0,0,0,0,0,0,0,0,0,0,0,0
2022-04-08 00:00:00+00:00,2022,4,8,port669,Luganville,Vanuatu,VUT,0,0,1,0,0,1,1,0,0,883,0,0,883,883,0,0,314,0,0,314,314
2022-04-08 00:00:00+00:00,2022,4,8,port980,Port Vila,Vanuatu,VUT,0,0,0,0,0,0,0,0,0,0,0,0,0,0,0,0,0,0,0,0,0
2022-04-07 00:00:00+00:00,2022,4,7,port669,Luganville,Vanuatu,VUT,0,0,0,0,0,0,0,0,0,0,0,0,0,0,0,0,0,0,0,0,0
2022-04-07 00:00:00+00:00,2022,4,7,port980,Port Vila,Vanuatu,VUT,0,0,0,0,0,0,0,0,0,0,0,0,0,0,0,0,0,0,0,0,0
2022-04-06 00:00:00+00:00,2022,4,6,port669,Luganville,Vanuatu,VUT,0,0,0,0,0,0,0,0,0,0,0,0,0,0,0,0,0,0,0,0,0
2022-04-06 00:00:00+00:00,2022,4,6,port980,Port Vila,Vanuatu,VUT,0,0,0,0,0,0,0,0,0,0,0,0,0,0,0,0,0,0,0,0,0
2022-04-05 00:00:00+00:00,2022,4,5,port669,Luganville,Vanuatu,VUT,0,0,0,0,0,0,0,0,0,0,0,0,0,0,0,0,0,0,0,0,0
2022-04-05 00:00:00+00:00,2022,4,5,port980,Port Vila,Vanuatu,VUT,0,0,0,0,0,0,0,0,0,0,0,0,0,0,0,0,0,0,0,0,0
2022-04-04 00:00:00+00:00,2022,4,4,port669,Luganville,Vanuatu,VUT,0,0,0,0,0,0,0,0,0,0,0,0,0,0,0,0,0,0,0,0,0
2022-04-04 00:00:00+00:00,2022,4,4,port980,Port Vila,Vanuatu,VUT,0,0,0,0,0,0,0,0,0,0,0,0,0,0,0,0,0,0,0,0,0
2022-04-03 00:00:00+00:00,2022,4,3,port669,Luganville,Vanuatu,VUT,0,0,1,0,0,1,1,0,0,883,0,0,883,883,0,0,314,0,0,314,314
2022-04-03 00:00:00+00:00,2022,4,3,port980,Port Vila,Vanuatu,VUT,0,0,0,0,0,0,0,0,0,0,0,0,0,0,0,0,0,0,0,0,0
2022-04-02 00:00:00+00:00,2022,4,2,port669,Luganville,Vanuatu,VUT,0,0,0,0,0,0,0,0,0,0,0,0,0,0,0,0,0,0,0,0,0
2022-04-02 00:00:00+00:00,2022,4,2,port980,Port Vila,Vanuatu,VUT,0,0,0,0,0,0,0,0,0,0,0,0,0,0,0,0,0,0,0,0,0
2022-04-01 00:00:00+00:00,2022,4,1,port669,Luganville,Vanuatu,VUT,0,0,0,0,0,0,0,0,0,0,0,0,0,0,0,0,0,0,0,0,0
2022-04-01 00:00:00+00:00,2022,4,1,port980,Port Vila,Vanuatu,VUT,0,0,0,0,0,0,0,0,0,0,0,0,0,0,0,0,0,0,0,0,0
2022-03-31 00:00:00+00:00,2022,3,31,port669,Luganville,Vanuatu,VUT,0,0,0,0,0,0,0,0,0,0,0,0,0,0,0,0,0,0,0,0,0
2022-03-31 00:00:00+00:00,2022,3,31,port980,Port Vila,Vanuatu,VUT,1,0,0,0,0,1,1,2170,0,0,0,0,2170,2170,0,0,0,0,0,0,0
2022-03-30 00:00:00+00:00,2022,3,30,port669,Luganville,Vanuatu,VUT,0,0,0,0,0,0,0,0,0,0,0,0,0,0,0,0,0,0,0,0,0
2022-03-30 00:00:00+00:00,2022,3,30,port980,Port Vila,Vanuatu,VUT,0,0,0,0,0,0,0,0,0,0,0,0,0,0,0,0,0,0,0,0,0
2022-03-29 00:00:00+00:00,2022,3,29,port669,Luganville,Vanuatu,VUT,0,0,0,0,0,0,0,0,0,0,0,0,0,0,0,0,0,0,0,0,0
2022-03-29 00:00:00+00:00,2022,3,29,port980,Port Vila,Vanuatu,VUT,0,0,1,0,0,1,1,0,0,832,0,0,832,832,0,0,183,0,0,183,183
2022-03-28 00:00:00+00:00,2022,3,28,port669,Luganville,Vanuatu,VUT,0,0,0,0,0,0,0,0,0,0,0,0,0,0,0,0,0,0,0,0,0
2022-03-28 00:00:00+00:00,2022,3,28,port980,Port Vila,Vanuatu,VUT,1,0,0,0,0,1,1,496,0,0,0,0,496,496,190,0,0,0,0,190,190
2022-03-27 00:00:00+00:00,2022,3,27,port669,Luganville,Vanuatu,VUT,0,0,0,0,0,0,0,0,0,0,0,0,0,0,0,0,0,0,0,0,0
2022-03-27 00:00:00+00:00,2022,3,27,port980,Port Vila,Vanuatu,VUT,0,0,0,0,0,0,0,0,0,0,0,0,0,0,0,0,0,0,0,0,0
2022-03-26 00:00:00+00:00,2022,3,26,port669,Luganville,Vanuatu,VUT,0,0,0,0,0,0,0,0,0,0,0,0,0,0,0,0,0,0,0,0,0
2022-03-26 00:00:00+00:00,2022,3,26,port980,Port Vila,Vanuatu,VUT,0,0,0,0,0,0,0,0,0,0,0,0,0,0,0,0,0,0,0,0,0
2022-03-25 00:00:00+00:00,2022,3,25,port669,Luganville,Vanuatu,VUT,0,0,0,0,0,0,0,0,0,0,0,0,0,0,0,0,0,0,0,0,0
2022-03-25 00:00:00+00:00,2022,3,25,port980,Port Vila,Vanuatu,VUT,0,0,0,0,0,0,0,0,0,0,0,0,0,0,0,0,0,0,0,0,0
2022-03-24 00:00:00+00:00,2022,3,24,port669,Luganville,Vanuatu,VUT,0,0,0,0,0,0,0,0,0,0,0,0,0,0,0,0,0,0,0,0,0
2022-03-24 00:00:00+00:00,2022,3,24,port980,Port Vila,Vanuatu,VUT,1,0,0,0,0,1,1,0,0,0,0,0,0,0,1099,0,0,0,0,1099,1099
2022-03-23 00:00:00+00:00,2022,3,23,port669,Luganville,Vanuatu,VUT,0,0,0,0,0,0,0,0,0,0,0,0,0,0,0,0,0,0,0,0,0
2022-03-23 00:00:00+00:00,2022,3,23,port980,Port Vila,Vanuatu,VUT,1,0,0,0,0,1,1,1035,0,0,0,0,1035,1035,0,0,0,0,0,0,0
2022-03-22 00:00:00+00:00,2022,3,22,port669,Luganville,Vanuatu,VUT,0,0,0,0,0,0,0,0,0,0,0,0,0,0,0,0,0,0,0,0,0
2022-03-22 00:00:00+00:00,2022,3,22,port980,Port Vila,Vanuatu,VUT,0,0,0,0,0,0,0,0,0,0,0,0,0,0,0,0,0,0,0,0,0
2022-03-21 00:00:00+00:00,2022,3,21,port669,Luganville,Vanuatu,VUT,0,0,0,0,0,0,0,0,0,0,0,0,0,0,0,0,0,0,0,0,0
2022-03-21 00:00:00+00:00,2022,3,21,port980,Port Vila,Vanuatu,VUT,0,0,0,0,1,0,1,0,0,0,0,311,0,311,0,0,0,0,175,0,175
2022-03-20 00:00:00+00:00,2022,3,20,port669,Luganville,Vanuatu,VUT,0,0,0,0,0,0,0,0,0,0,0,0,0,0,0,0,0,0,0,0,0
2022-03-20 00:00:00+00:00,2022,3,20,port980,Port Vila,Vanuatu,VUT,0,0,0,0,0,0,0,0,0,0,0,0,0,0,0,0,0,0,0,0,0
2022-03-19 00:00:00+00:00,2022,3,19,port669,Luganville,Vanuatu,VUT,0,0,0,0,0,0,0,0,0,0,0,0,0,0,0,0,0,0,0,0,0
2022-03-19 00:00:00+00:00,2022,3,19,port980,Port Vila,Vanuatu,VUT,0,0,0,0,0,0,0,0,0,0,0,0,0,0,0,0,0,0,0,0,0
2022-03-18 00:00:00+00:00,2022,3,18,port669,Luganville,Vanuatu,VUT,0,0,0,0,0,0,0,0,0,0,0,0,0,0,0,0,0,0,0,0,0
2022-03-18 00:00:00+00:00,2022,3,18,port980,Port Vila,Vanuatu,VUT,1,0,0,0,0,1,1,1032,0,0,0,0,1032,1032,377,0,0,0,0,377,377
2022-03-17 00:00:00+00:00,2022,3,17,port669,Luganville,Vanuatu,VUT,0,0,0,0,0,0,0,0,0,0,0,0,0,0,0,0,0,0,0,0,0
2022-03-17 00:00:00+00:00,2022,3,17,port980,Port Vila,Vanuatu,VUT,0,0,1,0,0,1,1,0,0,832,0,0,832,832,0,0,183,0,0,183,183
2022-03-16 00:00:00+00:00,2022,3,16,port669,Luganville,Vanuatu,VUT,0,0,0,0,0,0,0,0,0,0,0,0,0,0,0,0,0,0,0,0,0
2022-03-16 00:00:00+00:00,2022,3,16,port980,Port Vila,Vanuatu,VUT,0,0,0,0,0,0,0,0,0,0,0,0,0,0,0,0,0,0,0,0,0
2022-03-15 00:00:00+00:00,2022,3,15,port669,Luganville,Vanuatu,VUT,0,0,0,0,1,0,1,0,0,0,0,0,0,0,0,0,0,0,0,0,0
2022-03-15 00:00:00+00:00,2022,3,15,port980,Port Vila,Vanuatu,VUT,0,0,0,0,0,0,0,0,0,0,0,0,0,0,0,0,0,0,0,0,0
2022-03-14 00:00:00+00:00,2022,3,14,port669,Luganville,Vanuatu,VUT,0,0,0,0,0,0,0,0,0,0,0,0,0,0,0,0,0,0,0,0,0
2022-03-14 00:00:00+00:00,2022,3,14,port980,Port Vila,Vanuatu,VUT,0,0,0,0,0,0,0,0,0,0,0,0,0,0,0,0,0,0,0,0,0
2022-03-13 00:00:00+00:00,2022,3,13,port669,Luganville,Vanuatu,VUT,0,0,0,0,0,0,0,0,0,0,0,0,0,0,0,0,0,0,0,0,0
2022-03-13 00:00:00+00:00,2022,3,13,port980,Port Vila,Vanuatu,VUT,0,0,0,0,0,0,0,0,0,0,0,0,0,0,0,0,0,0,0,0,0
2022-03-12 00:00:00+00:00,2022,3,12,port669,Luganville,Vanuatu,VUT,0,0,0,0,0,0,0,0,0,0,0,0,0,0,0,0,0,0,0,0,0
2022-03-12 00:00:00+00:00,2022,3,12,port980,Port Vila,Vanuatu,VUT,0,0,0,0,0,0,0,0,0,0,0,0,0,0,0,0,0,0,0,0,0
2022-03-11 00:00:00+00:00,2022,3,11,port669,Luganville,Vanuatu,VUT,1,0,0,0,0,1,1,0,0,0,0,0,0,0,0,0,0,0,0,0,0
2022-03-11 00:00:00+00:00,2022,3,11,port980,Port Vila,Vanuatu,VUT,0,0,0,0,0,0,0,0,0,0,0,0,0,0,0,0,0,0,0,0,0
2022-03-10 00:00:00+00:00,2022,3,10,port669,Luganville,Vanuatu,VUT,0,0,0,0,0,0,0,0,0,0,0,0,0,0,0,0,0,0,0,0,0
2022-03-10 00:00:00+00:00,2022,3,10,port980,Port Vila,Vanuatu,VUT,0,0,0,0,0,0,0,0,0,0,0,0,0,0,0,0,0,0,0,0,0
2022-03-09 00:00:00+00:00,2022,3,9,port669,Luganville,Vanuatu,VUT,1,0,0,0,0,1,1,1021,0,0,0,0,1021,1021,243,0,0,0,0,243,243
2022-03-09 00:00:00+00:00,2022,3,9,port980,Port Vila,Vanuatu,VUT,1,0,0,0,0,1,1,3055,0,0,0,0,3055,3055,0,0,0,0,0,0,0
2022-03-08 00:00:00+00:00,2022,3,8,port669,Luganville,Vanuatu,VUT,0,0,0,0,0,0,0,0,0,0,0,0,0,0,0,0,0,0,0,0,0
2022-03-08 00:00:00+00:00,2022,3,8,port980,Port Vila,Vanuatu,VUT,0,0,0,0,0,0,0,0,0,0,0,0,0,0,0,0,0,0,0,0,0
2022-03-07 00:00:00+00:00,2022,3,7,port669,Luganville,Vanuatu,VUT,0,0,0,0,0,0,0,0,0,0,0,0,0,0,0,0,0,0,0,0,0
2022-03-07 00:00:00+00:00,2022,3,7,port980,Port Vila,Vanuatu,VUT,1,0,0,0,1,1,2,1032,0,0,0,0,1032,1032,377,0,0,0,0,377,377
2022-03-06 00:00:00+00:00,2022,3,6,port669,Luganville,Vanuatu,VUT,0,0,1,0,0,1,1,0,0,883,0,0,883,883,0,0,314,0,0,314,314
2022-03-06 00:00:00+00:00,2022,3,6,port980,Port Vila,Vanuatu,VUT,0,0,0,0,0,0,0,0,0,0,0,0,0,0,0,0,0,0,0,0,0
2022-03-05 00:00:00+00:00,2022,3,5,port669,Luganville,Vanuatu,VUT,0,0,0,0,0,0,0,0,0,0,0,0,0,0,0,0,0,0,0,0,0
2022-03-05 00:00:00+00:00,2022,3,5,port980,Port Vila,Vanuatu,VUT,0,0,0,0,0,0,0,0,0,0,0,0,0,0,0,0,0,0,0,0,0
2022-03-04 00:00:00+00:00,2022,3,4,port669,Luganville,Vanuatu,VUT,0,0,0,0,0,0,0,0,0,0,0,0,0,0,0,0,0,0,0,0,0
2022-03-04 00:00:00+00:00,2022,3,4,port980,Port Vila,Vanuatu,VUT,0,0,0,0,0,0,0,0,0,0,0,0,0,0,0,0,0,0,0,0,0
2022-03-03 00:00:00+00:00,2022,3,3,port669,Luganville,Vanuatu,VUT,0,0,0,0,0,0,0,0,0,0,0,0,0,0,0,0,0,0,0,0,0
2022-03-03 00:00:00+00:00,2022,3,3,port980,Port Vila,Vanuatu,VUT,0,0,0,0,0,0,0,0,0,0,0,0,0,0,0,0,0,0,0,0,0
2022-03-02 00:00:00+00:00,2022,3,2,port669,Luganville,Vanuatu,VUT,0,0,0,0,0,0,0,0,0,0,0,0,0,0,0,0,0,0,0,0,0
2022-03-02 00:00:00+00:00,2022,3,2,port980,Port Vila,Vanuatu,VUT,0,0,0,0,0,0,0,0,0,0,0,0,0,0,0,0,0,0,0,0,0
2022-03-01 00:00:00+00:00,2022,3,1,port669,Luganville,Vanuatu,VUT,0,0,0,0,0,0,0,0,0,0,0,0,0,0,0,0,0,0,0,0,0
2022-03-01 00:00:00+00:00,2022,3,1,port980,Port Vila,Vanuatu,VUT,0,0,0,0,0,0,0,0,0,0,0,0,0,0,0,0,0,0,0,0,0
2022-02-28 00:00:00+00:00,2022,2,28,port669,Luganville,Vanuatu,VUT,0,0,0,0,0,0,0,0,0,0,0,0,0,0,0,0,0,0,0,0,0
2022-02-28 00:00:00+00:00,2022,2,28,port980,Port Vila,Vanuatu,VUT,0,0,0,0,0,0,0,0,0,0,0,0,0,0,0,0,0,0,0,0,0
2022-02-27 00:00:00+00:00,2022,2,27,port669,Luganville,Vanuatu,VUT,0,0,1,0,0,1,1,0,0,883,0,0,883,883,0,0,314,0,0,314,314
2022-02-27 00:00:00+00:00,2022,2,27,port980,Port Vila,Vanuatu,VUT,0,0,0,0,0,0,0,0,0,0,0,0,0,0,0,0,0,0,0,0,0
2022-02-26 00:00:00+00:00,2022,2,26,port669,Luganville,Vanuatu,VUT,0,0,0,0,0,0,0,0,0,0,0,0,0,0,0,0,0,0,0,0,0
2022-02-26 00:00:00+00:00,2022,2,26,port980,Port Vila,Vanuatu,VUT,0,0,0,0,0,0,0,0,0,0,0,0,0,0,0,0,0,0,0,0,0
2022-02-25 00:00:00+00:00,2022,2,25,port669,Luganville,Vanuatu,VUT,0,0,0,0,0,0,0,0,0,0,0,0,0,0,0,0,0,0,0,0,0
2022-02-25 00:00:00+00:00,2022,2,25,port980,Port Vila,Vanuatu,VUT,0,0,1,0,0,1,1,0,0,832,0,0,832,832,0,0,183,0,0,183,183
2022-02-24 00:00:00+00:00,2022,2,24,port669,Luganville,Vanuatu,VUT,0,0,0,0,0,0,0,0,0,0,0,0,0,0,0,0,0,0,0,0,0
2022-02-24 00:00:00+00:00,2022,2,24,port980,Port Vila,Vanuatu,VUT,0,0,0,0,0,0,0,0,0,0,0,0,0,0,0,0,0,0,0,0,0
2022-02-23 00:00:00+00:00,2022,2,23,port669,Luganville,Vanuatu,VUT,0,0,0,0,0,0,0,0,0,0,0,0,0,0,0,0,0,0,0,0,0
2022-02-23 00:00:00+00:00,2022,2,23,port980,Port Vila,Vanuatu,VUT,0,0,0,0,0,0,0,0,0,0,0,0,0,0,0,0,0,0,0,0,0
2022-02-22 00:00:00+00:00,2022,2,22,port669,Luganville,Vanuatu,VUT,0,0,0,0,0,0,0,0,0,0,0,0,0,0,0,0,0,0,0,0,0
2022-02-22 00:00:00+00:00,2022,2,22,port980,Port Vila,Vanuatu,VUT,0,0,0,0,0,0,0,0,0,0,0,0,0,0,0,0,0,0,0,0,0
2022-02-21 00:00:00+00:00,2022,2,21,port669,Luganville,Vanuatu,VUT,0,0,0,0,0,0,0,0,0,0,0,0,0,0,0,0,0,0,0,0,0
2022-02-21 00:00:00+00:00,2022,2,21,port980,Port Vila,Vanuatu,VUT,1,0,0,0,0,1,1,0,0,0,0,0,0,0,1040,0,0,0,0,1040,1040
2022-02-20 00:00:00+00:00,2022,2,20,port669,Luganville,Vanuatu,VUT,0,0,0,0,0,0,0,0,0,0,0,0,0,0,0,0,0,0,0,0,0
2022-02-20 00:00:00+00:00,2022,2,20,port980,Port Vila,Vanuatu,VUT,0,0,0,0,0,0,0,0,0,0,0,0,0,0,0,0,0,0,0,0,0
2022-02-19 00:00:00+00:00,2022,2,19,port669,Luganville,Vanuatu,VUT,0,0,0,0,0,0,0,0,0,0,0,0,0,0,0,0,0,0,0,0,0
2022-02-19 00:00:00+00:00,2022,2,19,port980,Port Vila,Vanuatu,VUT,0,0,0,0,0,0,0,0,0,0,0,0,0,0,0,0,0,0,0,0,0
2022-02-18 00:00:00+00:00,2022,2,18,port669,Luganville,Vanuatu,VUT,0,0,0,0,0,0,0,0,0,0,0,0,0,0,0,0,0,0,0,0,0
2022-02-18 00:00:00+00:00,2022,2,18,port980,Port Vila,Vanuatu,VUT,0,0,0,0,1,0,1,0,0,0,0,311,0,311,0,0,0,0,175,0,175
2022-02-17 00:00:00+00:00,2022,2,17,port669,Luganville,Vanuatu,VUT,0,0,0,0,0,0,0,0,0,0,0,0,0,0,0,0,0,0,0,0,0
2022-02-17 00:00:00+00:00,2022,2,17,port980,Port Vila,Vanuatu,VUT,1,0,0,0,0,1,1,1032,0,0,0,0,1032,1032,377,0,0,0,0,377,377
2022-02-16 00:00:00+00:00,2022,2,16,port669,Luganville,Vanuatu,VUT,0,0,0,0,0,0,0,0,0,0,0,0,0,0,0,0,0,0,0,0,0
2022-02-16 00:00:00+00:00,2022,2,16,port980,Port Vila,Vanuatu,VUT,0,0,2,0,0,2,2,0,0,1665,0,0,1665,1665,0,0,366,0,0,366,366
2022-02-15 00:00:00+00:00,2022,2,15,port669,Luganville,Vanuatu,VUT,0,0,0,0,0,0,0,0,0,0,0,0,0,0,0,0,0,0,0,0,0
2022-02-15 00:00:00+00:00,2022,2,15,port980,Port Vila,Vanuatu,VUT,1,0,0,0,0,1,1,2149,0,0,0,0,2149,2149,0,0,0,0,0,0,0
2022-02-14 00:00:00+00:00,2022,2,14,port669,Luganville,Vanuatu,VUT,0,0,0,0,0,0,0,0,0,0,0,0,0,0,0,0,0,0,0,0,0
2022-02-14 00:00:00+00:00,2022,2,14,port980,Port Vila,Vanuatu,VUT,0,0,0,0,0,0,0,0,0,0,0,0,0,0,0,0,0,0,0,0,0
2022-02-13 00:00:00+00:00,2022,2,13,port669,Luganville,Vanuatu,VUT,0,0,0,0,0,0,0,0,0,0,0,0,0,0,0,0,0,0,0,0,0
2022-02-13 00:00:00+00:00,2022,2,13,port980,Port Vila,Vanuatu,VUT,0,0,0,0,0,0,0,0,0,0,0,0,0,0,0,0,0,0,0,0,0
2022-02-12 00:00:00+00:00,2022,2,12,port669,Luganville,Vanuatu,VUT,0,0,0,0,0,0,0,0,0,0,0,0,0,0,0,0,0,0,0,0,0
2022-02-12 00:00:00+00:00,2022,2,12,port980,Port Vila,Vanuatu,VUT,0,0,0,0,0,0,0,0,0,0,0,0,0,0,0,0,0,0,0,0,0
2022-02-11 00:00:00+00:00,2022,2,11,port669,Luganville,Vanuatu,VUT,0,0,0,0,0,0,0,0,0,0,0,0,0,0,0,0,0,0,0,0,0
2022-02-11 00:00:00+00:00,2022,2,11,port980,Port Vila,Vanuatu,VUT,0,0,0,0,0,0,0,0,0,0,0,0,0,0,0,0,0,0,0,0,0
2022-02-10 00:00:00+00:00,2022,2,10,port669,Luganville,Vanuatu,VUT,0,0,0,0,0,0,0,0,0,0,0,0,0,0,0,0,0,0,0,0,0
2022-02-10 00:00:00+00:00,2022,2,10,port980,Port Vila,Vanuatu,VUT,0,0,0,0,0,0,0,0,0,0,0,0,0,0,0,0,0,0,0,0,0
2022-02-09 00:00:00+00:00,2022,2,9,port669,Luganville,Vanuatu,VUT,0,0,0,0,0,0,0,0,0,0,0,0,0,0,0,0,0,0,0,0,0
2022-02-09 00:00:00+00:00,2022,2,9,port980,Port Vila,Vanuatu,VUT,0,0,0,0,0,0,0,0,0,0,0,0,0,0,0,0,0,0,0,0,0
2022-02-08 00:00:00+00:00,2022,2,8,port669,Luganville,Vanuatu,VUT,0,0,0,0,0,0,0,0,0,0,0,0,0,0,0,0,0,0,0,0,0
2022-02-08 00:00:00+00:00,2022,2,8,port980,Port Vila,Vanuatu,VUT,0,0,0,0,0,0,0,0,0,0,0,0,0,0,0,0,0,0,0,0,0
2022-02-07 00:00:00+00:00,2022,2,7,port669,Luganville,Vanuatu,VUT,0,0,1,0,0,1,1,0,0,883,0,0,883,883,0,0,314,0,0,314,314
2022-02-07 00:00:00+00:00,2022,2,7,port980,Port Vila,Vanuatu,VUT,0,0,0,0,0,0,0,0,0,0,0,0,0,0,0,0,0,0,0,0,0
2022-02-06 00:00:00+00:00,2022,2,6,port669,Luganville,Vanuatu,VUT,1,0,0,0,0,1,1,772,0,0,0,0,772,772,0,0,0,0,0,0,0
2022-02-06 00:00:00+00:00,2022,2,6,port980,Port Vila,Vanuatu,VUT,0,0,1,0,0,1,1,0,0,5442,0,0,5442,5442,0,0,0,0,0,0,0
2022-02-05 00:00:00+00:00,2022,2,5,port669,Luganville,Vanuatu,VUT,0,0,0,0,0,0,0,0,0,0,0,0,0,0,0,0,0,0,0,0,0
2022-02-05 00:00:00+00:00,2022,2,5,port980,Port Vila,Vanuatu,VUT,0,0,0,0,0,0,0,0,0,0,0,0,0,0,0,0,0,0,0,0,0
2022-02-04 00:00:00+00:00,2022,2,4,port669,Luganville,Vanuatu,VUT,0,0,1,0,0,1,1,0,0,883,0,0,883,883,0,0,314,0,0,314,314
2022-02-04 00:00:00+00:00,2022,2,4,port980,Port Vila,Vanuatu,VUT,0,0,0,0,0,0,0,0,0,0,0,0,0,0,0,0,0,0,0,0,0
2022-02-03 00:00:00+00:00,2022,2,3,port669,Luganville,Vanuatu,VUT,0,0,1,0,0,1,1,0,0,3413,0,0,3413,3413,0,0,0,0,0,0,0
2022-02-03 00:00:00+00:00,2022,2,3,port980,Port Vila,Vanuatu,VUT,0,0,1,0,0,1,1,0,0,319,0,0,319,319,0,0,0,0,0,0,0
2022-02-02 00:00:00+00:00,2022,2,2,port669,Luganville,Vanuatu,VUT,0,0,0,0,0,0,0,0,0,0,0,0,0,0,0,0,0,0,0,0,0
2022-02-02 00:00:00+00:00,2022,2,2,port980,Port Vila,Vanuatu,VUT,0,0,0,0,0,0,0,0,0,0,0,0,0,0,0,0,0,0,0,0,0
2022-02-01 00:00:00+00:00,2022,2,1,port669,Luganville,Vanuatu,VUT,0,0,0,0,0,0,0,0,0,0,0,0,0,0,0,0,0,0,0,0,0
2022-02-01 00:00:00+00:00,2022,2,1,port980,Port Vila,Vanuatu,VUT,0,0,1,0,0,1,1,0,0,0,0,0,0,0,0,0,203,0,0,203,203
2022-01-31 00:00:00+00:00,2022,1,31,port669,Luganville,Vanuatu,VUT,0,0,0,0,0,0,0,0,0,0,0,0,0,0,0,0,0,0,0,0,0
2022-01-31 00:00:00+00:00,2022,1,31,port980,Port Vila,Vanuatu,VUT,0,0,0,0,0,0,0,0,0,0,0,0,0,0,0,0,0,0,0,0,0
2022-01-30 00:00:00+00:00,2022,1,30,port669,Luganville,Vanuatu,VUT,0,0,0,0,0,0,0,0,0,0,0,0,0,0,0,0,0,0,0,0,0
2022-01-30 00:00:00+00:00,2022,1,30,port980,Port Vila,Vanuatu,VUT,1,0,0,0,0,1,1,2611,0,0,0,0,2611,2611,0,0,0,0,0,0,0
2022-01-29 00:00:00+00:00,2022,1,29,port669,Luganville,Vanuatu,VUT,0,0,0,0,0,0,0,0,0,0,0,0,0,0,0,0,0,0,0,0,0
2022-01-29 00:00:00+00:00,2022,1,29,port980,Port Vila,Vanuatu,VUT,0,0,0,0,0,0,0,0,0,0,0,0,0,0,0,0,0,0,0,0,0
2022-01-28 00:00:00+00:00,2022,1,28,port669,Luganville,Vanuatu,VUT,0,0,0,0,0,0,0,0,0,0,0,0,0,0,0,0,0,0,0,0,0
2022-01-28 00:00:00+00:00,2022,1,28,port980,Port Vila,Vanuatu,VUT,0,0,0,0,0,0,0,0,0,0,0,0,0,0,0,0,0,0,0,0,0
2022-01-27 00:00:00+00:00,2022,1,27,port669,Luganville,Vanuatu,VUT,0,0,0,0,0,0,0,0,0,0,0,0,0,0,0,0,0,0,0,0,0
2022-01-27 00:00:00+00:00,2022,1,27,port980,Port Vila,Vanuatu,VUT,0,0,0,0,0,0,0,0,0,0,0,0,0,0,0,0,0,0,0,0,0
2022-01-26 00:00:00+00:00,2022,1,26,port669,Luganville,Vanuatu,VUT,0,0,0,0,0,0,0,0,0,0,0,0,0,0,0,0,0,0,0,0,0
2022-01-26 00:00:00+00:00,2022,1,26,port980,Port Vila,Vanuatu,VUT,0,0,1,0,0,1,1,0,0,832,0,0,832,832,0,0,183,0,0,183,183
2022-01-25 00:00:00+00:00,2022,1,25,port669,Luganville,Vanuatu,VUT,0,0,1,0,0,1,1,0,0,883,0,0,883,883,0,0,314,0,0,314,314
2022-01-25 00:00:00+00:00,2022,1,25,port980,Port Vila,Vanuatu,VUT,0,0,0,0,0,0,0,0,0,0,0,0,0,0,0,0,0,0,0,0,0
2022-01-24 00:00:00+00:00,2022,1,24,port669,Luganville,Vanuatu,VUT,0,0,0,0,0,0,0,0,0,0,0,0,0,0,0,0,0,0,0,0,0
2022-01-24 00:00:00+00:00,2022,1,24,port980,Port Vila,Vanuatu,VUT,0,0,0,0,0,0,0,0,0,0,0,0,0,0,0,0,0,0,0,0,0
2022-01-23 00:00:00+00:00,2022,1,23,port669,Luganville,Vanuatu,VUT,0,0,0,0,0,0,0,0,0,0,0,0,0,0,0,0,0,0,0,0,0
2022-01-23 00:00:00+00:00,2022,1,23,port980,Port Vila,Vanuatu,VUT,0,0,1,0,0,1,1,0,0,832,0,0,832,832,0,0,183,0,0,183,183
2022-01-22 00:00:00+00:00,2022,1,22,port669,Luganville,Vanuatu,VUT,0,0,1,0,0,1,1,0,0,883,0,0,883,883,0,0,314,0,0,314,314
2022-01-22 00:00:00+00:00,2022,1,22,port980,Port Vila,Vanuatu,VUT,0,0,0,0,0,0,0,0,0,0,0,0,0,0,0,0,0,0,0,0,0
2022-01-21 00:00:00+00:00,2022,1,21,port669,Luganville,Vanuatu,VUT,0,0,0,0,0,0,0,0,0,0,0,0,0,0,0,0,0,0,0,0,0
2022-01-21 00:00:00+00:00,2022,1,21,port980,Port Vila,Vanuatu,VUT,0,0,0,0,0,0,0,0,0,0,0,0,0,0,0,0,0,0,0,0,0
2022-01-20 00:00:00+00:00,2022,1,20,port669,Luganville,Vanuatu,VUT,0,0,0,0,0,0,0,0,0,0,0,0,0,0,0,0,0,0,0,0,0
2022-01-20 00:00:00+00:00,2022,1,20,port980,Port Vila,Vanuatu,VUT,0,0,0,0,0,0,0,0,0,0,0,0,0,0,0,0,0,0,0,0,0
2022-01-19 00:00:00+00:00,2022,1,19,port669,Luganville,Vanuatu,VUT,0,0,0,0,0,0,0,0,0,0,0,0,0,0,0,0,0,0,0,0,0
2022-01-19 00:00:00+00:00,2022,1,19,port980,Port Vila,Vanuatu,VUT,0,0,0,0,0,0,0,0,0,0,0,0,0,0,0,0,0,0,0,0,0
2022-01-18 00:00:00+00:00,2022,1,18,port669,Luganville,Vanuatu,VUT,0,0,0,0,0,0,0,0,0,0,0,0,0,0,0,0,0,0,0,0,0
2022-01-18 00:00:00+00:00,2022,1,18,port980,Port Vila,Vanuatu,VUT,0,0,0,0,0,0,0,0,0,0,0,0,0,0,0,0,0,0,0,0,0
2022-01-17 00:00:00+00:00,2022,1,17,port669,Luganville,Vanuatu,VUT,0,0,0,0,0,0,0,0,0,0,0,0,0,0,0,0,0,0,0,0,0
2022-01-17 00:00:00+00:00,2022,1,17,port980,Port Vila,Vanuatu,VUT,0,0,0,0,0,0,0,0,0,0,0,0,0,0,0,0,0,0,0,0,0
2022-01-16 00:00:00+00:00,2022,1,16,port669,Luganville,Vanuatu,VUT,0,0,0,0,0,0,0,0,0,0,0,0,0,0,0,0,0,0,0,0,0
2022-01-16 00:00:00+00:00,2022,1,16,port980,Port Vila,Vanuatu,VUT,0,0,0,0,0,0,0,0,0,0,0,0,0,0,0,0,0,0,0,0,0
2022-01-15 00:00:00+00:00,2022,1,15,port669,Luganville,Vanuatu,VUT,0,0,0,0,0,0,0,0,0,0,0,0,0,0,0,0,0,0,0,0,0
2022-01-15 00:00:00+00:00,2022,1,15,port980,Port Vila,Vanuatu,VUT,1,0,0,0,0,1,1,2349,0,0,0,0,2349,2349,0,0,0,0,0,0,0
2022-01-14 00:00:00+00:00,2022,1,14,port669,Luganville,Vanuatu,VUT,0,0,1,0,0,1,1,0,0,883,0,0,883,883,0,0,314,0,0,314,314
2022-01-14 00:00:00+00:00,2022,1,14,port980,Port Vila,Vanuatu,VUT,0,0,0,0,2,0,2,0,0,0,0,311,0,311,0,0,0,0,175,0,175
2022-01-13 00:00:00+00:00,2022,1,13,port669,Luganville,Vanuatu,VUT,0,0,0,0,0,0,0,0,0,0,0,0,0,0,0,0,0,0,0,0,0
2022-01-13 00:00:00+00:00,2022,1,13,port980,Port Vila,Vanuatu,VUT,1,0,0,0,0,1,1,637,0,0,0,0,637,637,0,0,0,0,0,0,0
2022-01-12 00:00:00+00:00,2022,1,12,port669,Luganville,Vanuatu,VUT,0,0,0,0,0,0,0,0,0,0,0,0,0,0,0,0,0,0,0,0,0
2022-01-12 00:00:00+00:00,2022,1,12,port980,Port Vila,Vanuatu,VUT,0,0,0,0,0,0,0,0,0,0,0,0,0,0,0,0,0,0,0,0,0
2022-01-11 00:00:00+00:00,2022,1,11,port669,Luganville,Vanuatu,VUT,0,0,0,0,0,0,0,0,0,0,0,0,0,0,0,0,0,0,0,0,0
2022-01-11 00:00:00+00:00,2022,1,11,port980,Port Vila,Vanuatu,VUT,0,0,1,0,0,1,1,0,0,832,0,0,832,832,0,0,183,0,0,183,183
2022-01-10 00:00:00+00:00,2022,1,10,port669,Luganville,Vanuatu,VUT,0,0,0,0,0,0,0,0,0,0,0,0,0,0,0,0,0,0,0,0,0
2022-01-10 00:00:00+00:00,2022,1,10,port980,Port Vila,Vanuatu,VUT,0,0,0,0,0,0,0,0,0,0,0,0,0,0,0,0,0,0,0,0,0
2022-01-09 00:00:00+00:00,2022,1,9,port669,Luganville,Vanuatu,VUT,0,0,0,0,0,0,0,0,0,0,0,0,0,0,0,0,0,0,0,0,0
2022-01-09 00:00:00+00:00,2022,1,9,port980,Port Vila,Vanuatu,VUT,0,0,0,0,0,0,0,0,0,0,0,0,0,0,0,0,0,0,0,0,0
2022-01-08 00:00:00+00:00,2022,1,8,port669,Luganville,Vanuatu,VUT,0,0,0,0,0,0,0,0,0,0,0,0,0,0,0,0,0,0,0,0,0
2022-01-08 00:00:00+00:00,2022,1,8,port980,Port Vila,Vanuatu,VUT,0,0,0,0,0,0,0,0,0,0,0,0,0,0,0,0,0,0,0,0,0
2022-01-07 00:00:00+00:00,2022,1,7,port669,Luganville,Vanuatu,VUT,0,0,1,0,0,1,1,0,0,883,0,0,883,883,0,0,314,0,0,314,314
2022-01-07 00:00:00+00:00,2022,1,7,port980,Port Vila,Vanuatu,VUT,0,0,0,0,0,0,0,0,0,0,0,0,0,0,0,0,0,0,0,0,0
2022-01-06 00:00:00+00:00,2022,1,6,port669,Luganville,Vanuatu,VUT,0,0,0,0,0,0,0,0,0,0,0,0,0,0,0,0,0,0,0,0,0
2022-01-06 00:00:00+00:00,2022,1,6,port980,Port Vila,Vanuatu,VUT,0,0,0,0,0,0,0,0,0,0,0,0,0,0,0,0,0,0,0,0,0
2022-01-05 00:00:00+00:00,2022,1,5,port669,Luganville,Vanuatu,VUT,1,0,0,0,0,1,1,0,0,0,0,0,0,0,389,0,0,0,0,389,389
2022-01-05 00:00:00+00:00,2022,1,5,port980,Port Vila,Vanuatu,VUT,0,0,0,0,0,0,0,0,0,0,0,0,0,0,0,0,0,0,0,0,0
2022-01-04 00:00:00+00:00,2022,1,4,port669,Luganville,Vanuatu,VUT,0,0,0,0,0,0,0,0,0,0,0,0,0,0,0,0,0,0,0,0,0
2022-01-04 00:00:00+00:00,2022,1,4,port980,Port Vila,Vanuatu,VUT,0,0,0,0,0,0,0,0,0,0,0,0,0,0,0,0,0,0,0,0,0
2022-01-03 00:00:00+00:00,2022,1,3,port669,Luganville,Vanuatu,VUT,0,0,0,0,0,0,0,0,0,0,0,0,0,0,0,0,0,0,0,0,0
2022-01-03 00:00:00+00:00,2022,1,3,port980,Port Vila,Vanuatu,VUT,0,0,0,0,0,0,0,0,0,0,0,0,0,0,0,0,0,0,0,0,0
2022-01-02 00:00:00+00:00,2022,1,2,port669,Luganville,Vanuatu,VUT,0,0,0,0,0,0,0,0,0,0,0,0,0,0,0,0,0,0,0,0,0
2022-01-02 00:00:00+00:00,2022,1,2,port980,Port Vila,Vanuatu,VUT,0,0,0,0,0,0,0,0,0,0,0,0,0,0,0,0,0,0,0,0,0
2022-01-01 00:00:00+00:00,2022,1,1,port669,Luganville,Vanuatu,VUT,0,0,0,0,0,0,0,0,0,0,0,0,0,0,0,0,0,0,0,0,0
2022-01-01 00:00:00+00:00,2022,1,1,port980,Port Vila,Vanuatu,VUT,0,0,0,0,0,0,0,0,0,0,0,0,0,0,0,0,0,0,0,0,0
2021-12-31 00:00:00+00:00,2021,12,31,port669,Luganville,Vanuatu,VUT,0,0,0,0,0,0,0,0,0,0,0,0,0,0,0,0,0,0,0,0,0
2021-12-31 00:00:00+00:00,2021,12,31,port980,Port Vila,Vanuatu,VUT,0,0,0,0,0,0,0,0,0,0,0,0,0,0,0,0,0,0,0,0,0
2021-12-30 00:00:00+00:00,2021,12,30,port669,Luganville,Vanuatu,VUT,0,0,1,0,0,1,1,0,0,883,0,0,883,883,0,0,314,0,0,314,314
2021-12-30 00:00:00+00:00,2021,12,30,port980,Port Vila,Vanuatu,VUT,0,0,0,0,0,0,0,0,0,0,0,0,0,0,0,0,0,0,0,0,0
2021-12-29 00:00:00+00:00,2021,12,29,port669,Luganville,Vanuatu,VUT,0,0,1,0,0,1,1,0,0,883,0,0,883,883,0,0,314,0,0,314,314
2021-12-29 00:00:00+00:00,2021,12,29,port980,Port Vila,Vanuatu,VUT,0,0,0,0,0,0,0,0,0,0,0,0,0,0,0,0,0,0,0,0,0
2021-12-28 00:00:00+00:00,2021,12,28,port669,Luganville,Vanuatu,VUT,0,0,0,0,0,0,0,0,0,0,0,0,0,0,0,0,0,0,0,0,0
2021-12-28 00:00:00+00:00,2021,12,28,port980,Port Vila,Vanuatu,VUT,0,0,1,0,0,1,1,0,0,832,0,0,832,832,0,0,183,0,0,183,183
2021-12-27 00:00:00+00:00,2021,12,27,port669,Luganville,Vanuatu,VUT,0,0,0,0,0,0,0,0,0,0,0,0,0,0,0,0,0,0,0,0,0
2021-12-27 00:00:00+00:00,2021,12,27,port980,Port Vila,Vanuatu,VUT,0,0,0,0,0,0,0,0,0,0,0,0,0,0,0,0,0,0,0,0,0
2021-12-26 00:00:00+00:00,2021,12,26,port669,Luganville,Vanuatu,VUT,0,0,0,0,0,0,0,0,0,0,0,0,0,0,0,0,0,0,0,0,0
2021-12-26 00:00:00+00:00,2021,12,26,port980,Port Vila,Vanuatu,VUT,0,0,0,0,0,0,0,0,0,0,0,0,0,0,0,0,0,0,0,0,0
2021-12-25 00:00:00+00:00,2021,12,25,port669,Luganville,Vanuatu,VUT,0,0,1,0,0,1,1,0,0,883,0,0,883,883,0,0,314,0,0,314,314
2021-12-25 00:00:00+00:00,2021,12,25,port980,Port Vila,Vanuatu,VUT,0,0,1,0,0,1,1,0,0,2198,0,0,2198,2198,0,0,0,0,0,0,0
2021-12-24 00:00:00+00:00,2021,12,24,port669,Luganville,Vanuatu,VUT,0,0,0,0,0,0,0,0,0,0,0,0,0,0,0,0,0,0,0,0,0
2021-12-24 00:00:00+00:00,2021,12,24,port980,Port Vila,Vanuatu,VUT,0,0,0,0,0,0,0,0,0,0,0,0,0,0,0,0,0,0,0,0,0
2021-12-23 00:00:00+00:00,2021,12,23,port669,Luganville,Vanuatu,VUT,0,0,0,0,0,0,0,0,0,0,0,0,0,0,0,0,0,0,0,0,0
2021-12-23 00:00:00+00:00,2021,12,23,port980,Port Vila,Vanuatu,VUT,0,0,0,0,0,0,0,0,0,0,0,0,0,0,0,0,0,0,0,0,0
2021-12-22 00:00:00+00:00,2021,12,22,port669,Luganville,Vanuatu,VUT,0,0,0,0,0,0,0,0,0,0,0,0,0,0,0,0,0,0,0,0,0
2021-12-22 00:00:00+00:00,2021,12,22,port980,Port Vila,Vanuatu,VUT,1,0,0,0,0,1,1,3133,0,0,0,0,3133,3133,0,0,0,0,0,0,0
2021-12-21 00:00:00+00:00,2021,12,21,port669,Luganville,Vanuatu,VUT,0,0,0,0,0,0,0,0,0,0,0,0,0,0,0,0,0,0,0,0,0
2021-12-21 00:00:00+00:00,2021,12,21,port980,Port Vila,Vanuatu,VUT,0,0,0,0,0,0,0,0,0,0,0,0,0,0,0,0,0,0,0,0,0
2021-12-20 00:00:00+00:00,2021,12,20,port669,Luganville,Vanuatu,VUT,0,0,0,0,0,0,0,0,0,0,0,0,0,0,0,0,0,0,0,0,0
2021-12-20 00:00:00+00:00,2021,12,20,port980,Port Vila,Vanuatu,VUT,0,0,1,0,0,1,1,0,0,1900,0,0,1900,1900,0,0,0,0,0,0,0
2021-12-19 00:00:00+00:00,2021,12,19,port669,Luganville,Vanuatu,VUT,0,0,1,0,0,1,1,0,0,456,0,0,456,456,0,0,0,0,0,0,0
2021-12-19 00:00:00+00:00,2021,12,19,port980,Port Vila,Vanuatu,VUT,0,0,0,0,0,0,0,0,0,0,0,0,0,0,0,0,0,0,0,0,0
2021-12-18 00:00:00+00:00,2021,12,18,port669,Luganville,Vanuatu,VUT,0,0,0,0,0,0,0,0,0,0,0,0,0,0,0,0,0,0,0,0,0
2021-12-18 00:00:00+00:00,2021,12,18,port980,Port Vila,Vanuatu,VUT,0,0,0,0,0,0,0,0,0,0,0,0,0,0,0,0,0,0,0,0,0
2021-12-17 00:00:00+00:00,2021,12,17,port669,Luganville,Vanuatu,VUT,0,0,0,0,0,0,0,0,0,0,0,0,0,0,0,0,0,0,0,0,0
2021-12-17 00:00:00+00:00,2021,12,17,port980,Port Vila,Vanuatu,VUT,0,0,2,0,1,2,3,0,0,2439,0,311,2439,2751,0,0,183,0,175,183,358
2021-12-16 00:00:00+00:00,2021,12,16,port669,Luganville,Vanuatu,VUT,0,0,0,0,0,0,0,0,0,0,0,0,0,0,0,0,0,0,0,0,0
2021-12-16 00:00:00+00:00,2021,12,16,port980,Port Vila,Vanuatu,VUT,0,0,0,0,0,0,0,0,0,0,0,0,0,0,0,0,0,0,0,0,0
2021-12-15 00:00:00+00:00,2021,12,15,port669,Luganville,Vanuatu,VUT,0,0,1,0,0,1,1,0,0,883,0,0,883,883,0,0,314,0,0,314,314
2021-12-15 00:00:00+00:00,2021,12,15,port980,Port Vila,Vanuatu,VUT,0,0,0,0,0,0,0,0,0,0,0,0,0,0,0,0,0,0,0,0,0
2021-12-14 00:00:00+00:00,2021,12,14,port669,Luganville,Vanuatu,VUT,0,0,0,0,0,0,0,0,0,0,0,0,0,0,0,0,0,0,0,0,0
2021-12-14 00:00:00+00:00,2021,12,14,port980,Port Vila,Vanuatu,VUT,0,0,0,0,0,0,0,0,0,0,0,0,0,0,0,0,0,0,0,0,0
2021-12-13 00:00:00+00:00,2021,12,13,port669,Luganville,Vanuatu,VUT,0,0,0,0,0,0,0,0,0,0,0,0,0,0,0,0,0,0,0,0,0
2021-12-13 00:00:00+00:00,2021,12,13,port980,Port Vila,Vanuatu,VUT,0,0,0,0,0,0,0,0,0,0,0,0,0,0,0,0,0,0,0,0,0
2021-12-12 00:00:00+00:00,2021,12,12,port669,Luganville,Vanuatu,VUT,0,0,1,0,0,1,1,0,0,3077,0,0,3077,3077,0,0,0,0,0,0,0
2021-12-12 00:00:00+00:00,2021,12,12,port980,Port Vila,Vanuatu,VUT,1,0,0,0,0,1,1,0,0,0,0,0,0,0,1166,0,0,0,0,1166,1166
2021-12-11 00:00:00+00:00,2021,12,11,port669,Luganville,Vanuatu,VUT,0,0,0,0,0,0,0,0,0,0,0,0,0,0,0,0,0,0,0,0,0
2021-12-11 00:00:00+00:00,2021,12,11,port980,Port Vila,Vanuatu,VUT,0,0,1,0,0,1,1,0,0,832,0,0,832,832,0,0,183,0,0,183,183
2021-12-10 00:00:00+00:00,2021,12,10,port669,Luganville,Vanuatu,VUT,0,0,1,0,1,1,2,0,0,883,0,0,883,883,0,0,314,0,0,314,314
2021-12-10 00:00:00+00:00,2021,12,10,port980,Port Vila,Vanuatu,VUT,0,0,0,0,0,0,0,0,0,0,0,0,0,0,0,0,0,0,0,0,0
2021-12-09 00:00:00+00:00,2021,12,9,port669,Luganville,Vanuatu,VUT,0,0,0,0,0,0,0,0,0,0,0,0,0,0,0,0,0,0,0,0,0
2021-12-09 00:00:00+00:00,2021,12,9,port980,Port Vila,Vanuatu,VUT,0,0,0,0,0,0,0,0,0,0,0,0,0,0,0,0,0,0,0,0,0
2021-12-08 00:00:00+00:00,2021,12,8,port669,Luganville,Vanuatu,VUT,0,0,0,0,0,0,0,0,0,0,0,0,0,0,0,0,0,0,0,0,0
2021-12-08 00:00:00+00:00,2021,12,8,port980,Port Vila,Vanuatu,VUT,0,0,0,0,1,0,1,0,0,0,0,0,0,0,0,0,0,0,0,0,0
2021-12-07 00:00:00+00:00,2021,12,7,port669,Luganville,Vanuatu,VUT,0,0,0,0,0,0,0,0,0,0,0,0,0,0,0,0,0,0,0,0,0
2021-12-07 00:00:00+00:00,2021,12,7,port980,Port Vila,Vanuatu,VUT,0,0,0,0,0,0,0,0,0,0,0,0,0,0,0,0,0,0,0,0,0
2021-12-06 00:00:00+00:00,2021,12,6,port669,Luganville,Vanuatu,VUT,0,0,0,0,0,0,0,0,0,0,0,0,0,0,0,0,0,0,0,0,0
2021-12-06 00:00:00+00:00,2021,12,6,port980,Port Vila,Vanuatu,VUT,0,0,1,0,0,1,1,0,0,832,0,0,832,832,0,0,183,0,0,183,183
2021-12-05 00:00:00+00:00,2021,12,5,port669,Luganville,Vanuatu,VUT,0,0,0,0,0,0,0,0,0,0,0,0,0,0,0,0,0,0,0,0,0
2021-12-05 00:00:00+00:00,2021,12,5,port980,Port Vila,Vanuatu,VUT,0,0,1,0,0,1,1,0,0,2432,0,0,2432,2432,0,0,0,0,0,0,0
2021-12-04 00:00:00+00:00,2021,12,4,port669,Luganville,Vanuatu,VUT,0,0,1,0,0,1,1,0,0,883,0,0,883,883,0,0,314,0,0,314,314
2021-12-04 00:00:00+00:00,2021,12,4,port980,Port Vila,Vanuatu,VUT,0,0,0,0,0,0,0,0,0,0,0,0,0,0,0,0,0,0,0,0,0
2021-12-03 00:00:00+00:00,2021,12,3,port669,Luganville,Vanuatu,VUT,0,0,0,0,0,0,0,0,0,0,0,0,0,0,0,0,0,0,0,0,0
2021-12-03 00:00:00+00:00,2021,12,3,port980,Port Vila,Vanuatu,VUT,0,0,0,0,0,0,0,0,0,0,0,0,0,0,0,0,0,0,0,0,0
2021-12-02 00:00:00+00:00,2021,12,2,port669,Luganville,Vanuatu,VUT,1,0,0,0,0,1,1,2344,0,0,0,0,2344,2344,0,0,0,0,0,0,0
2021-12-02 00:00:00+00:00,2021,12,2,port980,Port Vila,Vanuatu,VUT,0,0,0,0,0,0,0,0,0,0,0,0,0,0,0,0,0,0,0,0,0
2021-12-01 00:00:00+00:00,2021,12,1,port669,Luganville,Vanuatu,VUT,0,0,1,0,0,1,1,0,0,636,0,0,636,636,0,0,0,0,0,0,0
2021-12-01 00:00:00+00:00,2021,12,1,port980,Port Vila,Vanuatu,VUT,0,0,1,0,0,1,1,0,0,832,0,0,832,832,0,0,183,0,0,183,183
2021-11-30 00:00:00+00:00,2021,11,30,port669,Luganville,Vanuatu,VUT,0,0,0,0,0,0,0,0,0,0,0,0,0,0,0,0,0,0,0,0,0
2021-11-30 00:00:00+00:00,2021,11,30,port980,Port Vila,Vanuatu,VUT,0,0,1,0,0,1,1,0,0,832,0,0,832,832,0,0,183,0,0,183,183
2021-11-29 00:00:00+00:00,2021,11,29,port669,Luganville,Vanuatu,VUT,0,0,0,0,0,0,0,0,0,0,0,0,0,0,0,0,0,0,0,0,0
2021-11-29 00:00:00+00:00,2021,11,29,port980,Port Vila,Vanuatu,VUT,0,0,0,0,0,0,0,0,0,0,0,0,0,0,0,0,0,0,0,0,0
2021-11-28 00:00:00+00:00,2021,11,28,port669,Luganville,Vanuatu,VUT,0,0,1,0,0,1,1,0,0,883,0,0,883,883,0,0,314,0,0,314,314
2021-11-28 00:00:00+00:00,2021,11,28,port980,Port Vila,Vanuatu,VUT,1,0,0,0,0,1,1,5655,0,0,0,0,5655,5655,0,0,0,0,0,0,0
2021-11-27 00:00:00+00:00,2021,11,27,port669,Luganville,Vanuatu,VUT,0,0,0,0,0,0,0,0,0,0,0,0,0,0,0,0,0,0,0,0,0
2021-11-27 00:00:00+00:00,2021,11,27,port980,Port Vila,Vanuatu,VUT,0,0,0,0,0,0,0,0,0,0,0,0,0,0,0,0,0,0,0,0,0
2021-11-26 00:00:00+00:00,2021,11,26,port669,Luganville,Vanuatu,VUT,0,0,0,0,0,0,0,0,0,0,0,0,0,0,0,0,0,0,0,0,0
2021-11-26 00:00:00+00:00,2021,11,26,port980,Port Vila,Vanuatu,VUT,0,0,0,0,0,0,0,0,0,0,0,0,0,0,0,0,0,0,0,0,0
2021-11-25 00:00:00+00:00,2021,11,25,port669,Luganville,Vanuatu,VUT,0,0,1,0,0,1,1,0,0,0,0,0,0,0,0,0,1648,0,0,1648,1648
2021-11-25 00:00:00+00:00,2021,11,25,port980,Port Vila,Vanuatu,VUT,0,0,1,0,0,1,1,0,0,832,0,0,832,832,0,0,183,0,0,183,183
2021-11-24 00:00:00+00:00,2021,11,24,port669,Luganville,Vanuatu,VUT,0,0,0,0,0,0,0,0,0,0,0,0,0,0,0,0,0,0,0,0,0
2021-11-24 00:00:00+00:00,2021,11,24,port980,Port Vila,Vanuatu,VUT,0,0,0,0,0,0,0,0,0,0,0,0,0,0,0,0,0,0,0,0,0
2021-11-23 00:00:00+00:00,2021,11,23,port669,Luganville,Vanuatu,VUT,0,0,0,0,0,0,0,0,0,0,0,0,0,0,0,0,0,0,0,0,0
2021-11-23 00:00:00+00:00,2021,11,23,port980,Port Vila,Vanuatu,VUT,0,0,0,0,0,0,0,0,0,0,0,0,0,0,0,0,0,0,0,0,0
2021-11-22 00:00:00+00:00,2021,11,22,port669,Luganville,Vanuatu,VUT,0,0,0,0,0,0,0,0,0,0,0,0,0,0,0,0,0,0,0,0,0
2021-11-22 00:00:00+00:00,2021,11,22,port980,Port Vila,Vanuatu,VUT,0,0,0,0,0,0,0,0,0,0,0,0,0,0,0,0,0,0,0,0,0
2021-11-21 00:00:00+00:00,2021,11,21,port669,Luganville,Vanuatu,VUT,0,0,1,0,0,1,1,0,0,883,0,0,883,883,0,0,314,0,0,314,314
2021-11-21 00:00:00+00:00,2021,11,21,port980,Port Vila,Vanuatu,VUT,0,0,0,0,0,0,0,0,0,0,0,0,0,0,0,0,0,0,0,0,0
2021-11-20 00:00:00+00:00,2021,11,20,port669,Luganville,Vanuatu,VUT,0,0,0,0,0,0,0,0,0,0,0,0,0,0,0,0,0,0,0,0,0
2021-11-20 00:00:00+00:00,2021,11,20,port980,Port Vila,Vanuatu,VUT,0,0,0,0,0,0,0,0,0,0,0,0,0,0,0,0,0,0,0,0,0
2021-11-19 00:00:00+00:00,2021,11,19,port669,Luganville,Vanuatu,VUT,0,0,0,0,0,0,0,0,0,0,0,0,0,0,0,0,0,0,0,0,0
2021-11-19 00:00:00+00:00,2021,11,19,port980,Port Vila,Vanuatu,VUT,0,0,0,0,0,0,0,0,0,0,0,0,0,0,0,0,0,0,0,0,0
2021-11-18 00:00:00+00:00,2021,11,18,port669,Luganville,Vanuatu,VUT,0,0,0,0,0,0,0,0,0,0,0,0,0,0,0,0,0,0,0,0,0
2021-11-18 00:00:00+00:00,2021,11,18,port980,Port Vila,Vanuatu,VUT,0,0,0,0,0,0,0,0,0,0,0,0,0,0,0,0,0,0,0,0,0
2021-11-17 00:00:00+00:00,2021,11,17,port669,Luganville,Vanuatu,VUT,0,0,0,0,0,0,0,0,0,0,0,0,0,0,0,0,0,0,0,0,0
2021-11-17 00:00:00+00:00,2021,11,17,port980,Port Vila,Vanuatu,VUT,0,0,0,0,1,0,1,0,0,0,0,311,0,311,0,0,0,0,175,0,175
2021-11-16 00:00:00+00:00,2021,11,16,port669,Luganville,Vanuatu,VUT,1,0,0,0,0,1,1,385,0,0,0,0,385,385,0,0,0,0,0,0,0
2021-11-16 00:00:00+00:00,2021,11,16,port980,Port Vila,Vanuatu,VUT,0,0,0,0,0,0,0,0,0,0,0,0,0,0,0,0,0,0,0,0,0
2021-11-15 00:00:00+00:00,2021,11,15,port669,Luganville,Vanuatu,VUT,0,0,1,0,0,1,1,0,0,883,0,0,883,883,0,0,314,0,0,314,314
2021-11-15 00:00:00+00:00,2021,11,15,port980,Port Vila,Vanuatu,VUT,0,0,0,0,0,0,0,0,0,0,0,0,0,0,0,0,0,0,0,0,0
2021-11-14 00:00:00+00:00,2021,11,14,port669,Luganville,Vanuatu,VUT,0,0,0,0,0,0,0,0,0,0,0,0,0,0,0,0,0,0,0,0,0
2021-11-14 00:00:00+00:00,2021,11,14,port980,Port Vila,Vanuatu,VUT,1,0,0,0,0,1,1,2535,0,0,0,0,2535,2535,0,0,0,0,0,0,0
2021-11-13 00:00:00+00:00,2021,11,13,port669,Luganville,Vanuatu,VUT,0,0,0,0,0,0,0,0,0,0,0,0,0,0,0,0,0,0,0,0,0
2021-11-13 00:00:00+00:00,2021,11,13,port980,Port Vila,Vanuatu,VUT,0,0,0,0,0,0,0,0,0,0,0,0,0,0,0,0,0,0,0,0,0
2021-11-12 00:00:00+00:00,2021,11,12,port669,Luganville,Vanuatu,VUT,0,0,0,0,0,0,0,0,0,0,0,0,0,0,0,0,0,0,0,0,0
2021-11-12 00:00:00+00:00,2021,11,12,port980,Port Vila,Vanuatu,VUT,1,0,0,0,0,1,1,0,0,0,0,0,0,0,316,0,0,0,0,316,316
2021-11-11 00:00:00+00:00,2021,11,11,port669,Luganville,Vanuatu,VUT,0,0,0,0,0,0,0,0,0,0,0,0,0,0,0,0,0,0,0,0,0
2021-11-11 00:00:00+00:00,2021,11,11,port980,Port Vila,Vanuatu,VUT,0,0,1,0,0,1,1,0,0,832,0,0,832,832,0,0,183,0,0,183,183
2021-11-10 00:00:00+00:00,2021,11,10,port669,Luganville,Vanuatu,VUT,0,0,0,0,0,0,0,0,0,0,0,0,0,0,0,0,0,0,0,0,0
2021-11-10 00:00:00+00:00,2021,11,10,port980,Port Vila,Vanuatu,VUT,0,0,0,0,0,0,0,0,0,0,0,0,0,0,0,0,0,0,0,0,0
2021-11-09 00:00:00+00:00,2021,11,9,port669,Luganville,Vanuatu,VUT,0,0,0,0,0,0,0,0,0,0,0,0,0,0,0,0,0,0,0,0,0
2021-11-09 00:00:00+00:00,2021,11,9,port980,Port Vila,Vanuatu,VUT,0,0,0,0,0,0,0,0,0,0,0,0,0,0,0,0,0,0,0,0,0
2021-11-08 00:00:00+00:00,2021,11,8,port669,Luganville,Vanuatu,VUT,0,0,0,0,0,0,0,0,0,0,0,0,0,0,0,0,0,0,0,0,0
2021-11-08 00:00:00+00:00,2021,11,8,port980,Port Vila,Vanuatu,VUT,1,0,0,0,0,1,1,1950,0,0,0,0,1950,1950,0,0,0,0,0,0,0
2021-11-07 00:00:00+00:00,2021,11,7,port669,Luganville,Vanuatu,VUT,0,0,0,0,0,0,0,0,0,0,0,0,0,0,0,0,0,0,0,0,0
2021-11-07 00:00:00+00:00,2021,11,7,port980,Port Vila,Vanuatu,VUT,0,0,0,0,0,0,0,0,0,0,0,0,0,0,0,0,0,0,0,0,0
2021-11-06 00:00:00+00:00,2021,11,6,port669,Luganville,Vanuatu,VUT,0,0,0,0,0,0,0,0,0,0,0,0,0,0,0,0,0,0,0,0,0
2021-11-06 00:00:00+00:00,2021,11,6,port980,Port Vila,Vanuatu,VUT,0,0,0,0,0,0,0,0,0,0,0,0,0,0,0,0,0,0,0,0,0
2021-11-05 00:00:00+00:00,2021,11,5,port669,Luganville,Vanuatu,VUT,0,0,0,0,0,0,0,0,0,0,0,0,0,0,0,0,0,0,0,0,0
2021-11-05 00:00:00+00:00,2021,11,5,port980,Port Vila,Vanuatu,VUT,0,0,0,0,0,0,0,0,0,0,0,0,0,0,0,0,0,0,0,0,0
2021-11-04 00:00:00+00:00,2021,11,4,port669,Luganville,Vanuatu,VUT,0,0,0,0,0,0,0,0,0,0,0,0,0,0,0,0,0,0,0,0,0
2021-11-04 00:00:00+00:00,2021,11,4,port980,Port Vila,Vanuatu,VUT,0,0,1,0,0,1,1,0,0,832,0,0,832,832,0,0,183,0,0,183,183
2021-11-03 00:00:00+00:00,2021,11,3,port669,Luganville,Vanuatu,VUT,0,0,0,0,0,0,0,0,0,0,0,0,0,0,0,0,0,0,0,0,0
2021-11-03 00:00:00+00:00,2021,11,3,port980,Port Vila,Vanuatu,VUT,0,0,0,0,0,0,0,0,0,0,0,0,0,0,0,0,0,0,0,0,0
2021-11-02 00:00:00+00:00,2021,11,2,port669,Luganville,Vanuatu,VUT,1,0,0,0,0,1,1,388,0,0,0,0,388,388,0,0,0,0,0,0,0
2021-11-02 00:00:00+00:00,2021,11,2,port980,Port Vila,Vanuatu,VUT,0,0,0,0,0,0,0,0,0,0,0,0,0,0,0,0,0,0,0,0,0
2021-11-01 00:00:00+00:00,2021,11,1,port669,Luganville,Vanuatu,VUT,0,0,0,0,0,0,0,0,0,0,0,0,0,0,0,0,0,0,0,0,0
2021-11-01 00:00:00+00:00,2021,11,1,port980,Port Vila,Vanuatu,VUT,0,0,0,0,0,0,0,0,0,0,0,0,0,0,0,0,0,0,0,0,0
2021-10-31 00:00:00+00:00,2021,10,31,port669,Luganville,Vanuatu,VUT,0,0,1,0,0,1,1,0,0,883,0,0,883,883,0,0,314,0,0,314,314
2021-10-31 00:00:00+00:00,2021,10,31,port980,Port Vila,Vanuatu,VUT,0,0,0,0,0,0,0,0,0,0,0,0,0,0,0,0,0,0,0,0,0
2021-10-30 00:00:00+00:00,2021,10,30,port669,Luganville,Vanuatu,VUT,0,0,0,0,0,0,0,0,0,0,0,0,0,0,0,0,0,0,0,0,0
2021-10-30 00:00:00+00:00,2021,10,30,port980,Port Vila,Vanuatu,VUT,1,0,0,0,0,1,1,1240,0,0,0,0,1240,1240,125,0,0,0,0,125,125
2021-10-29 00:00:00+00:00,2021,10,29,port669,Luganville,Vanuatu,VUT,0,0,0,0,0,0,0,0,0,0,0,0,0,0,0,0,0,0,0,0,0
2021-10-29 00:00:00+00:00,2021,10,29,port980,Port Vila,Vanuatu,VUT,0,0,0,0,0,0,0,0,0,0,0,0,0,0,0,0,0,0,0,0,0
2021-10-28 00:00:00+00:00,2021,10,28,port669,Luganville,Vanuatu,VUT,0,0,0,0,0,0,0,0,0,0,0,0,0,0,0,0,0,0,0,0,0
2021-10-28 00:00:00+00:00,2021,10,28,port980,Port Vila,Vanuatu,VUT,0,0,1,0,0,1,1,0,0,832,0,0,832,832,0,0,183,0,0,183,183
2021-10-27 00:00:00+00:00,2021,10,27,port669,Luganville,Vanuatu,VUT,0,0,0,0,0,0,0,0,0,0,0,0,0,0,0,0,0,0,0,0,0
2021-10-27 00:00:00+00:00,2021,10,27,port980,Port Vila,Vanuatu,VUT,0,0,0,0,0,0,0,0,0,0,0,0,0,0,0,0,0,0,0,0,0
2021-10-26 00:00:00+00:00,2021,10,26,port669,Luganville,Vanuatu,VUT,0,0,0,0,0,0,0,0,0,0,0,0,0,0,0,0,0,0,0,0,0
2021-10-26 00:00:00+00:00,2021,10,26,port980,Port Vila,Vanuatu,VUT,0,0,0,0,0,0,0,0,0,0,0,0,0,0,0,0,0,0,0,0,0
2021-10-25 00:00:00+00:00,2021,10,25,port669,Luganville,Vanuatu,VUT,0,0,1,0,0,1,1,0,0,883,0,0,883,883,0,0,314,0,0,314,314
2021-10-25 00:00:00+00:00,2021,10,25,port980,Port Vila,Vanuatu,VUT,0,0,0,0,0,0,0,0,0,0,0,0,0,0,0,0,0,0,0,0,0
2021-10-24 00:00:00+00:00,2021,10,24,port669,Luganville,Vanuatu,VUT,0,0,0,0,0,0,0,0,0,0,0,0,0,0,0,0,0,0,0,0,0
2021-10-24 00:00:00+00:00,2021,10,24,port980,Port Vila,Vanuatu,VUT,0,0,0,0,0,0,0,0,0,0,0,0,0,0,0,0,0,0,0,0,0
2021-10-23 00:00:00+00:00,2021,10,23,port669,Luganville,Vanuatu,VUT,0,0,0,0,0,0,0,0,0,0,0,0,0,0,0,0,0,0,0,0,0
2021-10-23 00:00:00+00:00,2021,10,23,port980,Port Vila,Vanuatu,VUT,0,0,1,0,0,1,1,0,0,0,0,0,0,0,0,0,316,0,0,316,316
2021-10-22 00:00:00+00:00,2021,10,22,port669,Luganville,Vanuatu,VUT,0,0,0,0,0,0,0,0,0,0,0,0,0,0,0,0,0,0,0,0,0
2021-10-22 00:00:00+00:00,2021,10,22,port980,Port Vila,Vanuatu,VUT,0,0,0,0,0,0,0,0,0,0,0,0,0,0,0,0,0,0,0,0,0
2021-10-21 00:00:00+00:00,2021,10,21,port669,Luganville,Vanuatu,VUT,0,0,0,0,0,0,0,0,0,0,0,0,0,0,0,0,0,0,0,0,0
2021-10-21 00:00:00+00:00,2021,10,21,port980,Port Vila,Vanuatu,VUT,0,0,0,0,0,0,0,0,0,0,0,0,0,0,0,0,0,0,0,0,0
2021-10-20 00:00:00+00:00,2021,10,20,port669,Luganville,Vanuatu,VUT,0,0,0,0,0,0,0,0,0,0,0,0,0,0,0,0,0,0,0,0,0
2021-10-20 00:00:00+00:00,2021,10,20,port980,Port Vila,Vanuatu,VUT,0,0,1,0,0,1,1,0,0,832,0,0,832,832,0,0,183,0,0,183,183
2021-10-19 00:00:00+00:00,2021,10,19,port669,Luganville,Vanuatu,VUT,0,0,0,0,0,0,0,0,0,0,0,0,0,0,0,0,0,0,0,0,0
2021-10-19 00:00:00+00:00,2021,10,19,port980,Port Vila,Vanuatu,VUT,1,0,0,0,1,1,2,0,0,0,0,311,0,311,698,0,0,0,175,698,874
2021-10-18 00:00:00+00:00,2021,10,18,port669,Luganville,Vanuatu,VUT,0,0,0,0,0,0,0,0,0,0,0,0,0,0,0,0,0,0,0,0,0
2021-10-18 00:00:00+00:00,2021,10,18,port980,Port Vila,Vanuatu,VUT,0,0,0,0,0,0,0,0,0,0,0,0,0,0,0,0,0,0,0,0,0
2021-10-17 00:00:00+00:00,2021,10,17,port669,Luganville,Vanuatu,VUT,0,0,0,0,0,0,0,0,0,0,0,0,0,0,0,0,0,0,0,0,0
2021-10-17 00:00:00+00:00,2021,10,17,port980,Port Vila,Vanuatu,VUT,0,0,0,0,0,0,0,0,0,0,0,0,0,0,0,0,0,0,0,0,0
2021-10-16 00:00:00+00:00,2021,10,16,port669,Luganville,Vanuatu,VUT,0,0,0,0,0,0,0,0,0,0,0,0,0,0,0,0,0,0,0,0,0
2021-10-16 00:00:00+00:00,2021,10,16,port980,Port Vila,Vanuatu,VUT,0,0,0,0,0,0,0,0,0,0,0,0,0,0,0,0,0,0,0,0,0
2021-10-15 00:00:00+00:00,2021,10,15,port669,Luganville,Vanuatu,VUT,0,0,1,0,0,1,1,0,0,883,0,0,883,883,0,0,314,0,0,314,314
2021-10-15 00:00:00+00:00,2021,10,15,port980,Port Vila,Vanuatu,VUT,1,0,0,0,0,1,1,779,0,0,0,0,779,779,0,0,0,0,0,0,0
2021-10-14 00:00:00+00:00,2021,10,14,port669,Luganville,Vanuatu,VUT,0,0,0,0,0,0,0,0,0,0,0,0,0,0,0,0,0,0,0,0,0
2021-10-14 00:00:00+00:00,2021,10,14,port980,Port Vila,Vanuatu,VUT,0,0,0,0,0,0,0,0,0,0,0,0,0,0,0,0,0,0,0,0,0
2021-10-13 00:00:00+00:00,2021,10,13,port669,Luganville,Vanuatu,VUT,0,0,0,0,0,0,0,0,0,0,0,0,0,0,0,0,0,0,0,0,0
2021-10-13 00:00:00+00:00,2021,10,13,port980,Port Vila,Vanuatu,VUT,0,0,0,0,0,0,0,0,0,0,0,0,0,0,0,0,0,0,0,0,0
2021-10-12 00:00:00+00:00,2021,10,12,port669,Luganville,Vanuatu,VUT,0,0,0,0,0,0,0,0,0,0,0,0,0,0,0,0,0,0,0,0,0
2021-10-12 00:00:00+00:00,2021,10,12,port980,Port Vila,Vanuatu,VUT,0,0,0,0,0,0,0,0,0,0,0,0,0,0,0,0,0,0,0,0,0
2021-10-11 00:00:00+00:00,2021,10,11,port669,Luganville,Vanuatu,VUT,0,0,0,0,0,0,0,0,0,0,0,0,0,0,0,0,0,0,0,0,0
2021-10-11 00:00:00+00:00,2021,10,11,port980,Port Vila,Vanuatu,VUT,0,0,0,0,0,0,0,0,0,0,0,0,0,0,0,0,0,0,0,0,0
2021-10-10 00:00:00+00:00,2021,10,10,port669,Luganville,Vanuatu,VUT,0,0,0,0,0,0,0,0,0,0,0,0,0,0,0,0,0,0,0,0,0
2021-10-10 00:00:00+00:00,2021,10,10,port980,Port Vila,Vanuatu,VUT,0,0,0,0,0,0,0,0,0,0,0,0,0,0,0,0,0,0,0,0,0
2021-10-09 00:00:00+00:00,2021,10,9,port669,Luganville,Vanuatu,VUT,0,0,0,0,0,0,0,0,0,0,0,0,0,0,0,0,0,0,0,0,0
2021-10-09 00:00:00+00:00,2021,10,9,port980,Port Vila,Vanuatu,VUT,0,0,0,0,1,0,1,0,0,0,0,0,0,0,0,0,0,0,0,0,0
2021-10-08 00:00:00+00:00,2021,10,8,port669,Luganville,Vanuatu,VUT,0,0,0,0,0,0,0,0,0,0,0,0,0,0,0,0,0,0,0,0,0
2021-10-08 00:00:00+00:00,2021,10,8,port980,Port Vila,Vanuatu,VUT,0,0,0,0,0,0,0,0,0,0,0,0,0,0,0,0,0,0,0,0,0
2021-10-07 00:00:00+00:00,2021,10,7,port669,Luganville,Vanuatu,VUT,0,0,0,0,0,0,0,0,0,0,0,0,0,0,0,0,0,0,0,0,0
2021-10-07 00:00:00+00:00,2021,10,7,port980,Port Vila,Vanuatu,VUT,0,0,0,0,0,0,0,0,0,0,0,0,0,0,0,0,0,0,0,0,0
2021-10-06 00:00:00+00:00,2021,10,6,port669,Luganville,Vanuatu,VUT,0,0,1,0,0,1,1,0,0,883,0,0,883,883,0,0,314,0,0,314,314
2021-10-06 00:00:00+00:00,2021,10,6,port980,Port Vila,Vanuatu,VUT,0,0,0,0,0,0,0,0,0,0,0,0,0,0,0,0,0,0,0,0,0
2021-10-05 00:00:00+00:00,2021,10,5,port669,Luganville,Vanuatu,VUT,0,0,0,0,0,0,0,0,0,0,0,0,0,0,0,0,0,0,0,0,0
2021-10-05 00:00:00+00:00,2021,10,5,port980,Port Vila,Vanuatu,VUT,0,0,0,0,0,0,0,0,0,0,0,0,0,0,0,0,0,0,0,0,0
2021-10-04 00:00:00+00:00,2021,10,4,port669,Luganville,Vanuatu,VUT,0,0,0,0,0,0,0,0,0,0,0,0,0,0,0,0,0,0,0,0,0
2021-10-04 00:00:00+00:00,2021,10,4,port980,Port Vila,Vanuatu,VUT,0,0,1,0,0,1,1,0,0,832,0,0,832,832,0,0,183,0,0,183,183
2021-10-03 00:00:00+00:00,2021,10,3,port669,Luganville,Vanuatu,VUT,0,0,0,0,0,0,0,0,0,0,0,0,0,0,0,0,0,0,0,0,0
2021-10-03 00:00:00+00:00,2021,10,3,port980,Port Vila,Vanuatu,VUT,0,0,0,0,0,0,0,0,0,0,0,0,0,0,0,0,0,0,0,0,0
2021-10-02 00:00:00+00:00,2021,10,2,port669,Luganville,Vanuatu,VUT,0,0,0,0,0,0,0,0,0,0,0,0,0,0,0,0,0,0,0,0,0
2021-10-02 00:00:00+00:00,2021,10,2,port980,Port Vila,Vanuatu,VUT,0,0,0,0,0,0,0,0,0,0,0,0,0,0,0,0,0,0,0,0,0
2021-10-01 00:00:00+00:00,2021,10,1,port669,Luganville,Vanuatu,VUT,0,0,0,0,0,0,0,0,0,0,0,0,0,0,0,0,0,0,0,0,0
2021-10-01 00:00:00+00:00,2021,10,1,port980,Port Vila,Vanuatu,VUT,0,0,0,0,0,0,0,0,0,0,0,0,0,0,0,0,0,0,0,0,0
2021-09-30 00:00:00+00:00,2021,9,30,port669,Luganville,Vanuatu,VUT,0,0,0,0,1,0,1,0,0,0,0,2081,0,2081,0,0,0,0,0,0,0
2021-09-30 00:00:00+00:00,2021,9,30,port980,Port Vila,Vanuatu,VUT,0,0,0,0,0,0,0,0,0,0,0,0,0,0,0,0,0,0,0,0,0
2021-09-29 00:00:00+00:00,2021,9,29,port669,Luganville,Vanuatu,VUT,0,0,0,0,0,0,0,0,0,0,0,0,0,0,0,0,0,0,0,0,0
2021-09-29 00:00:00+00:00,2021,9,29,port980,Port Vila,Vanuatu,VUT,0,0,0,0,0,0,0,0,0,0,0,0,0,0,0,0,0,0,0,0,0
2021-09-28 00:00:00+00:00,2021,9,28,port669,Luganville,Vanuatu,VUT,0,0,0,0,0,0,0,0,0,0,0,0,0,0,0,0,0,0,0,0,0
2021-09-28 00:00:00+00:00,2021,9,28,port980,Port Vila,Vanuatu,VUT,0,0,0,0,0,0,0,0,0,0,0,0,0,0,0,0,0,0,0,0,0
2021-09-27 00:00:00+00:00,2021,9,27,port669,Luganville,Vanuatu,VUT,1,0,1,0,0,2,2,393,0,883,0,0,1277,1277,0,0,314,0,0,314,314
2021-09-27 00:00:00+00:00,2021,9,27,port980,Port Vila,Vanuatu,VUT,0,0,0,0,0,0,0,0,0,0,0,0,0,0,0,0,0,0,0,0,0
2021-09-26 00:00:00+00:00,2021,9,26,port669,Luganville,Vanuatu,VUT,0,0,1,0,0,1,1,0,0,0,0,0,0,0,0,0,2442,0,0,2442,2442
2021-09-26 00:00:00+00:00,2021,9,26,port980,Port Vila,Vanuatu,VUT,0,0,0,0,0,0,0,0,0,0,0,0,0,0,0,0,0,0,0,0,0
2021-09-25 00:00:00+00:00,2021,9,25,port669,Luganville,Vanuatu,VUT,0,0,0,0,0,0,0,0,0,0,0,0,0,0,0,0,0,0,0,0,0
2021-09-25 00:00:00+00:00,2021,9,25,port980,Port Vila,Vanuatu,VUT,0,0,0,0,0,0,0,0,0,0,0,0,0,0,0,0,0,0,0,0,0
2021-09-24 00:00:00+00:00,2021,9,24,port669,Luganville,Vanuatu,VUT,0,0,1,0,0,1,1,0,0,632,0,0,632,632,0,0,0,0,0,0,0
2021-09-24 00:00:00+00:00,2021,9,24,port980,Port Vila,Vanuatu,VUT,0,0,0,0,0,0,0,0,0,0,0,0,0,0,0,0,0,0,0,0,0
2021-09-23 00:00:00+00:00,2021,9,23,port669,Luganville,Vanuatu,VUT,0,0,0,0,0,0,0,0,0,0,0,0,0,0,0,0,0,0,0,0,0
2021-09-23 00:00:00+00:00,2021,9,23,port980,Port Vila,Vanuatu,VUT,0,0,2,0,0,2,2,0,0,1665,0,0,1665,1665,0,0,366,0,0,366,366
2021-09-22 00:00:00+00:00,2021,9,22,port669,Luganville,Vanuatu,VUT,0,0,0,0,0,0,0,0,0,0,0,0,0,0,0,0,0,0,0,0,0
2021-09-22 00:00:00+00:00,2021,9,22,port980,Port Vila,Vanuatu,VUT,0,0,0,0,0,0,0,0,0,0,0,0,0,0,0,0,0,0,0,0,0
2021-09-21 00:00:00+00:00,2021,9,21,port669,Luganville,Vanuatu,VUT,1,0,0,0,0,1,1,828,0,0,0,0,828,828,146,0,0,0,0,146,146
2021-09-21 00:00:00+00:00,2021,9,21,port980,Port Vila,Vanuatu,VUT,0,0,0,0,1,0,1,0,0,0,0,311,0,311,0,0,0,0,175,0,175
2021-09-20 00:00:00+00:00,2021,9,20,port669,Luganville,Vanuatu,VUT,0,0,1,0,0,1,1,0,0,883,0,0,883,883,0,0,314,0,0,314,314
2021-09-20 00:00:00+00:00,2021,9,20,port980,Port Vila,Vanuatu,VUT,1,0,0,0,0,1,1,437,0,0,0,0,437,437,0,0,0,0,0,0,0
2021-09-19 00:00:00+00:00,2021,9,19,port669,Luganville,Vanuatu,VUT,0,0,0,0,0,0,0,0,0,0,0,0,0,0,0,0,0,0,0,0,0
2021-09-19 00:00:00+00:00,2021,9,19,port980,Port Vila,Vanuatu,VUT,1,0,0,0,0,1,1,1285,0,0,0,0,1285,1285,0,0,0,0,0,0,0
2021-09-18 00:00:00+00:00,2021,9,18,port669,Luganville,Vanuatu,VUT,0,0,0,0,0,0,0,0,0,0,0,0,0,0,0,0,0,0,0,0,0
2021-09-18 00:00:00+00:00,2021,9,18,port980,Port Vila,Vanuatu,VUT,0,0,0,0,0,0,0,0,0,0,0,0,0,0,0,0,0,0,0,0,0
2021-09-17 00:00:00+00:00,2021,9,17,port669,Luganville,Vanuatu,VUT,0,0,0,0,0,0,0,0,0,0,0,0,0,0,0,0,0,0,0,0,0
2021-09-17 00:00:00+00:00,2021,9,17,port980,Port Vila,Vanuatu,VUT,0,0,0,0,0,0,0,0,0,0,0,0,0,0,0,0,0,0,0,0,0
2021-09-16 00:00:00+00:00,2021,9,16,port669,Luganville,Vanuatu,VUT,0,0,0,0,0,0,0,0,0,0,0,0,0,0,0,0,0,0,0,0,0
2021-09-16 00:00:00+00:00,2021,9,16,port980,Port Vila,Vanuatu,VUT,0,0,0,0,0,0,0,0,0,0,0,0,0,0,0,0,0,0,0,0,0
2021-09-15 00:00:00+00:00,2021,9,15,port669,Luganville,Vanuatu,VUT,0,0,0,0,0,0,0,0,0,0,0,0,0,0,0,0,0,0,0,0,0
2021-09-15 00:00:00+00:00,2021,9,15,port980,Port Vila,Vanuatu,VUT,0,0,0,0,0,0,0,0,0,0,0,0,0,0,0,0,0,0,0,0,0
2021-09-14 00:00:00+00:00,2021,9,14,port669,Luganville,Vanuatu,VUT,0,0,0,0,0,0,0,0,0,0,0,0,0,0,0,0,0,0,0,0,0
2021-09-14 00:00:00+00:00,2021,9,14,port980,Port Vila,Vanuatu,VUT,0,0,0,0,0,0,0,0,0,0,0,0,0,0,0,0,0,0,0,0,0
2021-09-13 00:00:00+00:00,2021,9,13,port669,Luganville,Vanuatu,VUT,0,0,0,0,0,0,0,0,0,0,0,0,0,0,0,0,0,0,0,0,0
2021-09-13 00:00:00+00:00,2021,9,13,port980,Port Vila,Vanuatu,VUT,0,0,0,0,0,0,0,0,0,0,0,0,0,0,0,0,0,0,0,0,0
2021-09-12 00:00:00+00:00,2021,9,12,port669,Luganville,Vanuatu,VUT,0,0,0,0,0,0,0,0,0,0,0,0,0,0,0,0,0,0,0,0,0
2021-09-12 00:00:00+00:00,2021,9,12,port980,Port Vila,Vanuatu,VUT,0,0,0,0,0,0,0,0,0,0,0,0,0,0,0,0,0,0,0,0,0
2021-09-11 00:00:00+00:00,2021,9,11,port669,Luganville,Vanuatu,VUT,0,0,0,0,0,0,0,0,0,0,0,0,0,0,0,0,0,0,0,0,0
2021-09-11 00:00:00+00:00,2021,9,11,port980,Port Vila,Vanuatu,VUT,0,0,0,0,0,0,0,0,0,0,0,0,0,0,0,0,0,0,0,0,0
2021-09-10 00:00:00+00:00,2021,9,10,port669,Luganville,Vanuatu,VUT,0,0,0,0,0,0,0,0,0,0,0,0,0,0,0,0,0,0,0,0,0
2021-09-10 00:00:00+00:00,2021,9,10,port980,Port Vila,Vanuatu,VUT,1,0,0,0,0,1,1,496,0,0,0,0,496,496,190,0,0,0,0,190,190
2021-09-09 00:00:00+00:00,2021,9,9,port669,Luganville,Vanuatu,VUT,0,0,0,0,0,0,0,0,0,0,0,0,0,0,0,0,0,0,0,0,0
2021-09-09 00:00:00+00:00,2021,9,9,port980,Port Vila,Vanuatu,VUT,0,0,0,0,0,0,0,0,0,0,0,0,0,0,0,0,0,0,0,0,0
2021-09-08 00:00:00+00:00,2021,9,8,port669,Luganville,Vanuatu,VUT,0,0,0,0,1,0,1,0,0,0,0,0,0,0,0,0,0,0,0,0,0
2021-09-08 00:00:00+00:00,2021,9,8,port980,Port Vila,Vanuatu,VUT,0,0,0,0,0,0,0,0,0,0,0,0,0,0,0,0,0,0,0,0,0
2021-09-07 00:00:00+00:00,2021,9,7,port669,Luganville,Vanuatu,VUT,0,0,0,0,0,0,0,0,0,0,0,0,0,0,0,0,0,0,0,0,0
2021-09-07 00:00:00+00:00,2021,9,7,port980,Port Vila,Vanuatu,VUT,0,0,0,0,0,0,0,0,0,0,0,0,0,0,0,0,0,0,0,0,0
2021-09-06 00:00:00+00:00,2021,9,6,port669,Luganville,Vanuatu,VUT,0,0,1,0,0,1,1,0,0,883,0,0,883,883,0,0,314,0,0,314,314
2021-09-06 00:00:00+00:00,2021,9,6,port980,Port Vila,Vanuatu,VUT,0,0,0,0,1,0,1,0,0,0,0,0,0,0,0,0,0,0,0,0,0
2021-09-05 00:00:00+00:00,2021,9,5,port669,Luganville,Vanuatu,VUT,0,0,0,0,0,0,0,0,0,0,0,0,0,0,0,0,0,0,0,0,0
2021-09-05 00:00:00+00:00,2021,9,5,port980,Port Vila,Vanuatu,VUT,0,0,0,0,0,0,0,0,0,0,0,0,0,0,0,0,0,0,0,0,0
2021-09-04 00:00:00+00:00,2021,9,4,port669,Luganville,Vanuatu,VUT,0,0,0,0,0,0,0,0,0,0,0,0,0,0,0,0,0,0,0,0,0
2021-09-04 00:00:00+00:00,2021,9,4,port980,Port Vila,Vanuatu,VUT,0,0,0,0,0,0,0,0,0,0,0,0,0,0,0,0,0,0,0,0,0
2021-09-03 00:00:00+00:00,2021,9,3,port669,Luganville,Vanuatu,VUT,0,0,0,0,0,0,0,0,0,0,0,0,0,0,0,0,0,0,0,0,0
2021-09-03 00:00:00+00:00,2021,9,3,port980,Port Vila,Vanuatu,VUT,0,0,0,0,0,0,0,0,0,0,0,0,0,0,0,0,0,0,0,0,0
2021-09-02 00:00:00+00:00,2021,9,2,port669,Luganville,Vanuatu,VUT,0,0,0,0,0,0,0,0,0,0,0,0,0,0,0,0,0,0,0,0,0
2021-09-02 00:00:00+00:00,2021,9,2,port980,Port Vila,Vanuatu,VUT,1,0,1,0,0,2,2,1956,0,832,0,0,2789,2789,0,0,183,0,0,183,183
2021-09-01 00:00:00+00:00,2021,9,1,port669,Luganville,Vanuatu,VUT,0,0,0,0,0,0,0,0,0,0,0,0,0,0,0,0,0,0,0,0,0
2021-09-01 00:00:00+00:00,2021,9,1,port980,Port Vila,Vanuatu,VUT,0,0,0,0,0,0,0,0,0,0,0,0,0,0,0,0,0,0,0,0,0
2021-08-31 00:00:00+00:00,2021,8,31,port669,Luganville,Vanuatu,VUT,0,0,0,0,0,0,0,0,0,0,0,0,0,0,0,0,0,0,0,0,0
2021-08-31 00:00:00+00:00,2021,8,31,port980,Port Vila,Vanuatu,VUT,0,0,0,0,0,0,0,0,0,0,0,0,0,0,0,0,0,0,0,0,0
2021-08-30 00:00:00+00:00,2021,8,30,port669,Luganville,Vanuatu,VUT,1,0,1,0,0,2,2,1021,0,883,0,0,1905,1905,243,0,314,0,0,557,557
2021-08-30 00:00:00+00:00,2021,8,30,port980,Port Vila,Vanuatu,VUT,0,0,0,0,0,0,0,0,0,0,0,0,0,0,0,0,0,0,0,0,0
2021-08-29 00:00:00+00:00,2021,8,29,port669,Luganville,Vanuatu,VUT,0,0,1,0,0,1,1,0,0,316,0,0,316,316,0,0,0,0,0,0,0
2021-08-29 00:00:00+00:00,2021,8,29,port980,Port Vila,Vanuatu,VUT,0,0,0,0,0,0,0,0,0,0,0,0,0,0,0,0,0,0,0,0,0
2021-08-28 00:00:00+00:00,2021,8,28,port669,Luganville,Vanuatu,VUT,0,0,0,0,0,0,0,0,0,0,0,0,0,0,0,0,0,0,0,0,0
2021-08-28 00:00:00+00:00,2021,8,28,port980,Port Vila,Vanuatu,VUT,0,0,1,0,0,1,1,0,0,1271,0,0,1271,1271,0,0,0,0,0,0,0
2021-08-27 00:00:00+00:00,2021,8,27,port669,Luganville,Vanuatu,VUT,0,0,0,0,0,0,0,0,0,0,0,0,0,0,0,0,0,0,0,0,0
2021-08-27 00:00:00+00:00,2021,8,27,port980,Port Vila,Vanuatu,VUT,0,0,0,0,0,0,0,0,0,0,0,0,0,0,0,0,0,0,0,0,0
2021-08-26 00:00:00+00:00,2021,8,26,port669,Luganville,Vanuatu,VUT,0,0,0,0,0,0,0,0,0,0,0,0,0,0,0,0,0,0,0,0,0
2021-08-26 00:00:00+00:00,2021,8,26,port980,Port Vila,Vanuatu,VUT,0,0,0,0,0,0,0,0,0,0,0,0,0,0,0,0,0,0,0,0,0
2021-08-25 00:00:00+00:00,2021,8,25,port669,Luganville,Vanuatu,VUT,0,0,0,0,0,0,0,0,0,0,0,0,0,0,0,0,0,0,0,0,0
2021-08-25 00:00:00+00:00,2021,8,25,port980,Port Vila,Vanuatu,VUT,0,0,0,0,0,0,0,0,0,0,0,0,0,0,0,0,0,0,0,0,0
2021-08-24 00:00:00+00:00,2021,8,24,port669,Luganville,Vanuatu,VUT,0,0,0,0,0,0,0,0,0,0,0,0,0,0,0,0,0,0,0,0,0
2021-08-24 00:00:00+00:00,2021,8,24,port980,Port Vila,Vanuatu,VUT,0,0,1,0,1,1,2,0,0,832,0,311,832,1144,0,0,183,0,175,183,358
2021-08-23 00:00:00+00:00,2021,8,23,port669,Luganville,Vanuatu,VUT,0,0,0,0,0,0,0,0,0,0,0,0,0,0,0,0,0,0,0,0,0
2021-08-23 00:00:00+00:00,2021,8,23,port980,Port Vila,Vanuatu,VUT,0,0,0,0,0,0,0,0,0,0,0,0,0,0,0,0,0,0,0,0,0
2021-08-22 00:00:00+00:00,2021,8,22,port669,Luganville,Vanuatu,VUT,0,0,0,0,0,0,0,0,0,0,0,0,0,0,0,0,0,0,0,0,0
2021-08-22 00:00:00+00:00,2021,8,22,port980,Port Vila,Vanuatu,VUT,0,0,0,0,0,0,0,0,0,0,0,0,0,0,0,0,0,0,0,0,0
2021-08-21 00:00:00+00:00,2021,8,21,port669,Luganville,Vanuatu,VUT,0,0,0,0,0,0,0,0,0,0,0,0,0,0,0,0,0,0,0,0,0
2021-08-21 00:00:00+00:00,2021,8,21,port980,Port Vila,Vanuatu,VUT,0,0,0,0,0,0,0,0,0,0,0,0,0,0,0,0,0,0,0,0,0
2021-08-20 00:00:00+00:00,2021,8,20,port669,Luganville,Vanuatu,VUT,0,0,0,0,0,0,0,0,0,0,0,0,0,0,0,0,0,0,0,0,0
2021-08-20 00:00:00+00:00,2021,8,20,port980,Port Vila,Vanuatu,VUT,0,0,0,0,0,0,0,0,0,0,0,0,0,0,0,0,0,0,0,0,0
2021-08-19 00:00:00+00:00,2021,8,19,port669,Luganville,Vanuatu,VUT,0,0,1,0,0,1,1,0,0,0,0,0,0,0,0,0,806,0,0,806,806
2021-08-19 00:00:00+00:00,2021,8,19,port980,Port Vila,Vanuatu,VUT,0,0,1,0,0,1,1,0,0,316,0,0,316,316,0,0,0,0,0,0,0
2021-08-18 00:00:00+00:00,2021,8,18,port669,Luganville,Vanuatu,VUT,0,0,0,0,0,0,0,0,0,0,0,0,0,0,0,0,0,0,0,0,0
2021-08-18 00:00:00+00:00,2021,8,18,port980,Port Vila,Vanuatu,VUT,0,0,1,0,0,1,1,0,0,832,0,0,832,832,0,0,183,0,0,183,183
2021-08-17 00:00:00+00:00,2021,8,17,port669,Luganville,Vanuatu,VUT,0,0,0,0,0,0,0,0,0,0,0,0,0,0,0,0,0,0,0,0,0
2021-08-17 00:00:00+00:00,2021,8,17,port980,Port Vila,Vanuatu,VUT,0,0,1,0,0,1,1,0,0,832,0,0,832,832,0,0,183,0,0,183,183
2021-08-16 00:00:00+00:00,2021,8,16,port669,Luganville,Vanuatu,VUT,0,0,1,0,0,1,1,0,0,883,0,0,883,883,0,0,314,0,0,314,314
2021-08-16 00:00:00+00:00,2021,8,16,port980,Port Vila,Vanuatu,VUT,0,0,0,0,0,0,0,0,0,0,0,0,0,0,0,0,0,0,0,0,0
2021-08-15 00:00:00+00:00,2021,8,15,port669,Luganville,Vanuatu,VUT,0,0,0,0,0,0,0,0,0,0,0,0,0,0,0,0,0,0,0,0,0
2021-08-15 00:00:00+00:00,2021,8,15,port980,Port Vila,Vanuatu,VUT,0,0,0,0,0,0,0,0,0,0,0,0,0,0,0,0,0,0,0,0,0
2021-08-14 00:00:00+00:00,2021,8,14,port669,Luganville,Vanuatu,VUT,0,0,0,0,0,0,0,0,0,0,0,0,0,0,0,0,0,0,0,0,0
2021-08-14 00:00:00+00:00,2021,8,14,port980,Port Vila,Vanuatu,VUT,0,0,0,0,1,0,1,0,0,0,0,0,0,0,0,0,0,0,0,0,0
2021-08-13 00:00:00+00:00,2021,8,13,port669,Luganville,Vanuatu,VUT,0,0,0,0,0,0,0,0,0,0,0,0,0,0,0,0,0,0,0,0,0
2021-08-13 00:00:00+00:00,2021,8,13,port980,Port Vila,Vanuatu,VUT,0,0,0,0,0,0,0,0,0,0,0,0,0,0,0,0,0,0,0,0,0
2021-08-12 00:00:00+00:00,2021,8,12,port669,Luganville,Vanuatu,VUT,0,0,0,0,0,0,0,0,0,0,0,0,0,0,0,0,0,0,0,0,0
2021-08-12 00:00:00+00:00,2021,8,12,port980,Port Vila,Vanuatu,VUT,1,0,1,0,0,2,2,1032,0,832,0,0,1864,1864,377,0,183,0,0,560,560
2021-08-11 00:00:00+00:00,2021,8,11,port669,Luganville,Vanuatu,VUT,0,0,0,0,0,0,0,0,0,0,0,0,0,0,0,0,0,0,0,0,0
2021-08-11 00:00:00+00:00,2021,8,11,port980,Port Vila,Vanuatu,VUT,0,0,0,0,0,0,0,0,0,0,0,0,0,0,0,0,0,0,0,0,0
2021-08-10 00:00:00+00:00,2021,8,10,port669,Luganville,Vanuatu,VUT,0,0,0,0,0,0,0,0,0,0,0,0,0,0,0,0,0,0,0,0,0
2021-08-10 00:00:00+00:00,2021,8,10,port980,Port Vila,Vanuatu,VUT,0,0,0,0,0,0,0,0,0,0,0,0,0,0,0,0,0,0,0,0,0
2021-08-09 00:00:00+00:00,2021,8,9,port669,Luganville,Vanuatu,VUT,0,0,0,0,0,0,0,0,0,0,0,0,0,0,0,0,0,0,0,0,0
2021-08-09 00:00:00+00:00,2021,8,9,port980,Port Vila,Vanuatu,VUT,0,0,0,0,0,0,0,0,0,0,0,0,0,0,0,0,0,0,0,0,0
2021-08-08 00:00:00+00:00,2021,8,8,port669,Luganville,Vanuatu,VUT,0,0,1,0,0,1,1,0,0,883,0,0,883,883,0,0,314,0,0,314,314
2021-08-08 00:00:00+00:00,2021,8,8,port980,Port Vila,Vanuatu,VUT,0,0,0,0,0,0,0,0,0,0,0,0,0,0,0,0,0,0,0,0,0
2021-08-07 00:00:00+00:00,2021,8,7,port669,Luganville,Vanuatu,VUT,0,0,0,0,0,0,0,0,0,0,0,0,0,0,0,0,0,0,0,0,0
2021-08-07 00:00:00+00:00,2021,8,7,port980,Port Vila,Vanuatu,VUT,0,0,0,0,0,0,0,0,0,0,0,0,0,0,0,0,0,0,0,0,0
2021-08-06 00:00:00+00:00,2021,8,6,port669,Luganville,Vanuatu,VUT,0,0,0,0,0,0,0,0,0,0,0,0,0,0,0,0,0,0,0,0,0
2021-08-06 00:00:00+00:00,2021,8,6,port980,Port Vila,Vanuatu,VUT,0,0,0,0,0,0,0,0,0,0,0,0,0,0,0,0,0,0,0,0,0
2021-08-05 00:00:00+00:00,2021,8,5,port669,Luganville,Vanuatu,VUT,0,0,0,0,0,0,0,0,0,0,0,0,0,0,0,0,0,0,0,0,0
2021-08-05 00:00:00+00:00,2021,8,5,port980,Port Vila,Vanuatu,VUT,0,0,1,0,0,1,1,0,0,832,0,0,832,832,0,0,183,0,0,183,183
2021-08-04 00:00:00+00:00,2021,8,4,port669,Luganville,Vanuatu,VUT,1,0,0,0,0,1,1,960,0,0,0,0,960,960,0,0,0,0,0,0,0
2021-08-04 00:00:00+00:00,2021,8,4,port980,Port Vila,Vanuatu,VUT,0,0,0,0,0,0,0,0,0,0,0,0,0,0,0,0,0,0,0,0,0
2021-08-03 00:00:00+00:00,2021,8,3,port669,Luganville,Vanuatu,VUT,0,0,0,0,0,0,0,0,0,0,0,0,0,0,0,0,0,0,0,0,0
2021-08-03 00:00:00+00:00,2021,8,3,port980,Port Vila,Vanuatu,VUT,0,0,0,0,0,0,0,0,0,0,0,0,0,0,0,0,0,0,0,0,0
2021-08-02 00:00:00+00:00,2021,8,2,port669,Luganville,Vanuatu,VUT,0,0,0,0,0,0,0,0,0,0,0,0,0,0,0,0,0,0,0,0,0
2021-08-02 00:00:00+00:00,2021,8,2,port980,Port Vila,Vanuatu,VUT,0,0,0,0,0,0,0,0,0,0,0,0,0,0,0,0,0,0,0,0,0
2021-08-01 00:00:00+00:00,2021,8,1,port669,Luganville,Vanuatu,VUT,0,0,0,0,0,0,0,0,0,0,0,0,0,0,0,0,0,0,0,0,0
2021-08-01 00:00:00+00:00,2021,8,1,port980,Port Vila,Vanuatu,VUT,0,0,0,0,0,0,0,0,0,0,0,0,0,0,0,0,0,0,0,0,0
2021-07-31 00:00:00+00:00,2021,7,31,port669,Luganville,Vanuatu,VUT,0,0,0,0,0,0,0,0,0,0,0,0,0,0,0,0,0,0,0,0,0
2021-07-31 00:00:00+00:00,2021,7,31,port980,Port Vila,Vanuatu,VUT,1,0,0,0,0,1,1,483,0,0,0,0,483,483,0,0,0,0,0,0,0
2021-07-30 00:00:00+00:00,2021,7,30,port669,Luganville,Vanuatu,VUT,0,0,0,0,0,0,0,0,0,0,0,0,0,0,0,0,0,0,0,0,0
2021-07-30 00:00:00+00:00,2021,7,30,port980,Port Vila,Vanuatu,VUT,1,0,0,0,0,1,1,1032,0,0,0,0,1032,1032,377,0,0,0,0,377,377
2021-07-29 00:00:00+00:00,2021,7,29,port669,Luganville,Vanuatu,VUT,0,0,0,0,0,0,0,0,0,0,0,0,0,0,0,0,0,0,0,0,0
2021-07-29 00:00:00+00:00,2021,7,29,port980,Port Vila,Vanuatu,VUT,0,0,0,0,0,0,0,0,0,0,0,0,0,0,0,0,0,0,0,0,0
2021-07-28 00:00:00+00:00,2021,7,28,port669,Luganville,Vanuatu,VUT,0,0,0,0,0,0,0,0,0,0,0,0,0,0,0,0,0,0,0,0,0
2021-07-28 00:00:00+00:00,2021,7,28,port980,Port Vila,Vanuatu,VUT,0,0,0,0,0,0,0,0,0,0,0,0,0,0,0,0,0,0,0,0,0
2021-07-27 00:00:00+00:00,2021,7,27,port669,Luganville,Vanuatu,VUT,0,0,0,0,0,0,0,0,0,0,0,0,0,0,0,0,0,0,0,0,0
2021-07-27 00:00:00+00:00,2021,7,27,port980,Port Vila,Vanuatu,VUT,0,0,0,0,0,0,0,0,0,0,0,0,0,0,0,0,0,0,0,0,0
2021-07-26 00:00:00+00:00,2021,7,26,port669,Luganville,Vanuatu,VUT,0,0,1,0,0,1,1,0,0,883,0,0,883,883,0,0,314,0,0,314,314
2021-07-26 00:00:00+00:00,2021,7,26,port980,Port Vila,Vanuatu,VUT,0,0,0,0,0,0,0,0,0,0,0,0,0,0,0,0,0,0,0,0,0
2021-07-25 00:00:00+00:00,2021,7,25,port669,Luganville,Vanuatu,VUT,0,0,0,0,0,0,0,0,0,0,0,0,0,0,0,0,0,0,0,0,0
2021-07-25 00:00:00+00:00,2021,7,25,port980,Port Vila,Vanuatu,VUT,0,0,0,0,0,0,0,0,0,0,0,0,0,0,0,0,0,0,0,0,0
2021-07-24 00:00:00+00:00,2021,7,24,port669,Luganville,Vanuatu,VUT,0,0,0,0,0,0,0,0,0,0,0,0,0,0,0,0,0,0,0,0,0
2021-07-24 00:00:00+00:00,2021,7,24,port980,Port Vila,Vanuatu,VUT,0,0,0,0,0,0,0,0,0,0,0,0,0,0,0,0,0,0,0,0,0
2021-07-23 00:00:00+00:00,2021,7,23,port669,Luganville,Vanuatu,VUT,0,0,0,0,0,0,0,0,0,0,0,0,0,0,0,0,0,0,0,0,0
2021-07-23 00:00:00+00:00,2021,7,23,port980,Port Vila,Vanuatu,VUT,0,0,1,0,0,1,1,0,0,832,0,0,832,832,0,0,183,0,0,183,183
2021-07-22 00:00:00+00:00,2021,7,22,port669,Luganville,Vanuatu,VUT,0,0,0,0,0,0,0,0,0,0,0,0,0,0,0,0,0,0,0,0,0
2021-07-22 00:00:00+00:00,2021,7,22,port980,Port Vila,Vanuatu,VUT,0,0,0,0,0,0,0,0,0,0,0,0,0,0,0,0,0,0,0,0,0
2021-07-21 00:00:00+00:00,2021,7,21,port669,Luganville,Vanuatu,VUT,1,0,0,0,0,1,1,1021,0,0,0,0,1021,1021,243,0,0,0,0,243,243
2021-07-21 00:00:00+00:00,2021,7,21,port980,Port Vila,Vanuatu,VUT,1,0,0,0,1,1,2,949,0,0,0,309,949,1259,0,0,0,0,0,0,0
2021-07-20 00:00:00+00:00,2021,7,20,port669,Luganville,Vanuatu,VUT,0,0,0,0,0,0,0,0,0,0,0,0,0,0,0,0,0,0,0,0,0
2021-07-20 00:00:00+00:00,2021,7,20,port980,Port Vila,Vanuatu,VUT,0,0,0,0,0,0,0,0,0,0,0,0,0,0,0,0,0,0,0,0,0
2021-07-19 00:00:00+00:00,2021,7,19,port669,Luganville,Vanuatu,VUT,0,0,1,0,0,1,1,0,0,883,0,0,883,883,0,0,314,0,0,314,314
2021-07-19 00:00:00+00:00,2021,7,19,port980,Port Vila,Vanuatu,VUT,0,0,0,0,0,0,0,0,0,0,0,0,0,0,0,0,0,0,0,0,0
2021-07-18 00:00:00+00:00,2021,7,18,port669,Luganville,Vanuatu,VUT,0,0,0,0,0,0,0,0,0,0,0,0,0,0,0,0,0,0,0,0,0
2021-07-18 00:00:00+00:00,2021,7,18,port980,Port Vila,Vanuatu,VUT,0,0,0,0,0,0,0,0,0,0,0,0,0,0,0,0,0,0,0,0,0
2021-07-17 00:00:00+00:00,2021,7,17,port669,Luganville,Vanuatu,VUT,0,0,0,0,0,0,0,0,0,0,0,0,0,0,0,0,0,0,0,0,0
2021-07-17 00:00:00+00:00,2021,7,17,port980,Port Vila,Vanuatu,VUT,0,0,0,0,0,0,0,0,0,0,0,0,0,0,0,0,0,0,0,0,0
2021-07-16 00:00:00+00:00,2021,7,16,port669,Luganville,Vanuatu,VUT,0,0,1,0,0,1,1,0,0,883,0,0,883,883,0,0,314,0,0,314,314
2021-07-16 00:00:00+00:00,2021,7,16,port980,Port Vila,Vanuatu,VUT,0,0,0,0,0,0,0,0,0,0,0,0,0,0,0,0,0,0,0,0,0
2021-07-15 00:00:00+00:00,2021,7,15,port669,Luganville,Vanuatu,VUT,0,0,0,0,0,0,0,0,0,0,0,0,0,0,0,0,0,0,0,0,0
2021-07-15 00:00:00+00:00,2021,7,15,port980,Port Vila,Vanuatu,VUT,0,0,2,0,0,2,2,0,0,832,0,0,832,832,0,0,814,0,0,814,814
2021-07-14 00:00:00+00:00,2021,7,14,port669,Luganville,Vanuatu,VUT,0,0,0,0,1,0,1,0,0,0,0,0,0,0,0,0,0,0,0,0,0
2021-07-14 00:00:00+00:00,2021,7,14,port980,Port Vila,Vanuatu,VUT,1,0,0,0,0,1,1,1032,0,0,0,0,1032,1032,377,0,0,0,0,377,377
2021-07-13 00:00:00+00:00,2021,7,13,port669,Luganville,Vanuatu,VUT,0,0,0,0,0,0,0,0,0,0,0,0,0,0,0,0,0,0,0,0,0
2021-07-13 00:00:00+00:00,2021,7,13,port980,Port Vila,Vanuatu,VUT,1,0,0,0,0,1,1,2604,0,0,0,0,2604,2604,0,0,0,0,0,0,0
2021-07-12 00:00:00+00:00,2021,7,12,port669,Luganville,Vanuatu,VUT,0,0,0,0,0,0,0,0,0,0,0,0,0,0,0,0,0,0,0,0,0
2021-07-12 00:00:00+00:00,2021,7,12,port980,Port Vila,Vanuatu,VUT,0,0,0,0,1,0,1,0,0,0,0,0,0,0,0,0,0,0,0,0,0
2021-07-11 00:00:00+00:00,2021,7,11,port669,Luganville,Vanuatu,VUT,0,0,1,0,0,1,1,0,0,883,0,0,883,883,0,0,314,0,0,314,314
2021-07-11 00:00:00+00:00,2021,7,11,port980,Port Vila,Vanuatu,VUT,0,0,0,0,0,0,0,0,0,0,0,0,0,0,0,0,0,0,0,0,0
2021-07-10 00:00:00+00:00,2021,7,10,port669,Luganville,Vanuatu,VUT,0,0,0,0,0,0,0,0,0,0,0,0,0,0,0,0,0,0,0,0,0
2021-07-10 00:00:00+00:00,2021,7,10,port980,Port Vila,Vanuatu,VUT,0,0,0,0,0,0,0,0,0,0,0,0,0,0,0,0,0,0,0,0,0
2021-07-09 00:00:00+00:00,2021,7,9,port669,Luganville,Vanuatu,VUT,0,0,0,0,0,0,0,0,0,0,0,0,0,0,0,0,0,0,0,0,0
2021-07-09 00:00:00+00:00,2021,7,9,port980,Port Vila,Vanuatu,VUT,0,0,0,0,0,0,0,0,0,0,0,0,0,0,0,0,0,0,0,0,0
2021-07-08 00:00:00+00:00,2021,7,8,port669,Luganville,Vanuatu,VUT,0,0,0,0,0,0,0,0,0,0,0,0,0,0,0,0,0,0,0,0,0
2021-07-08 00:00:00+00:00,2021,7,8,port980,Port Vila,Vanuatu,VUT,0,0,0,0,0,0,0,0,0,0,0,0,0,0,0,0,0,0,0,0,0
2021-07-07 00:00:00+00:00,2021,7,7,port669,Luganville,Vanuatu,VUT,0,0,0,0,0,0,0,0,0,0,0,0,0,0,0,0,0,0,0,0,0
2021-07-07 00:00:00+00:00,2021,7,7,port980,Port Vila,Vanuatu,VUT,0,0,0,0,0,0,0,0,0,0,0,0,0,0,0,0,0,0,0,0,0
2021-07-06 00:00:00+00:00,2021,7,6,port669,Luganville,Vanuatu,VUT,0,0,0,0,0,0,0,0,0,0,0,0,0,0,0,0,0,0,0,0,0
2021-07-06 00:00:00+00:00,2021,7,6,port980,Port Vila,Vanuatu,VUT,0,0,0,0,0,0,0,0,0,0,0,0,0,0,0,0,0,0,0,0,0
2021-07-05 00:00:00+00:00,2021,7,5,port669,Luganville,Vanuatu,VUT,0,0,0,0,0,0,0,0,0,0,0,0,0,0,0,0,0,0,0,0,0
2021-07-05 00:00:00+00:00,2021,7,5,port980,Port Vila,Vanuatu,VUT,0,0,0,0,0,0,0,0,0,0,0,0,0,0,0,0,0,0,0,0,0
2021-07-04 00:00:00+00:00,2021,7,4,port669,Luganville,Vanuatu,VUT,0,0,0,0,0,0,0,0,0,0,0,0,0,0,0,0,0,0,0,0,0
2021-07-04 00:00:00+00:00,2021,7,4,port980,Port Vila,Vanuatu,VUT,0,0,0,0,0,0,0,0,0,0,0,0,0,0,0,0,0,0,0,0,0
2021-07-03 00:00:00+00:00,2021,7,3,port669,Luganville,Vanuatu,VUT,0,0,0,0,0,0,0,0,0,0,0,0,0,0,0,0,0,0,0,0,0
2021-07-03 00:00:00+00:00,2021,7,3,port980,Port Vila,Vanuatu,VUT,0,0,0,0,0,0,0,0,0,0,0,0,0,0,0,0,0,0,0,0,0
2021-07-02 00:00:00+00:00,2021,7,2,port669,Luganville,Vanuatu,VUT,0,0,0,0,0,0,0,0,0,0,0,0,0,0,0,0,0,0,0,0,0
2021-07-02 00:00:00+00:00,2021,7,2,port980,Port Vila,Vanuatu,VUT,0,0,0,0,0,0,0,0,0,0,0,0,0,0,0,0,0,0,0,0,0
2021-07-01 00:00:00+00:00,2021,7,1,port669,Luganville,Vanuatu,VUT,0,0,1,0,0,1,1,0,0,317,0,0,317,317,0,0,0,0,0,0,0
2021-07-01 00:00:00+00:00,2021,7,1,port980,Port Vila,Vanuatu,VUT,0,0,0,0,0,0,0,0,0,0,0,0,0,0,0,0,0,0,0,0,0
2021-06-30 00:00:00+00:00,2021,6,30,port669,Luganville,Vanuatu,VUT,0,0,1,0,0,1,1,0,0,883,0,0,883,883,0,0,314,0,0,314,314
2021-06-30 00:00:00+00:00,2021,6,30,port980,Port Vila,Vanuatu,VUT,0,0,1,0,0,1,1,0,0,832,0,0,832,832,0,0,183,0,0,183,183
2021-06-29 00:00:00+00:00,2021,6,29,port669,Luganville,Vanuatu,VUT,0,0,0,0,0,0,0,0,0,0,0,0,0,0,0,0,0,0,0,0,0
2021-06-29 00:00:00+00:00,2021,6,29,port980,Port Vila,Vanuatu,VUT,1,0,0,0,0,1,1,1032,0,0,0,0,1032,1032,377,0,0,0,0,377,377
2021-06-28 00:00:00+00:00,2021,6,28,port669,Luganville,Vanuatu,VUT,0,0,0,0,0,0,0,0,0,0,0,0,0,0,0,0,0,0,0,0,0
2021-06-28 00:00:00+00:00,2021,6,28,port980,Port Vila,Vanuatu,VUT,0,0,0,0,0,0,0,0,0,0,0,0,0,0,0,0,0,0,0,0,0
2021-06-27 00:00:00+00:00,2021,6,27,port669,Luganville,Vanuatu,VUT,0,0,0,0,0,0,0,0,0,0,0,0,0,0,0,0,0,0,0,0,0
2021-06-27 00:00:00+00:00,2021,6,27,port980,Port Vila,Vanuatu,VUT,0,0,0,0,0,0,0,0,0,0,0,0,0,0,0,0,0,0,0,0,0
2021-06-26 00:00:00+00:00,2021,6,26,port669,Luganville,Vanuatu,VUT,0,0,0,0,0,0,0,0,0,0,0,0,0,0,0,0,0,0,0,0,0
2021-06-26 00:00:00+00:00,2021,6,26,port980,Port Vila,Vanuatu,VUT,0,0,0,0,0,0,0,0,0,0,0,0,0,0,0,0,0,0,0,0,0
2021-06-25 00:00:00+00:00,2021,6,25,port669,Luganville,Vanuatu,VUT,0,0,1,0,0,1,1,0,0,1408,0,0,1408,1408,0,0,0,0,0,0,0
2021-06-25 00:00:00+00:00,2021,6,25,port980,Port Vila,Vanuatu,VUT,0,0,1,0,0,1,1,0,0,832,0,0,832,832,0,0,183,0,0,183,183
2021-06-24 00:00:00+00:00,2021,6,24,port669,Luganville,Vanuatu,VUT,0,0,0,0,0,0,0,0,0,0,0,0,0,0,0,0,0,0,0,0,0
2021-06-24 00:00:00+00:00,2021,6,24,port980,Port Vila,Vanuatu,VUT,0,0,0,0,0,0,0,0,0,0,0,0,0,0,0,0,0,0,0,0,0
2021-06-23 00:00:00+00:00,2021,6,23,port669,Luganville,Vanuatu,VUT,0,0,0,0,0,0,0,0,0,0,0,0,0,0,0,0,0,0,0,0,0
2021-06-23 00:00:00+00:00,2021,6,23,port980,Port Vila,Vanuatu,VUT,0,0,0,0,0,0,0,0,0,0,0,0,0,0,0,0,0,0,0,0,0
2021-06-22 00:00:00+00:00,2021,6,22,port669,Luganville,Vanuatu,VUT,0,0,0,0,0,0,0,0,0,0,0,0,0,0,0,0,0,0,0,0,0
2021-06-22 00:00:00+00:00,2021,6,22,port980,Port Vila,Vanuatu,VUT,0,0,1,0,0,1,1,0,0,1789,0,0,1789,1789,0,0,0,0,0,0,0
2021-06-21 00:00:00+00:00,2021,6,21,port669,Luganville,Vanuatu,VUT,0,0,1,0,0,1,1,0,0,883,0,0,883,883,0,0,314,0,0,314,314
2021-06-21 00:00:00+00:00,2021,6,21,port980,Port Vila,Vanuatu,VUT,0,0,1,0,0,1,1,0,0,2215,0,0,2215,2215,0,0,0,0,0,0,0
2021-06-20 00:00:00+00:00,2021,6,20,port669,Luganville,Vanuatu,VUT,0,0,0,0,0,0,0,0,0,0,0,0,0,0,0,0,0,0,0,0,0
2021-06-20 00:00:00+00:00,2021,6,20,port980,Port Vila,Vanuatu,VUT,0,0,0,0,0,0,0,0,0,0,0,0,0,0,0,0,0,0,0,0,0
2021-06-19 00:00:00+00:00,2021,6,19,port669,Luganville,Vanuatu,VUT,1,0,0,0,0,1,1,2742,0,0,0,0,2742,2742,0,0,0,0,0,0,0
2021-06-19 00:00:00+00:00,2021,6,19,port980,Port Vila,Vanuatu,VUT,0,0,0,0,0,0,0,0,0,0,0,0,0,0,0,0,0,0,0,0,0
2021-06-18 00:00:00+00:00,2021,6,18,port669,Luganville,Vanuatu,VUT,0,0,0,0,0,0,0,0,0,0,0,0,0,0,0,0,0,0,0,0,0
2021-06-18 00:00:00+00:00,2021,6,18,port980,Port Vila,Vanuatu,VUT,0,0,0,0,0,0,0,0,0,0,0,0,0,0,0,0,0,0,0,0,0
2021-06-17 00:00:00+00:00,2021,6,17,port669,Luganville,Vanuatu,VUT,0,0,0,0,0,0,0,0,0,0,0,0,0,0,0,0,0,0,0,0,0
2021-06-17 00:00:00+00:00,2021,6,17,port980,Port Vila,Vanuatu,VUT,0,0,0,0,1,0,1,0,0,0,0,311,0,311,0,0,0,0,175,0,175
2021-06-16 00:00:00+00:00,2021,6,16,port669,Luganville,Vanuatu,VUT,0,0,0,0,0,0,0,0,0,0,0,0,0,0,0,0,0,0,0,0,0
2021-06-16 00:00:00+00:00,2021,6,16,port980,Port Vila,Vanuatu,VUT,0,0,1,0,0,1,1,0,0,832,0,0,832,832,0,0,183,0,0,183,183
2021-06-15 00:00:00+00:00,2021,6,15,port669,Luganville,Vanuatu,VUT,0,0,0,0,0,0,0,0,0,0,0,0,0,0,0,0,0,0,0,0,0
2021-06-15 00:00:00+00:00,2021,6,15,port980,Port Vila,Vanuatu,VUT,0,0,0,0,0,0,0,0,0,0,0,0,0,0,0,0,0,0,0,0,0
2021-06-14 00:00:00+00:00,2021,6,14,port669,Luganville,Vanuatu,VUT,0,0,0,0,0,0,0,0,0,0,0,0,0,0,0,0,0,0,0,0,0
2021-06-14 00:00:00+00:00,2021,6,14,port980,Port Vila,Vanuatu,VUT,0,0,0,0,0,0,0,0,0,0,0,0,0,0,0,0,0,0,0,0,0
2021-06-13 00:00:00+00:00,2021,6,13,port669,Luganville,Vanuatu,VUT,0,0,1,0,0,1,1,0,0,883,0,0,883,883,0,0,314,0,0,314,314
2021-06-13 00:00:00+00:00,2021,6,13,port980,Port Vila,Vanuatu,VUT,0,0,0,0,0,0,0,0,0,0,0,0,0,0,0,0,0,0,0,0,0
2021-06-12 00:00:00+00:00,2021,6,12,port669,Luganville,Vanuatu,VUT,0,0,0,0,0,0,0,0,0,0,0,0,0,0,0,0,0,0,0,0,0
2021-06-12 00:00:00+00:00,2021,6,12,port980,Port Vila,Vanuatu,VUT,0,0,0,0,1,0,1,0,0,0,0,0,0,0,0,0,0,0,0,0,0
2021-06-11 00:00:00+00:00,2021,6,11,port669,Luganville,Vanuatu,VUT,0,0,0,0,0,0,0,0,0,0,0,0,0,0,0,0,0,0,0,0,0
2021-06-11 00:00:00+00:00,2021,6,11,port980,Port Vila,Vanuatu,VUT,0,0,0,0,0,0,0,0,0,0,0,0,0,0,0,0,0,0,0,0,0
2021-06-10 00:00:00+00:00,2021,6,10,port669,Luganville,Vanuatu,VUT,0,0,0,0,0,0,0,0,0,0,0,0,0,0,0,0,0,0,0,0,0
2021-06-10 00:00:00+00:00,2021,6,10,port980,Port Vila,Vanuatu,VUT,1,0,0,0,0,1,1,1593,0,0,0,0,1593,1593,0,0,0,0,0,0,0
2021-06-09 00:00:00+00:00,2021,6,9,port669,Luganville,Vanuatu,VUT,0,0,0,0,0,0,0,0,0,0,0,0,0,0,0,0,0,0,0,0,0
2021-06-09 00:00:00+00:00,2021,6,9,port980,Port Vila,Vanuatu,VUT,1,0,0,0,0,1,1,0,0,0,0,0,0,0,1035,0,0,0,0,1035,1035
2021-06-08 00:00:00+00:00,2021,6,8,port669,Luganville,Vanuatu,VUT,0,0,0,0,0,0,0,0,0,0,0,0,0,0,0,0,0,0,0,0,0
2021-06-08 00:00:00+00:00,2021,6,8,port980,Port Vila,Vanuatu,VUT,0,0,0,0,0,0,0,0,0,0,0,0,0,0,0,0,0,0,0,0,0
2021-06-07 00:00:00+00:00,2021,6,7,port669,Luganville,Vanuatu,VUT,0,0,0,0,0,0,0,0,0,0,0,0,0,0,0,0,0,0,0,0,0
2021-06-07 00:00:00+00:00,2021,6,7,port980,Port Vila,Vanuatu,VUT,0,0,0,0,0,0,0,0,0,0,0,0,0,0,0,0,0,0,0,0,0
2021-06-06 00:00:00+00:00,2021,6,6,port669,Luganville,Vanuatu,VUT,0,0,0,0,0,0,0,0,0,0,0,0,0,0,0,0,0,0,0,0,0
2021-06-06 00:00:00+00:00,2021,6,6,port980,Port Vila,Vanuatu,VUT,0,0,0,0,0,0,0,0,0,0,0,0,0,0,0,0,0,0,0,0,0
2021-06-05 00:00:00+00:00,2021,6,5,port669,Luganville,Vanuatu,VUT,0,0,0,0,0,0,0,0,0,0,0,0,0,0,0,0,0,0,0,0,0
2021-06-05 00:00:00+00:00,2021,6,5,port980,Port Vila,Vanuatu,VUT,0,0,0,0,0,0,0,0,0,0,0,0,0,0,0,0,0,0,0,0,0
2021-06-04 00:00:00+00:00,2021,6,4,port669,Luganville,Vanuatu,VUT,0,0,0,0,0,0,0,0,0,0,0,0,0,0,0,0,0,0,0,0,0
2021-06-04 00:00:00+00:00,2021,6,4,port980,Port Vila,Vanuatu,VUT,0,0,0,0,0,0,0,0,0,0,0,0,0,0,0,0,0,0,0,0,0
2021-06-03 00:00:00+00:00,2021,6,3,port669,Luganville,Vanuatu,VUT,0,0,0,0,0,0,0,0,0,0,0,0,0,0,0,0,0,0,0,0,0
2021-06-03 00:00:00+00:00,2021,6,3,port980,Port Vila,Vanuatu,VUT,0,0,1,0,0,1,1,0,0,832,0,0,832,832,0,0,183,0,0,183,183
2021-06-02 00:00:00+00:00,2021,6,2,port669,Luganville,Vanuatu,VUT,0,0,0,0,0,0,0,0,0,0,0,0,0,0,0,0,0,0,0,0,0
2021-06-02 00:00:00+00:00,2021,6,2,port980,Port Vila,Vanuatu,VUT,0,0,0,0,0,0,0,0,0,0,0,0,0,0,0,0,0,0,0,0,0
2021-06-01 00:00:00+00:00,2021,6,1,port669,Luganville,Vanuatu,VUT,0,0,0,0,0,0,0,0,0,0,0,0,0,0,0,0,0,0,0,0,0
2021-06-01 00:00:00+00:00,2021,6,1,port980,Port Vila,Vanuatu,VUT,0,0,0,0,0,0,0,0,0,0,0,0,0,0,0,0,0,0,0,0,0
2021-05-31 00:00:00+00:00,2021,5,31,port669,Luganville,Vanuatu,VUT,0,0,1,0,0,1,1,0,0,0,0,0,0,0,0,0,1774,0,0,1774,1774
2021-05-31 00:00:00+00:00,2021,5,31,port980,Port Vila,Vanuatu,VUT,0,0,0,0,0,0,0,0,0,0,0,0,0,0,0,0,0,0,0,0,0
2021-05-30 00:00:00+00:00,2021,5,30,port669,Luganville,Vanuatu,VUT,0,0,0,0,0,0,0,0,0,0,0,0,0,0,0,0,0,0,0,0,0
2021-05-30 00:00:00+00:00,2021,5,30,port980,Port Vila,Vanuatu,VUT,0,0,0,0,0,0,0,0,0,0,0,0,0,0,0,0,0,0,0,0,0
2021-05-29 00:00:00+00:00,2021,5,29,port669,Luganville,Vanuatu,VUT,0,0,1,0,0,1,1,0,0,883,0,0,883,883,0,0,314,0,0,314,314
2021-05-29 00:00:00+00:00,2021,5,29,port980,Port Vila,Vanuatu,VUT,0,0,0,0,0,0,0,0,0,0,0,0,0,0,0,0,0,0,0,0,0
2021-05-28 00:00:00+00:00,2021,5,28,port669,Luganville,Vanuatu,VUT,0,0,0,0,0,0,0,0,0,0,0,0,0,0,0,0,0,0,0,0,0
2021-05-28 00:00:00+00:00,2021,5,28,port980,Port Vila,Vanuatu,VUT,1,0,0,0,0,1,1,1032,0,0,0,0,1032,1032,377,0,0,0,0,377,377
2021-05-27 00:00:00+00:00,2021,5,27,port669,Luganville,Vanuatu,VUT,0,0,0,0,0,0,0,0,0,0,0,0,0,0,0,0,0,0,0,0,0
2021-05-27 00:00:00+00:00,2021,5,27,port980,Port Vila,Vanuatu,VUT,0,0,0,0,0,0,0,0,0,0,0,0,0,0,0,0,0,0,0,0,0
2021-05-26 00:00:00+00:00,2021,5,26,port669,Luganville,Vanuatu,VUT,0,0,0,0,0,0,0,0,0,0,0,0,0,0,0,0,0,0,0,0,0
2021-05-26 00:00:00+00:00,2021,5,26,port980,Port Vila,Vanuatu,VUT,0,0,0,0,0,0,0,0,0,0,0,0,0,0,0,0,0,0,0,0,0
2021-05-25 00:00:00+00:00,2021,5,25,port669,Luganville,Vanuatu,VUT,0,0,1,0,0,1,1,0,0,200,0,0,200,200,0,0,0,0,0,0,0
2021-05-25 00:00:00+00:00,2021,5,25,port980,Port Vila,Vanuatu,VUT,0,0,0,0,0,0,0,0,0,0,0,0,0,0,0,0,0,0,0,0,0
2021-05-24 00:00:00+00:00,2021,5,24,port669,Luganville,Vanuatu,VUT,0,0,0,0,0,0,0,0,0,0,0,0,0,0,0,0,0,0,0,0,0
2021-05-24 00:00:00+00:00,2021,5,24,port980,Port Vila,Vanuatu,VUT,1,0,0,0,0,1,1,0,0,0,0,0,0,0,317,0,0,0,0,317,317
2021-05-23 00:00:00+00:00,2021,5,23,port669,Luganville,Vanuatu,VUT,0,0,1,0,1,1,2,0,0,883,0,0,883,883,0,0,314,0,0,314,314
2021-05-23 00:00:00+00:00,2021,5,23,port980,Port Vila,Vanuatu,VUT,0,0,0,0,0,0,0,0,0,0,0,0,0,0,0,0,0,0,0,0,0
2021-05-22 00:00:00+00:00,2021,5,22,port669,Luganville,Vanuatu,VUT,0,0,0,0,0,0,0,0,0,0,0,0,0,0,0,0,0,0,0,0,0
2021-05-22 00:00:00+00:00,2021,5,22,port980,Port Vila,Vanuatu,VUT,0,0,0,0,0,0,0,0,0,0,0,0,0,0,0,0,0,0,0,0,0
2021-05-21 00:00:00+00:00,2021,5,21,port669,Luganville,Vanuatu,VUT,1,0,0,0,0,1,1,1021,0,0,0,0,1021,1021,243,0,0,0,0,243,243
2021-05-21 00:00:00+00:00,2021,5,21,port980,Port Vila,Vanuatu,VUT,0,0,1,0,2,1,3,0,0,813,0,161,813,975,0,0,0,0,0,0,0
2021-05-20 00:00:00+00:00,2021,5,20,port669,Luganville,Vanuatu,VUT,0,0,0,0,0,0,0,0,0,0,0,0,0,0,0,0,0,0,0,0,0
2021-05-20 00:00:00+00:00,2021,5,20,port980,Port Vila,Vanuatu,VUT,0,0,1,0,0,1,1,0,0,832,0,0,832,832,0,0,183,0,0,183,183
2021-05-19 00:00:00+00:00,2021,5,19,port669,Luganville,Vanuatu,VUT,0,0,0,0,0,0,0,0,0,0,0,0,0,0,0,0,0,0,0,0,0
2021-05-19 00:00:00+00:00,2021,5,19,port980,Port Vila,Vanuatu,VUT,0,0,0,0,0,0,0,0,0,0,0,0,0,0,0,0,0,0,0,0,0
2021-05-18 00:00:00+00:00,2021,5,18,port669,Luganville,Vanuatu,VUT,0,0,0,0,0,0,0,0,0,0,0,0,0,0,0,0,0,0,0,0,0
2021-05-18 00:00:00+00:00,2021,5,18,port980,Port Vila,Vanuatu,VUT,0,0,0,0,0,0,0,0,0,0,0,0,0,0,0,0,0,0,0,0,0
2021-05-17 00:00:00+00:00,2021,5,17,port669,Luganville,Vanuatu,VUT,0,0,0,0,0,0,0,0,0,0,0,0,0,0,0,0,0,0,0,0,0
2021-05-17 00:00:00+00:00,2021,5,17,port980,Port Vila,Vanuatu,VUT,0,0,0,0,0,0,0,0,0,0,0,0,0,0,0,0,0,0,0,0,0
2021-05-16 00:00:00+00:00,2021,5,16,port669,Luganville,Vanuatu,VUT,0,0,0,0,0,0,0,0,0,0,0,0,0,0,0,0,0,0,0,0,0
2021-05-16 00:00:00+00:00,2021,5,16,port980,Port Vila,Vanuatu,VUT,0,0,0,0,0,0,0,0,0,0,0,0,0,0,0,0,0,0,0,0,0
2021-05-15 00:00:00+00:00,2021,5,15,port669,Luganville,Vanuatu,VUT,0,0,0,0,0,0,0,0,0,0,0,0,0,0,0,0,0,0,0,0,0
2021-05-15 00:00:00+00:00,2021,5,15,port980,Port Vila,Vanuatu,VUT,0,0,0,0,0,0,0,0,0,0,0,0,0,0,0,0,0,0,0,0,0
2021-05-14 00:00:00+00:00,2021,5,14,port669,Luganville,Vanuatu,VUT,0,0,1,0,0,1,1,0,0,883,0,0,883,883,0,0,314,0,0,314,314
2021-05-14 00:00:00+00:00,2021,5,14,port980,Port Vila,Vanuatu,VUT,0,0,0,0,0,0,0,0,0,0,0,0,0,0,0,0,0,0,0,0,0
2021-05-13 00:00:00+00:00,2021,5,13,port669,Luganville,Vanuatu,VUT,0,0,0,0,0,0,0,0,0,0,0,0,0,0,0,0,0,0,0,0,0
2021-05-13 00:00:00+00:00,2021,5,13,port980,Port Vila,Vanuatu,VUT,0,0,1,0,0,1,1,0,0,832,0,0,832,832,0,0,183,0,0,183,183
2021-05-12 00:00:00+00:00,2021,5,12,port669,Luganville,Vanuatu,VUT,0,0,0,0,0,0,0,0,0,0,0,0,0,0,0,0,0,0,0,0,0
2021-05-12 00:00:00+00:00,2021,5,12,port980,Port Vila,Vanuatu,VUT,0,0,1,0,0,1,1,0,0,832,0,0,832,832,0,0,183,0,0,183,183
2021-05-11 00:00:00+00:00,2021,5,11,port669,Luganville,Vanuatu,VUT,0,0,0,0,0,0,0,0,0,0,0,0,0,0,0,0,0,0,0,0,0
2021-05-11 00:00:00+00:00,2021,5,11,port980,Port Vila,Vanuatu,VUT,0,0,0,0,0,0,0,0,0,0,0,0,0,0,0,0,0,0,0,0,0
2021-05-10 00:00:00+00:00,2021,5,10,port669,Luganville,Vanuatu,VUT,0,0,0,0,0,0,0,0,0,0,0,0,0,0,0,0,0,0,0,0,0
2021-05-10 00:00:00+00:00,2021,5,10,port980,Port Vila,Vanuatu,VUT,1,0,0,0,0,1,1,0,0,0,0,0,0,0,1610,0,0,0,0,1610,1610
2021-05-09 00:00:00+00:00,2021,5,9,port669,Luganville,Vanuatu,VUT,0,0,0,0,0,0,0,0,0,0,0,0,0,0,0,0,0,0,0,0,0
2021-05-09 00:00:00+00:00,2021,5,9,port980,Port Vila,Vanuatu,VUT,0,0,0,0,0,0,0,0,0,0,0,0,0,0,0,0,0,0,0,0,0
2021-05-08 00:00:00+00:00,2021,5,8,port669,Luganville,Vanuatu,VUT,0,0,0,0,0,0,0,0,0,0,0,0,0,0,0,0,0,0,0,0,0
2021-05-08 00:00:00+00:00,2021,5,8,port980,Port Vila,Vanuatu,VUT,0,0,0,0,0,0,0,0,0,0,0,0,0,0,0,0,0,0,0,0,0
2021-05-07 00:00:00+00:00,2021,5,7,port669,Luganville,Vanuatu,VUT,0,0,0,0,0,0,0,0,0,0,0,0,0,0,0,0,0,0,0,0,0
2021-05-07 00:00:00+00:00,2021,5,7,port980,Port Vila,Vanuatu,VUT,0,0,0,0,0,0,0,0,0,0,0,0,0,0,0,0,0,0,0,0,0
2021-05-06 00:00:00+00:00,2021,5,6,port669,Luganville,Vanuatu,VUT,0,0,0,0,0,0,0,0,0,0,0,0,0,0,0,0,0,0,0,0,0
2021-05-06 00:00:00+00:00,2021,5,6,port980,Port Vila,Vanuatu,VUT,0,0,0,0,0,0,0,0,0,0,0,0,0,0,0,0,0,0,0,0,0
2021-05-05 00:00:00+00:00,2021,5,5,port669,Luganville,Vanuatu,VUT,0,0,0,0,0,0,0,0,0,0,0,0,0,0,0,0,0,0,0,0,0
2021-05-05 00:00:00+00:00,2021,5,5,port980,Port Vila,Vanuatu,VUT,0,0,0,0,0,0,0,0,0,0,0,0,0,0,0,0,0,0,0,0,0
2021-05-04 00:00:00+00:00,2021,5,4,port669,Luganville,Vanuatu,VUT,0,0,0,0,0,0,0,0,0,0,0,0,0,0,0,0,0,0,0,0,0
2021-05-04 00:00:00+00:00,2021,5,4,port980,Port Vila,Vanuatu,VUT,0,0,0,0,0,0,0,0,0,0,0,0,0,0,0,0,0,0,0,0,0
2021-05-03 00:00:00+00:00,2021,5,3,port669,Luganville,Vanuatu,VUT,0,0,0,0,0,0,0,0,0,0,0,0,0,0,0,0,0,0,0,0,0
2021-05-03 00:00:00+00:00,2021,5,3,port980,Port Vila,Vanuatu,VUT,0,0,0,0,0,0,0,0,0,0,0,0,0,0,0,0,0,0,0,0,0
2021-05-02 00:00:00+00:00,2021,5,2,port669,Luganville,Vanuatu,VUT,0,0,0,0,0,0,0,0,0,0,0,0,0,0,0,0,0,0,0,0,0
2021-05-02 00:00:00+00:00,2021,5,2,port980,Port Vila,Vanuatu,VUT,0,0,0,0,0,0,0,0,0,0,0,0,0,0,0,0,0,0,0,0,0
2021-05-01 00:00:00+00:00,2021,5,1,port669,Luganville,Vanuatu,VUT,0,0,0,0,0,0,0,0,0,0,0,0,0,0,0,0,0,0,0,0,0
2021-05-01 00:00:00+00:00,2021,5,1,port980,Port Vila,Vanuatu,VUT,1,0,0,0,0,1,1,558,0,0,0,0,558,558,0,0,0,0,0,0,0
2021-04-30 00:00:00+00:00,2021,4,30,port669,Luganville,Vanuatu,VUT,0,0,0,0,0,0,0,0,0,0,0,0,0,0,0,0,0,0,0,0,0
2021-04-30 00:00:00+00:00,2021,4,30,port980,Port Vila,Vanuatu,VUT,0,0,0,0,0,0,0,0,0,0,0,0,0,0,0,0,0,0,0,0,0
2021-04-29 00:00:00+00:00,2021,4,29,port669,Luganville,Vanuatu,VUT,0,0,0,0,0,0,0,0,0,0,0,0,0,0,0,0,0,0,0,0,0
2021-04-29 00:00:00+00:00,2021,4,29,port980,Port Vila,Vanuatu,VUT,0,0,1,0,0,1,1,0,0,0,0,0,0,0,0,0,316,0,0,316,316
2021-04-28 00:00:00+00:00,2021,4,28,port669,Luganville,Vanuatu,VUT,0,0,0,0,0,0,0,0,0,0,0,0,0,0,0,0,0,0,0,0,0
2021-04-28 00:00:00+00:00,2021,4,28,port980,Port Vila,Vanuatu,VUT,0,0,0,0,0,0,0,0,0,0,0,0,0,0,0,0,0,0,0,0,0
2021-04-27 00:00:00+00:00,2021,4,27,port669,Luganville,Vanuatu,VUT,0,0,1,0,0,1,1,0,0,2213,0,0,2213,2213,0,0,0,0,0,0,0
2021-04-27 00:00:00+00:00,2021,4,27,port980,Port Vila,Vanuatu,VUT,1,0,0,0,0,1,1,1553,0,0,0,0,1553,1553,0,0,0,0,0,0,0
2021-04-26 00:00:00+00:00,2021,4,26,port669,Luganville,Vanuatu,VUT,0,0,0,0,0,0,0,0,0,0,0,0,0,0,0,0,0,0,0,0,0
2021-04-26 00:00:00+00:00,2021,4,26,port980,Port Vila,Vanuatu,VUT,0,0,0,0,0,0,0,0,0,0,0,0,0,0,0,0,0,0,0,0,0
2021-04-25 00:00:00+00:00,2021,4,25,port669,Luganville,Vanuatu,VUT,0,0,0,0,0,0,0,0,0,0,0,0,0,0,0,0,0,0,0,0,0
2021-04-25 00:00:00+00:00,2021,4,25,port980,Port Vila,Vanuatu,VUT,0,0,2,0,0,2,2,0,0,832,0,0,832,832,0,0,817,0,0,817,817
2021-04-24 00:00:00+00:00,2021,4,24,port669,Luganville,Vanuatu,VUT,0,0,0,0,0,0,0,0,0,0,0,0,0,0,0,0,0,0,0,0,0
2021-04-24 00:00:00+00:00,2021,4,24,port980,Port Vila,Vanuatu,VUT,0,0,0,0,0,0,0,0,0,0,0,0,0,0,0,0,0,0,0,0,0
2021-04-23 00:00:00+00:00,2021,4,23,port669,Luganville,Vanuatu,VUT,0,0,0,0,0,0,0,0,0,0,0,0,0,0,0,0,0,0,0,0,0
2021-04-23 00:00:00+00:00,2021,4,23,port980,Port Vila,Vanuatu,VUT,0,0,0,0,0,0,0,0,0,0,0,0,0,0,0,0,0,0,0,0,0
2021-04-22 00:00:00+00:00,2021,4,22,port669,Luganville,Vanuatu,VUT,1,0,0,0,0,1,1,828,0,0,0,0,828,828,146,0,0,0,0,146,146
2021-04-22 00:00:00+00:00,2021,4,22,port980,Port Vila,Vanuatu,VUT,0,0,0,0,0,0,0,0,0,0,0,0,0,0,0,0,0,0,0,0,0
2021-04-21 00:00:00+00:00,2021,4,21,port669,Luganville,Vanuatu,VUT,0,0,1,0,0,1,1,0,0,883,0,0,883,883,0,0,314,0,0,314,314
2021-04-21 00:00:00+00:00,2021,4,21,port980,Port Vila,Vanuatu,VUT,0,0,0,0,0,0,0,0,0,0,0,0,0,0,0,0,0,0,0,0,0
2021-04-20 00:00:00+00:00,2021,4,20,port669,Luganville,Vanuatu,VUT,0,0,0,0,0,0,0,0,0,0,0,0,0,0,0,0,0,0,0,0,0
2021-04-20 00:00:00+00:00,2021,4,20,port980,Port Vila,Vanuatu,VUT,0,0,0,0,0,0,0,0,0,0,0,0,0,0,0,0,0,0,0,0,0
2021-04-19 00:00:00+00:00,2021,4,19,port669,Luganville,Vanuatu,VUT,0,0,0,0,0,0,0,0,0,0,0,0,0,0,0,0,0,0,0,0,0
2021-04-19 00:00:00+00:00,2021,4,19,port980,Port Vila,Vanuatu,VUT,0,0,0,0,0,0,0,0,0,0,0,0,0,0,0,0,0,0,0,0,0
2021-04-18 00:00:00+00:00,2021,4,18,port669,Luganville,Vanuatu,VUT,0,0,0,0,0,0,0,0,0,0,0,0,0,0,0,0,0,0,0,0,0
2021-04-18 00:00:00+00:00,2021,4,18,port980,Port Vila,Vanuatu,VUT,1,0,0,0,0,1,1,1240,0,0,0,0,1240,1240,125,0,0,0,0,125,125
2021-04-17 00:00:00+00:00,2021,4,17,port669,Luganville,Vanuatu,VUT,0,0,0,0,0,0,0,0,0,0,0,0,0,0,0,0,0,0,0,0,0
2021-04-17 00:00:00+00:00,2021,4,17,port980,Port Vila,Vanuatu,VUT,0,0,0,0,0,0,0,0,0,0,0,0,0,0,0,0,0,0,0,0,0
2021-04-16 00:00:00+00:00,2021,4,16,port669,Luganville,Vanuatu,VUT,0,0,0,0,0,0,0,0,0,0,0,0,0,0,0,0,0,0,0,0,0
2021-04-16 00:00:00+00:00,2021,4,16,port980,Port Vila,Vanuatu,VUT,0,0,0,0,0,0,0,0,0,0,0,0,0,0,0,0,0,0,0,0,0
2021-04-15 00:00:00+00:00,2021,4,15,port669,Luganville,Vanuatu,VUT,1,0,0,0,0,1,1,0,0,0,0,0,0,0,782,0,0,0,0,782,782
2021-04-15 00:00:00+00:00,2021,4,15,port980,Port Vila,Vanuatu,VUT,0,0,0,0,0,0,0,0,0,0,0,0,0,0,0,0,0,0,0,0,0
2021-04-14 00:00:00+00:00,2021,4,14,port669,Luganville,Vanuatu,VUT,0,0,0,0,0,0,0,0,0,0,0,0,0,0,0,0,0,0,0,0,0
2021-04-14 00:00:00+00:00,2021,4,14,port980,Port Vila,Vanuatu,VUT,0,0,0,0,0,0,0,0,0,0,0,0,0,0,0,0,0,0,0,0,0
2021-04-13 00:00:00+00:00,2021,4,13,port669,Luganville,Vanuatu,VUT,0,0,0,0,0,0,0,0,0,0,0,0,0,0,0,0,0,0,0,0,0
2021-04-13 00:00:00+00:00,2021,4,13,port980,Port Vila,Vanuatu,VUT,0,0,0,0,0,0,0,0,0,0,0,0,0,0,0,0,0,0,0,0,0
2021-04-12 00:00:00+00:00,2021,4,12,port669,Luganville,Vanuatu,VUT,0,0,1,0,0,1,1,0,0,0,0,0,0,0,0,0,704,0,0,704,704
2021-04-12 00:00:00+00:00,2021,4,12,port980,Port Vila,Vanuatu,VUT,0,0,0,0,0,0,0,0,0,0,0,0,0,0,0,0,0,0,0,0,0
2021-04-11 00:00:00+00:00,2021,4,11,port669,Luganville,Vanuatu,VUT,0,0,0,0,0,0,0,0,0,0,0,0,0,0,0,0,0,0,0,0,0
2021-04-11 00:00:00+00:00,2021,4,11,port980,Port Vila,Vanuatu,VUT,1,0,0,0,0,1,1,1304,0,0,0,0,1304,1304,0,0,0,0,0,0,0
2021-04-10 00:00:00+00:00,2021,4,10,port669,Luganville,Vanuatu,VUT,0,0,0,0,1,0,1,0,0,0,0,0,0,0,0,0,0,0,0,0,0
2021-04-10 00:00:00+00:00,2021,4,10,port980,Port Vila,Vanuatu,VUT,0,0,0,0,0,0,0,0,0,0,0,0,0,0,0,0,0,0,0,0,0
2021-04-09 00:00:00+00:00,2021,4,9,port669,Luganville,Vanuatu,VUT,0,0,0,0,0,0,0,0,0,0,0,0,0,0,0,0,0,0,0,0,0
2021-04-09 00:00:00+00:00,2021,4,9,port980,Port Vila,Vanuatu,VUT,0,0,0,0,0,0,0,0,0,0,0,0,0,0,0,0,0,0,0,0,0
2021-04-08 00:00:00+00:00,2021,4,8,port669,Luganville,Vanuatu,VUT,0,0,0,0,0,0,0,0,0,0,0,0,0,0,0,0,0,0,0,0,0
2021-04-08 00:00:00+00:00,2021,4,8,port980,Port Vila,Vanuatu,VUT,0,0,1,0,1,1,2,0,0,832,0,0,832,832,0,0,183,0,0,183,183
2021-04-07 00:00:00+00:00,2021,4,7,port669,Luganville,Vanuatu,VUT,0,0,0,0,0,0,0,0,0,0,0,0,0,0,0,0,0,0,0,0,0
2021-04-07 00:00:00+00:00,2021,4,7,port980,Port Vila,Vanuatu,VUT,1,0,0,0,1,1,2,0,0,0,0,311,0,311,691,0,0,0,175,691,867
2021-04-06 00:00:00+00:00,2021,4,6,port669,Luganville,Vanuatu,VUT,0,0,0,0,0,0,0,0,0,0,0,0,0,0,0,0,0,0,0,0,0
2021-04-06 00:00:00+00:00,2021,4,6,port980,Port Vila,Vanuatu,VUT,0,0,0,0,0,0,0,0,0,0,0,0,0,0,0,0,0,0,0,0,0
2021-04-05 00:00:00+00:00,2021,4,5,port669,Luganville,Vanuatu,VUT,0,0,0,0,0,0,0,0,0,0,0,0,0,0,0,0,0,0,0,0,0
2021-04-05 00:00:00+00:00,2021,4,5,port980,Port Vila,Vanuatu,VUT,0,0,1,0,0,1,1,0,0,832,0,0,832,832,0,0,183,0,0,183,183
2021-04-04 00:00:00+00:00,2021,4,4,port669,Luganville,Vanuatu,VUT,0,0,1,0,0,1,1,0,0,883,0,0,883,883,0,0,314,0,0,314,314
2021-04-04 00:00:00+00:00,2021,4,4,port980,Port Vila,Vanuatu,VUT,0,0,0,0,0,0,0,0,0,0,0,0,0,0,0,0,0,0,0,0,0
2021-04-03 00:00:00+00:00,2021,4,3,port669,Luganville,Vanuatu,VUT,0,0,0,0,0,0,0,0,0,0,0,0,0,0,0,0,0,0,0,0,0
2021-04-03 00:00:00+00:00,2021,4,3,port980,Port Vila,Vanuatu,VUT,0,0,0,0,0,0,0,0,0,0,0,0,0,0,0,0,0,0,0,0,0
2021-04-02 00:00:00+00:00,2021,4,2,port669,Luganville,Vanuatu,VUT,0,0,0,0,0,0,0,0,0,0,0,0,0,0,0,0,0,0,0,0,0
2021-04-02 00:00:00+00:00,2021,4,2,port980,Port Vila,Vanuatu,VUT,0,0,0,0,0,0,0,0,0,0,0,0,0,0,0,0,0,0,0,0,0
2021-04-01 00:00:00+00:00,2021,4,1,port669,Luganville,Vanuatu,VUT,0,0,0,0,0,0,0,0,0,0,0,0,0,0,0,0,0,0,0,0,0
2021-04-01 00:00:00+00:00,2021,4,1,port980,Port Vila,Vanuatu,VUT,0,0,0,0,0,0,0,0,0,0,0,0,0,0,0,0,0,0,0,0,0
2021-03-31 00:00:00+00:00,2021,3,31,port669,Luganville,Vanuatu,VUT,0,0,0,0,0,0,0,0,0,0,0,0,0,0,0,0,0,0,0,0,0
2021-03-31 00:00:00+00:00,2021,3,31,port980,Port Vila,Vanuatu,VUT,0,0,0,0,0,0,0,0,0,0,0,0,0,0,0,0,0,0,0,0,0
2021-03-30 00:00:00+00:00,2021,3,30,port669,Luganville,Vanuatu,VUT,0,0,0,0,0,0,0,0,0,0,0,0,0,0,0,0,0,0,0,0,0
2021-03-30 00:00:00+00:00,2021,3,30,port980,Port Vila,Vanuatu,VUT,0,0,0,0,0,0,0,0,0,0,0,0,0,0,0,0,0,0,0,0,0
2021-03-29 00:00:00+00:00,2021,3,29,port669,Luganville,Vanuatu,VUT,1,0,0,0,0,1,1,828,0,0,0,0,828,828,146,0,0,0,0,146,146
2021-03-29 00:00:00+00:00,2021,3,29,port980,Port Vila,Vanuatu,VUT,0,0,0,0,0,0,0,0,0,0,0,0,0,0,0,0,0,0,0,0,0
2021-03-28 00:00:00+00:00,2021,3,28,port669,Luganville,Vanuatu,VUT,0,0,1,0,0,1,1,0,0,883,0,0,883,883,0,0,314,0,0,314,314
2021-03-28 00:00:00+00:00,2021,3,28,port980,Port Vila,Vanuatu,VUT,0,0,0,0,0,0,0,0,0,0,0,0,0,0,0,0,0,0,0,0,0
2021-03-27 00:00:00+00:00,2021,3,27,port669,Luganville,Vanuatu,VUT,0,0,0,0,0,0,0,0,0,0,0,0,0,0,0,0,0,0,0,0,0
2021-03-27 00:00:00+00:00,2021,3,27,port980,Port Vila,Vanuatu,VUT,0,0,0,0,0,0,0,0,0,0,0,0,0,0,0,0,0,0,0,0,0
2021-03-26 00:00:00+00:00,2021,3,26,port669,Luganville,Vanuatu,VUT,0,0,0,0,0,0,0,0,0,0,0,0,0,0,0,0,0,0,0,0,0
2021-03-26 00:00:00+00:00,2021,3,26,port980,Port Vila,Vanuatu,VUT,0,0,0,0,0,0,0,0,0,0,0,0,0,0,0,0,0,0,0,0,0
2021-03-25 00:00:00+00:00,2021,3,25,port669,Luganville,Vanuatu,VUT,0,0,0,0,0,0,0,0,0,0,0,0,0,0,0,0,0,0,0,0,0
2021-03-25 00:00:00+00:00,2021,3,25,port980,Port Vila,Vanuatu,VUT,2,0,0,0,0,2,2,3322,0,0,0,0,3322,3322,0,0,0,0,0,0,0
2021-03-24 00:00:00+00:00,2021,3,24,port669,Luganville,Vanuatu,VUT,0,0,0,0,0,0,0,0,0,0,0,0,0,0,0,0,0,0,0,0,0
2021-03-24 00:00:00+00:00,2021,3,24,port980,Port Vila,Vanuatu,VUT,1,0,1,0,0,2,2,1314,0,832,0,0,2147,2147,0,0,183,0,0,183,183
2021-03-23 00:00:00+00:00,2021,3,23,port669,Luganville,Vanuatu,VUT,0,0,0,0,0,0,0,0,0,0,0,0,0,0,0,0,0,0,0,0,0
2021-03-23 00:00:00+00:00,2021,3,23,port980,Port Vila,Vanuatu,VUT,0,0,0,0,0,0,0,0,0,0,0,0,0,0,0,0,0,0,0,0,0
2021-03-22 00:00:00+00:00,2021,3,22,port669,Luganville,Vanuatu,VUT,0,0,0,0,0,0,0,0,0,0,0,0,0,0,0,0,0,0,0,0,0
2021-03-22 00:00:00+00:00,2021,3,22,port980,Port Vila,Vanuatu,VUT,0,0,0,0,0,0,0,0,0,0,0,0,0,0,0,0,0,0,0,0,0
2021-03-21 00:00:00+00:00,2021,3,21,port669,Luganville,Vanuatu,VUT,0,0,0,0,0,0,0,0,0,0,0,0,0,0,0,0,0,0,0,0,0
2021-03-21 00:00:00+00:00,2021,3,21,port980,Port Vila,Vanuatu,VUT,0,0,0,0,0,0,0,0,0,0,0,0,0,0,0,0,0,0,0,0,0
2021-03-20 00:00:00+00:00,2021,3,20,port669,Luganville,Vanuatu,VUT,0,0,0,0,0,0,0,0,0,0,0,0,0,0,0,0,0,0,0,0,0
2021-03-20 00:00:00+00:00,2021,3,20,port980,Port Vila,Vanuatu,VUT,0,0,0,0,0,0,0,0,0,0,0,0,0,0,0,0,0,0,0,0,0
2021-03-19 00:00:00+00:00,2021,3,19,port669,Luganville,Vanuatu,VUT,1,0,0,0,0,1,1,0,0,0,0,0,0,0,1167,0,0,0,0,1167,1167
2021-03-19 00:00:00+00:00,2021,3,19,port980,Port Vila,Vanuatu,VUT,0,0,0,0,0,0,0,0,0,0,0,0,0,0,0,0,0,0,0,0,0
2021-03-18 00:00:00+00:00,2021,3,18,port669,Luganville,Vanuatu,VUT,0,0,0,0,0,0,0,0,0,0,0,0,0,0,0,0,0,0,0,0,0
2021-03-18 00:00:00+00:00,2021,3,18,port980,Port Vila,Vanuatu,VUT,0,0,0,0,0,0,0,0,0,0,0,0,0,0,0,0,0,0,0,0,0
2021-03-17 00:00:00+00:00,2021,3,17,port669,Luganville,Vanuatu,VUT,0,0,0,0,0,0,0,0,0,0,0,0,0,0,0,0,0,0,0,0,0
2021-03-17 00:00:00+00:00,2021,3,17,port980,Port Vila,Vanuatu,VUT,0,0,1,0,0,1,1,0,0,314,0,0,314,314,0,0,0,0,0,0,0
2021-03-16 00:00:00+00:00,2021,3,16,port669,Luganville,Vanuatu,VUT,0,0,0,0,0,0,0,0,0,0,0,0,0,0,0,0,0,0,0,0,0
2021-03-16 00:00:00+00:00,2021,3,16,port980,Port Vila,Vanuatu,VUT,0,0,0,0,0,0,0,0,0,0,0,0,0,0,0,0,0,0,0,0,0
2021-03-15 00:00:00+00:00,2021,3,15,port669,Luganville,Vanuatu,VUT,0,0,1,0,0,1,1,0,0,883,0,0,883,883,0,0,314,0,0,314,314
2021-03-15 00:00:00+00:00,2021,3,15,port980,Port Vila,Vanuatu,VUT,0,0,0,0,0,0,0,0,0,0,0,0,0,0,0,0,0,0,0,0,0
2021-03-14 00:00:00+00:00,2021,3,14,port669,Luganville,Vanuatu,VUT,0,0,0,0,0,0,0,0,0,0,0,0,0,0,0,0,0,0,0,0,0
2021-03-14 00:00:00+00:00,2021,3,14,port980,Port Vila,Vanuatu,VUT,0,0,1,0,0,1,1,0,0,832,0,0,832,832,0,0,183,0,0,183,183
2021-03-13 00:00:00+00:00,2021,3,13,port669,Luganville,Vanuatu,VUT,0,0,1,0,0,1,1,0,0,883,0,0,883,883,0,0,314,0,0,314,314
2021-03-13 00:00:00+00:00,2021,3,13,port980,Port Vila,Vanuatu,VUT,0,0,0,0,0,0,0,0,0,0,0,0,0,0,0,0,0,0,0,0,0
2021-03-12 00:00:00+00:00,2021,3,12,port669,Luganville,Vanuatu,VUT,0,0,0,0,0,0,0,0,0,0,0,0,0,0,0,0,0,0,0,0,0
2021-03-12 00:00:00+00:00,2021,3,12,port980,Port Vila,Vanuatu,VUT,0,0,0,0,0,0,0,0,0,0,0,0,0,0,0,0,0,0,0,0,0
2021-03-11 00:00:00+00:00,2021,3,11,port669,Luganville,Vanuatu,VUT,0,0,0,0,0,0,0,0,0,0,0,0,0,0,0,0,0,0,0,0,0
2021-03-11 00:00:00+00:00,2021,3,11,port980,Port Vila,Vanuatu,VUT,0,0,0,0,0,0,0,0,0,0,0,0,0,0,0,0,0,0,0,0,0
2021-03-10 00:00:00+00:00,2021,3,10,port669,Luganville,Vanuatu,VUT,0,0,0,0,0,0,0,0,0,0,0,0,0,0,0,0,0,0,0,0,0
2021-03-10 00:00:00+00:00,2021,3,10,port980,Port Vila,Vanuatu,VUT,0,0,0,0,0,0,0,0,0,0,0,0,0,0,0,0,0,0,0,0,0
2021-03-09 00:00:00+00:00,2021,3,9,port669,Luganville,Vanuatu,VUT,0,0,0,0,0,0,0,0,0,0,0,0,0,0,0,0,0,0,0,0,0
2021-03-09 00:00:00+00:00,2021,3,9,port980,Port Vila,Vanuatu,VUT,0,0,1,0,0,1,1,0,0,832,0,0,832,832,0,0,183,0,0,183,183
2021-03-08 00:00:00+00:00,2021,3,8,port669,Luganville,Vanuatu,VUT,0,0,0,0,0,0,0,0,0,0,0,0,0,0,0,0,0,0,0,0,0
2021-03-08 00:00:00+00:00,2021,3,8,port980,Port Vila,Vanuatu,VUT,0,0,0,0,1,0,1,0,0,0,0,311,0,311,0,0,0,0,175,0,175
2021-03-07 00:00:00+00:00,2021,3,7,port669,Luganville,Vanuatu,VUT,0,0,0,0,0,0,0,0,0,0,0,0,0,0,0,0,0,0,0,0,0
2021-03-07 00:00:00+00:00,2021,3,7,port980,Port Vila,Vanuatu,VUT,1,0,0,0,0,1,1,526,0,0,0,0,526,526,0,0,0,0,0,0,0
2021-03-06 00:00:00+00:00,2021,3,6,port669,Luganville,Vanuatu,VUT,0,0,0,0,0,0,0,0,0,0,0,0,0,0,0,0,0,0,0,0,0
2021-03-06 00:00:00+00:00,2021,3,6,port980,Port Vila,Vanuatu,VUT,0,0,0,0,0,0,0,0,0,0,0,0,0,0,0,0,0,0,0,0,0
2021-03-05 00:00:00+00:00,2021,3,5,port669,Luganville,Vanuatu,VUT,0,0,0,0,0,0,0,0,0,0,0,0,0,0,0,0,0,0,0,0,0
2021-03-05 00:00:00+00:00,2021,3,5,port980,Port Vila,Vanuatu,VUT,0,0,0,0,0,0,0,0,0,0,0,0,0,0,0,0,0,0,0,0,0
2021-03-04 00:00:00+00:00,2021,3,4,port669,Luganville,Vanuatu,VUT,0,0,0,0,0,0,0,0,0,0,0,0,0,0,0,0,0,0,0,0,0
2021-03-04 00:00:00+00:00,2021,3,4,port980,Port Vila,Vanuatu,VUT,1,0,0,0,0,1,1,0,0,0,0,0,0,0,807,0,0,0,0,807,807
2021-03-03 00:00:00+00:00,2021,3,3,port669,Luganville,Vanuatu,VUT,0,0,0,0,0,0,0,0,0,0,0,0,0,0,0,0,0,0,0,0,0
2021-03-03 00:00:00+00:00,2021,3,3,port980,Port Vila,Vanuatu,VUT,0,0,1,0,0,1,1,0,0,832,0,0,832,832,0,0,183,0,0,183,183
2021-03-02 00:00:00+00:00,2021,3,2,port669,Luganville,Vanuatu,VUT,0,0,0,0,0,0,0,0,0,0,0,0,0,0,0,0,0,0,0,0,0
2021-03-02 00:00:00+00:00,2021,3,2,port980,Port Vila,Vanuatu,VUT,0,0,0,0,0,0,0,0,0,0,0,0,0,0,0,0,0,0,0,0,0
2021-03-01 00:00:00+00:00,2021,3,1,port669,Luganville,Vanuatu,VUT,0,0,0,0,0,0,0,0,0,0,0,0,0,0,0,0,0,0,0,0,0
2021-03-01 00:00:00+00:00,2021,3,1,port980,Port Vila,Vanuatu,VUT,0,0,0,0,0,0,0,0,0,0,0,0,0,0,0,0,0,0,0,0,0
2021-02-28 00:00:00+00:00,2021,2,28,port669,Luganville,Vanuatu,VUT,0,0,1,0,0,1,1,0,0,883,0,0,883,883,0,0,314,0,0,314,314
2021-02-28 00:00:00+00:00,2021,2,28,port980,Port Vila,Vanuatu,VUT,0,0,0,0,0,0,0,0,0,0,0,0,0,0,0,0,0,0,0,0,0
2021-02-27 00:00:00+00:00,2021,2,27,port669,Luganville,Vanuatu,VUT,0,0,0,0,0,0,0,0,0,0,0,0,0,0,0,0,0,0,0,0,0
2021-02-27 00:00:00+00:00,2021,2,27,port980,Port Vila,Vanuatu,VUT,0,0,0,0,0,0,0,0,0,0,0,0,0,0,0,0,0,0,0,0,0
2021-02-26 00:00:00+00:00,2021,2,26,port669,Luganville,Vanuatu,VUT,0,0,0,0,0,0,0,0,0,0,0,0,0,0,0,0,0,0,0,0,0
2021-02-26 00:00:00+00:00,2021,2,26,port980,Port Vila,Vanuatu,VUT,0,0,0,0,0,0,0,0,0,0,0,0,0,0,0,0,0,0,0,0,0
2021-02-25 00:00:00+00:00,2021,2,25,port669,Luganville,Vanuatu,VUT,0,0,0,0,0,0,0,0,0,0,0,0,0,0,0,0,0,0,0,0,0
2021-02-25 00:00:00+00:00,2021,2,25,port980,Port Vila,Vanuatu,VUT,0,0,0,0,0,0,0,0,0,0,0,0,0,0,0,0,0,0,0,0,0
2021-02-24 00:00:00+00:00,2021,2,24,port669,Luganville,Vanuatu,VUT,0,0,0,0,0,0,0,0,0,0,0,0,0,0,0,0,0,0,0,0,0
2021-02-24 00:00:00+00:00,2021,2,24,port980,Port Vila,Vanuatu,VUT,0,0,0,0,0,0,0,0,0,0,0,0,0,0,0,0,0,0,0,0,0
2021-02-23 00:00:00+00:00,2021,2,23,port669,Luganville,Vanuatu,VUT,0,0,1,0,0,1,1,0,0,576,0,0,576,576,0,0,0,0,0,0,0
2021-02-23 00:00:00+00:00,2021,2,23,port980,Port Vila,Vanuatu,VUT,1,0,0,0,0,1,1,0,0,0,0,0,0,0,1555,0,0,0,0,1555,1555
2021-02-22 00:00:00+00:00,2021,2,22,port669,Luganville,Vanuatu,VUT,0,0,1,0,0,1,1,0,0,946,0,0,946,946,0,0,0,0,0,0,0
2021-02-22 00:00:00+00:00,2021,2,22,port980,Port Vila,Vanuatu,VUT,0,0,0,0,0,0,0,0,0,0,0,0,0,0,0,0,0,0,0,0,0
2021-02-21 00:00:00+00:00,2021,2,21,port669,Luganville,Vanuatu,VUT,0,0,0,0,0,0,0,0,0,0,0,0,0,0,0,0,0,0,0,0,0
2021-02-21 00:00:00+00:00,2021,2,21,port980,Port Vila,Vanuatu,VUT,0,0,1,0,0,1,1,0,0,0,0,0,0,0,0,0,315,0,0,315,315
2021-02-20 00:00:00+00:00,2021,2,20,port669,Luganville,Vanuatu,VUT,0,0,0,0,0,0,0,0,0,0,0,0,0,0,0,0,0,0,0,0,0
2021-02-20 00:00:00+00:00,2021,2,20,port980,Port Vila,Vanuatu,VUT,0,0,0,0,0,0,0,0,0,0,0,0,0,0,0,0,0,0,0,0,0
2021-02-19 00:00:00+00:00,2021,2,19,port669,Luganville,Vanuatu,VUT,0,0,0,0,0,0,0,0,0,0,0,0,0,0,0,0,0,0,0,0,0
2021-02-19 00:00:00+00:00,2021,2,19,port980,Port Vila,Vanuatu,VUT,0,0,0,0,0,0,0,0,0,0,0,0,0,0,0,0,0,0,0,0,0
2021-02-18 00:00:00+00:00,2021,2,18,port669,Luganville,Vanuatu,VUT,0,0,0,0,0,0,0,0,0,0,0,0,0,0,0,0,0,0,0,0,0
2021-02-18 00:00:00+00:00,2021,2,18,port980,Port Vila,Vanuatu,VUT,0,0,0,0,0,0,0,0,0,0,0,0,0,0,0,0,0,0,0,0,0
2021-02-17 00:00:00+00:00,2021,2,17,port669,Luganville,Vanuatu,VUT,0,0,0,0,0,0,0,0,0,0,0,0,0,0,0,0,0,0,0,0,0
2021-02-17 00:00:00+00:00,2021,2,17,port980,Port Vila,Vanuatu,VUT,0,0,0,0,0,0,0,0,0,0,0,0,0,0,0,0,0,0,0,0,0
2021-02-16 00:00:00+00:00,2021,2,16,port669,Luganville,Vanuatu,VUT,0,0,0,0,0,0,0,0,0,0,0,0,0,0,0,0,0,0,0,0,0
2021-02-16 00:00:00+00:00,2021,2,16,port980,Port Vila,Vanuatu,VUT,1,0,0,0,1,1,2,1240,0,0,0,519,1240,1759,125,0,0,0,0,125,125
2021-02-15 00:00:00+00:00,2021,2,15,port669,Luganville,Vanuatu,VUT,0,0,0,0,0,0,0,0,0,0,0,0,0,0,0,0,0,0,0,0,0
2021-02-15 00:00:00+00:00,2021,2,15,port980,Port Vila,Vanuatu,VUT,0,0,1,0,0,1,1,0,0,2371,0,0,2371,2371,0,0,0,0,0,0,0
2021-02-14 00:00:00+00:00,2021,2,14,port669,Luganville,Vanuatu,VUT,1,0,1,0,0,2,2,0,0,883,0,0,883,883,774,0,314,0,0,1088,1088
2021-02-14 00:00:00+00:00,2021,2,14,port980,Port Vila,Vanuatu,VUT,0,0,0,0,0,0,0,0,0,0,0,0,0,0,0,0,0,0,0,0,0
2021-02-13 00:00:00+00:00,2021,2,13,port669,Luganville,Vanuatu,VUT,0,0,0,0,0,0,0,0,0,0,0,0,0,0,0,0,0,0,0,0,0
2021-02-13 00:00:00+00:00,2021,2,13,port980,Port Vila,Vanuatu,VUT,0,0,0,0,0,0,0,0,0,0,0,0,0,0,0,0,0,0,0,0,0
2021-02-12 00:00:00+00:00,2021,2,12,port669,Luganville,Vanuatu,VUT,0,0,0,0,0,0,0,0,0,0,0,0,0,0,0,0,0,0,0,0,0
2021-02-12 00:00:00+00:00,2021,2,12,port980,Port Vila,Vanuatu,VUT,0,0,0,0,0,0,0,0,0,0,0,0,0,0,0,0,0,0,0,0,0
2021-02-11 00:00:00+00:00,2021,2,11,port669,Luganville,Vanuatu,VUT,0,0,0,0,0,0,0,0,0,0,0,0,0,0,0,0,0,0,0,0,0
2021-02-11 00:00:00+00:00,2021,2,11,port980,Port Vila,Vanuatu,VUT,0,0,0,0,0,0,0,0,0,0,0,0,0,0,0,0,0,0,0,0,0
2021-02-10 00:00:00+00:00,2021,2,10,port669,Luganville,Vanuatu,VUT,0,0,0,0,0,0,0,0,0,0,0,0,0,0,0,0,0,0,0,0,0
2021-02-10 00:00:00+00:00,2021,2,10,port980,Port Vila,Vanuatu,VUT,0,0,0,0,0,0,0,0,0,0,0,0,0,0,0,0,0,0,0,0,0
2021-02-09 00:00:00+00:00,2021,2,9,port669,Luganville,Vanuatu,VUT,0,0,0,0,0,0,0,0,0,0,0,0,0,0,0,0,0,0,0,0,0
2021-02-09 00:00:00+00:00,2021,2,9,port980,Port Vila,Vanuatu,VUT,0,0,0,0,0,0,0,0,0,0,0,0,0,0,0,0,0,0,0,0,0
2021-02-08 00:00:00+00:00,2021,2,8,port669,Luganville,Vanuatu,VUT,0,0,0,0,0,0,0,0,0,0,0,0,0,0,0,0,0,0,0,0,0
2021-02-08 00:00:00+00:00,2021,2,8,port980,Port Vila,Vanuatu,VUT,0,0,0,0,0,0,0,0,0,0,0,0,0,0,0,0,0,0,0,0,0
2021-02-07 00:00:00+00:00,2021,2,7,port669,Luganville,Vanuatu,VUT,0,0,1,0,0,1,1,0,0,883,0,0,883,883,0,0,314,0,0,314,314
2021-02-07 00:00:00+00:00,2021,2,7,port980,Port Vila,Vanuatu,VUT,0,0,0,0,0,0,0,0,0,0,0,0,0,0,0,0,0,0,0,0,0
2021-02-06 00:00:00+00:00,2021,2,6,port669,Luganville,Vanuatu,VUT,0,0,0,0,0,0,0,0,0,0,0,0,0,0,0,0,0,0,0,0,0
2021-02-06 00:00:00+00:00,2021,2,6,port980,Port Vila,Vanuatu,VUT,0,0,0,0,0,0,0,0,0,0,0,0,0,0,0,0,0,0,0,0,0
2021-02-05 00:00:00+00:00,2021,2,5,port669,Luganville,Vanuatu,VUT,0,0,0,0,0,0,0,0,0,0,0,0,0,0,0,0,0,0,0,0,0
2021-02-05 00:00:00+00:00,2021,2,5,port980,Port Vila,Vanuatu,VUT,0,0,0,0,1,0,1,0,0,0,0,311,0,311,0,0,0,0,175,0,175
2021-02-04 00:00:00+00:00,2021,2,4,port669,Luganville,Vanuatu,VUT,0,0,0,0,0,0,0,0,0,0,0,0,0,0,0,0,0,0,0,0,0
2021-02-04 00:00:00+00:00,2021,2,4,port980,Port Vila,Vanuatu,VUT,1,0,0,0,0,1,1,0,0,0,0,0,0,0,346,0,0,0,0,346,346
2021-02-03 00:00:00+00:00,2021,2,3,port669,Luganville,Vanuatu,VUT,0,0,0,0,0,0,0,0,0,0,0,0,0,0,0,0,0,0,0,0,0
2021-02-03 00:00:00+00:00,2021,2,3,port980,Port Vila,Vanuatu,VUT,0,0,0,0,0,0,0,0,0,0,0,0,0,0,0,0,0,0,0,0,0
2021-02-02 00:00:00+00:00,2021,2,2,port669,Luganville,Vanuatu,VUT,0,0,0,0,0,0,0,0,0,0,0,0,0,0,0,0,0,0,0,0,0
2021-02-02 00:00:00+00:00,2021,2,2,port980,Port Vila,Vanuatu,VUT,0,0,0,0,0,0,0,0,0,0,0,0,0,0,0,0,0,0,0,0,0
2021-02-01 00:00:00+00:00,2021,2,1,port669,Luganville,Vanuatu,VUT,0,0,0,0,0,0,0,0,0,0,0,0,0,0,0,0,0,0,0,0,0
2021-02-01 00:00:00+00:00,2021,2,1,port980,Port Vila,Vanuatu,VUT,0,0,0,0,0,0,0,0,0,0,0,0,0,0,0,0,0,0,0,0,0
2021-01-31 00:00:00+00:00,2021,1,31,port669,Luganville,Vanuatu,VUT,0,0,0,0,0,0,0,0,0,0,0,0,0,0,0,0,0,0,0,0,0
2021-01-31 00:00:00+00:00,2021,1,31,port980,Port Vila,Vanuatu,VUT,0,0,0,0,0,0,0,0,0,0,0,0,0,0,0,0,0,0,0,0,0
2021-01-30 00:00:00+00:00,2021,1,30,port669,Luganville,Vanuatu,VUT,0,0,0,0,0,0,0,0,0,0,0,0,0,0,0,0,0,0,0,0,0
2021-01-30 00:00:00+00:00,2021,1,30,port980,Port Vila,Vanuatu,VUT,0,0,0,0,0,0,0,0,0,0,0,0,0,0,0,0,0,0,0,0,0
2021-01-29 00:00:00+00:00,2021,1,29,port669,Luganville,Vanuatu,VUT,0,0,0,0,0,0,0,0,0,0,0,0,0,0,0,0,0,0,0,0,0
2021-01-29 00:00:00+00:00,2021,1,29,port980,Port Vila,Vanuatu,VUT,0,0,0,0,0,0,0,0,0,0,0,0,0,0,0,0,0,0,0,0,0
2021-01-28 00:00:00+00:00,2021,1,28,port669,Luganville,Vanuatu,VUT,0,0,0,0,0,0,0,0,0,0,0,0,0,0,0,0,0,0,0,0,0
2021-01-28 00:00:00+00:00,2021,1,28,port980,Port Vila,Vanuatu,VUT,0,0,1,0,0,1,1,0,0,832,0,0,832,832,0,0,183,0,0,183,183
2021-01-27 00:00:00+00:00,2021,1,27,port669,Luganville,Vanuatu,VUT,0,0,0,0,0,0,0,0,0,0,0,0,0,0,0,0,0,0,0,0,0
2021-01-27 00:00:00+00:00,2021,1,27,port980,Port Vila,Vanuatu,VUT,0,0,0,0,0,0,0,0,0,0,0,0,0,0,0,0,0,0,0,0,0
2021-01-26 00:00:00+00:00,2021,1,26,port669,Luganville,Vanuatu,VUT,0,0,0,0,0,0,0,0,0,0,0,0,0,0,0,0,0,0,0,0,0
2021-01-26 00:00:00+00:00,2021,1,26,port980,Port Vila,Vanuatu,VUT,1,0,0,0,0,1,1,1240,0,0,0,0,1240,1240,125,0,0,0,0,125,125
2021-01-25 00:00:00+00:00,2021,1,25,port669,Luganville,Vanuatu,VUT,0,0,0,0,0,0,0,0,0,0,0,0,0,0,0,0,0,0,0,0,0
2021-01-25 00:00:00+00:00,2021,1,25,port980,Port Vila,Vanuatu,VUT,0,0,0,0,0,0,0,0,0,0,0,0,0,0,0,0,0,0,0,0,0
2021-01-24 00:00:00+00:00,2021,1,24,port669,Luganville,Vanuatu,VUT,0,0,0,0,0,0,0,0,0,0,0,0,0,0,0,0,0,0,0,0,0
2021-01-24 00:00:00+00:00,2021,1,24,port980,Port Vila,Vanuatu,VUT,0,0,0,0,0,0,0,0,0,0,0,0,0,0,0,0,0,0,0,0,0
2021-01-23 00:00:00+00:00,2021,1,23,port669,Luganville,Vanuatu,VUT,0,0,0,0,0,0,0,0,0,0,0,0,0,0,0,0,0,0,0,0,0
2021-01-23 00:00:00+00:00,2021,1,23,port980,Port Vila,Vanuatu,VUT,0,0,0,0,0,0,0,0,0,0,0,0,0,0,0,0,0,0,0,0,0
2021-01-22 00:00:00+00:00,2021,1,22,port669,Luganville,Vanuatu,VUT,0,0,0,0,0,0,0,0,0,0,0,0,0,0,0,0,0,0,0,0,0
2021-01-22 00:00:00+00:00,2021,1,22,port980,Port Vila,Vanuatu,VUT,0,0,1,0,0,1,1,0,0,832,0,0,832,832,0,0,183,0,0,183,183
2021-01-21 00:00:00+00:00,2021,1,21,port669,Luganville,Vanuatu,VUT,0,0,0,0,0,0,0,0,0,0,0,0,0,0,0,0,0,0,0,0,0
2021-01-21 00:00:00+00:00,2021,1,21,port980,Port Vila,Vanuatu,VUT,0,0,0,0,0,0,0,0,0,0,0,0,0,0,0,0,0,0,0,0,0
2021-01-20 00:00:00+00:00,2021,1,20,port669,Luganville,Vanuatu,VUT,0,0,0,0,0,0,0,0,0,0,0,0,0,0,0,0,0,0,0,0,0
2021-01-20 00:00:00+00:00,2021,1,20,port980,Port Vila,Vanuatu,VUT,1,0,0,0,0,1,1,1032,0,0,0,0,1032,1032,377,0,0,0,0,377,377
2021-01-19 00:00:00+00:00,2021,1,19,port669,Luganville,Vanuatu,VUT,0,0,0,0,0,0,0,0,0,0,0,0,0,0,0,0,0,0,0,0,0
2021-01-19 00:00:00+00:00,2021,1,19,port980,Port Vila,Vanuatu,VUT,0,0,0,0,0,0,0,0,0,0,0,0,0,0,0,0,0,0,0,0,0
2021-01-18 00:00:00+00:00,2021,1,18,port669,Luganville,Vanuatu,VUT,0,0,0,0,0,0,0,0,0,0,0,0,0,0,0,0,0,0,0,0,0
2021-01-18 00:00:00+00:00,2021,1,18,port980,Port Vila,Vanuatu,VUT,0,0,0,0,0,0,0,0,0,0,0,0,0,0,0,0,0,0,0,0,0
2021-01-17 00:00:00+00:00,2021,1,17,port669,Luganville,Vanuatu,VUT,0,0,1,0,0,1,1,0,0,883,0,0,883,883,0,0,314,0,0,314,314
2021-01-17 00:00:00+00:00,2021,1,17,port980,Port Vila,Vanuatu,VUT,0,0,0,0,1,0,1,0,0,0,0,1042,0,1042,0,0,0,0,0,0,0
2021-01-16 00:00:00+00:00,2021,1,16,port669,Luganville,Vanuatu,VUT,0,0,0,0,1,0,1,0,0,0,0,3135,0,3135,0,0,0,0,0,0,0
2021-01-16 00:00:00+00:00,2021,1,16,port980,Port Vila,Vanuatu,VUT,0,0,0,0,0,0,0,0,0,0,0,0,0,0,0,0,0,0,0,0,0
2021-01-15 00:00:00+00:00,2021,1,15,port669,Luganville,Vanuatu,VUT,1,0,0,0,0,1,1,828,0,0,0,0,828,828,146,0,0,0,0,146,146
2021-01-15 00:00:00+00:00,2021,1,15,port980,Port Vila,Vanuatu,VUT,0,0,0,0,0,0,0,0,0,0,0,0,0,0,0,0,0,0,0,0,0
2021-01-14 00:00:00+00:00,2021,1,14,port669,Luganville,Vanuatu,VUT,0,0,0,0,0,0,0,0,0,0,0,0,0,0,0,0,0,0,0,0,0
2021-01-14 00:00:00+00:00,2021,1,14,port980,Port Vila,Vanuatu,VUT,0,0,0,0,0,0,0,0,0,0,0,0,0,0,0,0,0,0,0,0,0
2021-01-13 00:00:00+00:00,2021,1,13,port669,Luganville,Vanuatu,VUT,0,0,0,0,0,0,0,0,0,0,0,0,0,0,0,0,0,0,0,0,0
2021-01-13 00:00:00+00:00,2021,1,13,port980,Port Vila,Vanuatu,VUT,1,0,0,0,0,1,1,1283,0,0,0,0,1283,1283,0,0,0,0,0,0,0
2021-01-12 00:00:00+00:00,2021,1,12,port669,Luganville,Vanuatu,VUT,0,0,0,0,0,0,0,0,0,0,0,0,0,0,0,0,0,0,0,0,0
2021-01-12 00:00:00+00:00,2021,1,12,port980,Port Vila,Vanuatu,VUT,1,0,0,0,0,1,1,1314,0,0,0,0,1314,1314,0,0,0,0,0,0,0
2021-01-11 00:00:00+00:00,2021,1,11,port669,Luganville,Vanuatu,VUT,0,0,0,0,0,0,0,0,0,0,0,0,0,0,0,0,0,0,0,0,0
2021-01-11 00:00:00+00:00,2021,1,11,port980,Port Vila,Vanuatu,VUT,0,0,0,0,0,0,0,0,0,0,0,0,0,0,0,0,0,0,0,0,0
2021-01-10 00:00:00+00:00,2021,1,10,port669,Luganville,Vanuatu,VUT,0,0,0,0,0,0,0,0,0,0,0,0,0,0,0,0,0,0,0,0,0
2021-01-10 00:00:00+00:00,2021,1,10,port980,Port Vila,Vanuatu,VUT,0,0,0,0,0,0,0,0,0,0,0,0,0,0,0,0,0,0,0,0,0
2021-01-09 00:00:00+00:00,2021,1,9,port669,Luganville,Vanuatu,VUT,0,0,1,0,0,1,1,0,0,1895,0,0,1895,1895,0,0,0,0,0,0,0
2021-01-09 00:00:00+00:00,2021,1,9,port980,Port Vila,Vanuatu,VUT,0,0,0,0,1,0,1,0,0,0,0,0,0,0,0,0,0,0,0,0,0
2021-01-08 00:00:00+00:00,2021,1,8,port669,Luganville,Vanuatu,VUT,1,0,0,0,0,1,1,1544,0,0,0,0,1544,1544,0,0,0,0,0,0,0
2021-01-08 00:00:00+00:00,2021,1,8,port980,Port Vila,Vanuatu,VUT,0,0,1,0,0,1,1,0,0,634,0,0,634,634,0,0,0,0,0,0,0
2021-01-07 00:00:00+00:00,2021,1,7,port669,Luganville,Vanuatu,VUT,0,0,0,0,0,0,0,0,0,0,0,0,0,0,0,0,0,0,0,0,0
2021-01-07 00:00:00+00:00,2021,1,7,port980,Port Vila,Vanuatu,VUT,0,0,0,0,0,0,0,0,0,0,0,0,0,0,0,0,0,0,0,0,0
2021-01-06 00:00:00+00:00,2021,1,6,port669,Luganville,Vanuatu,VUT,0,0,0,0,0,0,0,0,0,0,0,0,0,0,0,0,0,0,0,0,0
2021-01-06 00:00:00+00:00,2021,1,6,port980,Port Vila,Vanuatu,VUT,0,0,0,0,0,0,0,0,0,0,0,0,0,0,0,0,0,0,0,0,0
2021-01-05 00:00:00+00:00,2021,1,5,port669,Luganville,Vanuatu,VUT,0,0,0,0,0,0,0,0,0,0,0,0,0,0,0,0,0,0,0,0,0
2021-01-05 00:00:00+00:00,2021,1,5,port980,Port Vila,Vanuatu,VUT,0,0,0,0,0,0,0,0,0,0,0,0,0,0,0,0,0,0,0,0,0
2021-01-04 00:00:00+00:00,2021,1,4,port669,Luganville,Vanuatu,VUT,0,0,0,0,0,0,0,0,0,0,0,0,0,0,0,0,0,0,0,0,0
2021-01-04 00:00:00+00:00,2021,1,4,port980,Port Vila,Vanuatu,VUT,0,0,0,0,0,0,0,0,0,0,0,0,0,0,0,0,0,0,0,0,0
2021-01-03 00:00:00+00:00,2021,1,3,port669,Luganville,Vanuatu,VUT,0,0,0,0,0,0,0,0,0,0,0,0,0,0,0,0,0,0,0,0,0
2021-01-03 00:00:00+00:00,2021,1,3,port980,Port Vila,Vanuatu,VUT,1,0,0,0,0,1,1,807,0,0,0,0,807,807,0,0,0,0,0,0,0
2021-01-02 00:00:00+00:00,2021,1,2,port669,Luganville,Vanuatu,VUT,0,0,0,0,0,0,0,0,0,0,0,0,0,0,0,0,0,0,0,0,0
2021-01-02 00:00:00+00:00,2021,1,2,port980,Port Vila,Vanuatu,VUT,0,0,0,0,0,0,0,0,0,0,0,0,0,0,0,0,0,0,0,0,0
2021-01-01 00:00:00+00:00,2021,1,1,port669,Luganville,Vanuatu,VUT,0,0,0,0,0,0,0,0,0,0,0,0,0,0,0,0,0,0,0,0,0
2021-01-01 00:00:00+00:00,2021,1,1,port980,Port Vila,Vanuatu,VUT,1,0,0,0,0,1,1,635,0,0,0,0,635,635,0,0,0,0,0,0,0
2020-12-31 00:00:00+00:00,2020,12,31,port669,Luganville,Vanuatu,VUT,0,0,0,0,0,0,0,0,0,0,0,0,0,0,0,0,0,0,0,0,0
2020-12-31 00:00:00+00:00,2020,12,31,port980,Port Vila,Vanuatu,VUT,0,0,0,0,0,0,0,0,0,0,0,0,0,0,0,0,0,0,0,0,0
2020-12-30 00:00:00+00:00,2020,12,30,port669,Luganville,Vanuatu,VUT,0,0,0,0,0,0,0,0,0,0,0,0,0,0,0,0,0,0,0,0,0
2020-12-30 00:00:00+00:00,2020,12,30,port980,Port Vila,Vanuatu,VUT,0,0,0,0,0,0,0,0,0,0,0,0,0,0,0,0,0,0,0,0,0
2020-12-29 00:00:00+00:00,2020,12,29,port669,Luganville,Vanuatu,VUT,0,0,0,0,0,0,0,0,0,0,0,0,0,0,0,0,0,0,0,0,0
2020-12-29 00:00:00+00:00,2020,12,29,port980,Port Vila,Vanuatu,VUT,0,0,0,0,0,0,0,0,0,0,0,0,0,0,0,0,0,0,0,0,0
2020-12-28 00:00:00+00:00,2020,12,28,port669,Luganville,Vanuatu,VUT,0,0,0,0,0,0,0,0,0,0,0,0,0,0,0,0,0,0,0,0,0
2020-12-28 00:00:00+00:00,2020,12,28,port980,Port Vila,Vanuatu,VUT,0,0,0,0,0,0,0,0,0,0,0,0,0,0,0,0,0,0,0,0,0
2020-12-27 00:00:00+00:00,2020,12,27,port669,Luganville,Vanuatu,VUT,0,0,0,0,0,0,0,0,0,0,0,0,0,0,0,0,0,0,0,0,0
2020-12-27 00:00:00+00:00,2020,12,27,port980,Port Vila,Vanuatu,VUT,0,0,0,0,0,0,0,0,0,0,0,0,0,0,0,0,0,0,0,0,0
2020-12-26 00:00:00+00:00,2020,12,26,port669,Luganville,Vanuatu,VUT,0,0,0,0,0,0,0,0,0,0,0,0,0,0,0,0,0,0,0,0,0
2020-12-26 00:00:00+00:00,2020,12,26,port980,Port Vila,Vanuatu,VUT,0,0,0,0,1,0,1,0,0,0,0,3644,0,3644,0,0,0,0,0,0,0
2020-12-25 00:00:00+00:00,2020,12,25,port669,Luganville,Vanuatu,VUT,0,0,0,0,0,0,0,0,0,0,0,0,0,0,0,0,0,0,0,0,0
2020-12-25 00:00:00+00:00,2020,12,25,port980,Port Vila,Vanuatu,VUT,0,0,0,0,0,0,0,0,0,0,0,0,0,0,0,0,0,0,0,0,0
2020-12-24 00:00:00+00:00,2020,12,24,port669,Luganville,Vanuatu,VUT,0,0,0,0,0,0,0,0,0,0,0,0,0,0,0,0,0,0,0,0,0
2020-12-24 00:00:00+00:00,2020,12,24,port980,Port Vila,Vanuatu,VUT,0,0,1,0,0,1,1,0,0,832,0,0,832,832,0,0,183,0,0,183,183
2020-12-23 00:00:00+00:00,2020,12,23,port669,Luganville,Vanuatu,VUT,0,0,1,0,0,1,1,0,0,883,0,0,883,883,0,0,314,0,0,314,314
2020-12-23 00:00:00+00:00,2020,12,23,port980,Port Vila,Vanuatu,VUT,0,0,0,0,0,0,0,0,0,0,0,0,0,0,0,0,0,0,0,0,0
2020-12-22 00:00:00+00:00,2020,12,22,port669,Luganville,Vanuatu,VUT,1,0,0,0,0,1,1,828,0,0,0,0,828,828,146,0,0,0,0,146,146
2020-12-22 00:00:00+00:00,2020,12,22,port980,Port Vila,Vanuatu,VUT,0,0,0,0,0,0,0,0,0,0,0,0,0,0,0,0,0,0,0,0,0
2020-12-21 00:00:00+00:00,2020,12,21,port669,Luganville,Vanuatu,VUT,0,0,0,0,0,0,0,0,0,0,0,0,0,0,0,0,0,0,0,0,0
2020-12-21 00:00:00+00:00,2020,12,21,port980,Port Vila,Vanuatu,VUT,1,0,1,0,0,2,2,1240,0,832,0,0,2073,2073,125,0,183,0,0,308,308
2020-12-20 00:00:00+00:00,2020,12,20,port669,Luganville,Vanuatu,VUT,0,0,1,0,0,1,1,0,0,883,0,0,883,883,0,0,314,0,0,314,314
2020-12-20 00:00:00+00:00,2020,12,20,port980,Port Vila,Vanuatu,VUT,0,0,0,0,0,0,0,0,0,0,0,0,0,0,0,0,0,0,0,0,0
2020-12-19 00:00:00+00:00,2020,12,19,port669,Luganville,Vanuatu,VUT,0,0,0,0,0,0,0,0,0,0,0,0,0,0,0,0,0,0,0,0,0
2020-12-19 00:00:00+00:00,2020,12,19,port980,Port Vila,Vanuatu,VUT,0,0,1,0,0,1,1,0,0,832,0,0,832,832,0,0,183,0,0,183,183
2020-12-18 00:00:00+00:00,2020,12,18,port669,Luganville,Vanuatu,VUT,0,0,0,0,0,0,0,0,0,0,0,0,0,0,0,0,0,0,0,0,0
2020-12-18 00:00:00+00:00,2020,12,18,port980,Port Vila,Vanuatu,VUT,1,0,0,0,0,1,1,1314,0,0,0,0,1314,1314,0,0,0,0,0,0,0
2020-12-17 00:00:00+00:00,2020,12,17,port669,Luganville,Vanuatu,VUT,0,0,0,0,0,0,0,0,0,0,0,0,0,0,0,0,0,0,0,0,0
2020-12-17 00:00:00+00:00,2020,12,17,port980,Port Vila,Vanuatu,VUT,0,0,0,0,0,0,0,0,0,0,0,0,0,0,0,0,0,0,0,0,0
2020-12-16 00:00:00+00:00,2020,12,16,port669,Luganville,Vanuatu,VUT,0,0,1,0,0,1,1,0,0,635,0,0,635,635,0,0,0,0,0,0,0
2020-12-16 00:00:00+00:00,2020,12,16,port980,Port Vila,Vanuatu,VUT,0,0,1,0,0,1,1,0,0,832,0,0,832,832,0,0,183,0,0,183,183
2020-12-15 00:00:00+00:00,2020,12,15,port669,Luganville,Vanuatu,VUT,0,0,0,0,0,0,0,0,0,0,0,0,0,0,0,0,0,0,0,0,0
2020-12-15 00:00:00+00:00,2020,12,15,port980,Port Vila,Vanuatu,VUT,0,0,0,0,0,0,0,0,0,0,0,0,0,0,0,0,0,0,0,0,0
2020-12-14 00:00:00+00:00,2020,12,14,port669,Luganville,Vanuatu,VUT,0,0,0,0,0,0,0,0,0,0,0,0,0,0,0,0,0,0,0,0,0
2020-12-14 00:00:00+00:00,2020,12,14,port980,Port Vila,Vanuatu,VUT,0,0,1,0,0,1,1,0,0,0,0,0,0,0,0,0,952,0,0,952,952
2020-12-13 00:00:00+00:00,2020,12,13,port669,Luganville,Vanuatu,VUT,0,0,1,0,0,1,1,0,0,883,0,0,883,883,0,0,314,0,0,314,314
2020-12-13 00:00:00+00:00,2020,12,13,port980,Port Vila,Vanuatu,VUT,1,0,0,0,0,1,1,1032,0,0,0,0,1032,1032,377,0,0,0,0,377,377
2020-12-12 00:00:00+00:00,2020,12,12,port669,Luganville,Vanuatu,VUT,1,0,0,0,0,1,1,783,0,0,0,0,783,783,0,0,0,0,0,0,0
2020-12-12 00:00:00+00:00,2020,12,12,port980,Port Vila,Vanuatu,VUT,0,0,0,0,0,0,0,0,0,0,0,0,0,0,0,0,0,0,0,0,0
2020-12-11 00:00:00+00:00,2020,12,11,port669,Luganville,Vanuatu,VUT,0,0,0,0,0,0,0,0,0,0,0,0,0,0,0,0,0,0,0,0,0
2020-12-11 00:00:00+00:00,2020,12,11,port980,Port Vila,Vanuatu,VUT,0,0,0,0,0,0,0,0,0,0,0,0,0,0,0,0,0,0,0,0,0
2020-12-10 00:00:00+00:00,2020,12,10,port669,Luganville,Vanuatu,VUT,0,0,0,0,0,0,0,0,0,0,0,0,0,0,0,0,0,0,0,0,0
2020-12-10 00:00:00+00:00,2020,12,10,port980,Port Vila,Vanuatu,VUT,0,0,0,0,0,0,0,0,0,0,0,0,0,0,0,0,0,0,0,0,0
2020-12-09 00:00:00+00:00,2020,12,9,port669,Luganville,Vanuatu,VUT,0,0,0,0,0,0,0,0,0,0,0,0,0,0,0,0,0,0,0,0,0
2020-12-09 00:00:00+00:00,2020,12,9,port980,Port Vila,Vanuatu,VUT,0,0,1,0,0,1,1,0,0,832,0,0,832,832,0,0,183,0,0,183,183
2020-12-08 00:00:00+00:00,2020,12,8,port669,Luganville,Vanuatu,VUT,0,0,1,0,0,1,1,0,0,883,0,0,883,883,0,0,314,0,0,314,314
2020-12-08 00:00:00+00:00,2020,12,8,port980,Port Vila,Vanuatu,VUT,0,0,0,0,0,0,0,0,0,0,0,0,0,0,0,0,0,0,0,0,0
2020-12-07 00:00:00+00:00,2020,12,7,port669,Luganville,Vanuatu,VUT,0,0,0,0,0,0,0,0,0,0,0,0,0,0,0,0,0,0,0,0,0
2020-12-07 00:00:00+00:00,2020,12,7,port980,Port Vila,Vanuatu,VUT,0,0,0,0,0,0,0,0,0,0,0,0,0,0,0,0,0,0,0,0,0
2020-12-06 00:00:00+00:00,2020,12,6,port669,Luganville,Vanuatu,VUT,0,0,0,0,0,0,0,0,0,0,0,0,0,0,0,0,0,0,0,0,0
2020-12-06 00:00:00+00:00,2020,12,6,port980,Port Vila,Vanuatu,VUT,0,0,0,0,0,0,0,0,0,0,0,0,0,0,0,0,0,0,0,0,0
2020-12-05 00:00:00+00:00,2020,12,5,port669,Luganville,Vanuatu,VUT,0,0,0,0,0,0,0,0,0,0,0,0,0,0,0,0,0,0,0,0,0
2020-12-05 00:00:00+00:00,2020,12,5,port980,Port Vila,Vanuatu,VUT,0,0,0,0,0,0,0,0,0,0,0,0,0,0,0,0,0,0,0,0,0
2020-12-04 00:00:00+00:00,2020,12,4,port669,Luganville,Vanuatu,VUT,0,0,0,0,0,0,0,0,0,0,0,0,0,0,0,0,0,0,0,0,0
2020-12-04 00:00:00+00:00,2020,12,4,port980,Port Vila,Vanuatu,VUT,0,0,1,0,0,1,1,0,0,0,0,0,0,0,0,0,1582,0,0,1582,1582
2020-12-03 00:00:00+00:00,2020,12,3,port669,Luganville,Vanuatu,VUT,0,0,0,0,0,0,0,0,0,0,0,0,0,0,0,0,0,0,0,0,0
2020-12-03 00:00:00+00:00,2020,12,3,port980,Port Vila,Vanuatu,VUT,0,0,0,0,0,0,0,0,0,0,0,0,0,0,0,0,0,0,0,0,0
2020-12-02 00:00:00+00:00,2020,12,2,port669,Luganville,Vanuatu,VUT,0,0,0,0,0,0,0,0,0,0,0,0,0,0,0,0,0,0,0,0,0
2020-12-02 00:00:00+00:00,2020,12,2,port980,Port Vila,Vanuatu,VUT,0,0,0,0,0,0,0,0,0,0,0,0,0,0,0,0,0,0,0,0,0
2020-12-01 00:00:00+00:00,2020,12,1,port669,Luganville,Vanuatu,VUT,0,0,0,0,0,0,0,0,0,0,0,0,0,0,0,0,0,0,0,0,0
2020-12-01 00:00:00+00:00,2020,12,1,port980,Port Vila,Vanuatu,VUT,1,0,0,0,1,1,2,559,0,0,0,311,559,871,0,0,0,0,175,0,175
2020-11-30 00:00:00+00:00,2020,11,30,port669,Luganville,Vanuatu,VUT,0,0,0,0,0,0,0,0,0,0,0,0,0,0,0,0,0,0,0,0,0
2020-11-30 00:00:00+00:00,2020,11,30,port980,Port Vila,Vanuatu,VUT,1,0,0,0,0,1,1,0,0,0,0,0,0,0,692,0,0,0,0,692,692
2020-11-29 00:00:00+00:00,2020,11,29,port669,Luganville,Vanuatu,VUT,0,0,0,0,0,0,0,0,0,0,0,0,0,0,0,0,0,0,0,0,0
2020-11-29 00:00:00+00:00,2020,11,29,port980,Port Vila,Vanuatu,VUT,0,0,0,0,0,0,0,0,0,0,0,0,0,0,0,0,0,0,0,0,0
2020-11-28 00:00:00+00:00,2020,11,28,port669,Luganville,Vanuatu,VUT,0,0,0,0,0,0,0,0,0,0,0,0,0,0,0,0,0,0,0,0,0
2020-11-28 00:00:00+00:00,2020,11,28,port980,Port Vila,Vanuatu,VUT,0,0,0,0,0,0,0,0,0,0,0,0,0,0,0,0,0,0,0,0,0
2020-11-27 00:00:00+00:00,2020,11,27,port669,Luganville,Vanuatu,VUT,0,0,0,0,0,0,0,0,0,0,0,0,0,0,0,0,0,0,0,0,0
2020-11-27 00:00:00+00:00,2020,11,27,port980,Port Vila,Vanuatu,VUT,0,0,1,0,0,1,1,0,0,0,0,0,0,0,0,0,626,0,0,626,626
2020-11-26 00:00:00+00:00,2020,11,26,port669,Luganville,Vanuatu,VUT,0,0,1,0,0,1,1,0,0,883,0,0,883,883,0,0,314,0,0,314,314
2020-11-26 00:00:00+00:00,2020,11,26,port980,Port Vila,Vanuatu,VUT,0,0,0,0,0,0,0,0,0,0,0,0,0,0,0,0,0,0,0,0,0
2020-11-25 00:00:00+00:00,2020,11,25,port669,Luganville,Vanuatu,VUT,0,0,0,0,0,0,0,0,0,0,0,0,0,0,0,0,0,0,0,0,0
2020-11-25 00:00:00+00:00,2020,11,25,port980,Port Vila,Vanuatu,VUT,0,0,0,0,0,0,0,0,0,0,0,0,0,0,0,0,0,0,0,0,0
2020-11-24 00:00:00+00:00,2020,11,24,port669,Luganville,Vanuatu,VUT,0,0,0,0,0,0,0,0,0,0,0,0,0,0,0,0,0,0,0,0,0
2020-11-24 00:00:00+00:00,2020,11,24,port980,Port Vila,Vanuatu,VUT,1,0,0,0,0,1,1,0,0,0,0,0,0,0,437,0,0,0,0,437,437
2020-11-23 00:00:00+00:00,2020,11,23,port669,Luganville,Vanuatu,VUT,0,0,0,0,0,0,0,0,0,0,0,0,0,0,0,0,0,0,0,0,0
2020-11-23 00:00:00+00:00,2020,11,23,port980,Port Vila,Vanuatu,VUT,0,0,0,0,0,0,0,0,0,0,0,0,0,0,0,0,0,0,0,0,0
2020-11-22 00:00:00+00:00,2020,11,22,port669,Luganville,Vanuatu,VUT,0,0,0,0,0,0,0,0,0,0,0,0,0,0,0,0,0,0,0,0,0
2020-11-22 00:00:00+00:00,2020,11,22,port980,Port Vila,Vanuatu,VUT,0,0,0,0,0,0,0,0,0,0,0,0,0,0,0,0,0,0,0,0,0
2020-11-21 00:00:00+00:00,2020,11,21,port669,Luganville,Vanuatu,VUT,0,0,0,0,0,0,0,0,0,0,0,0,0,0,0,0,0,0,0,0,0
2020-11-21 00:00:00+00:00,2020,11,21,port980,Port Vila,Vanuatu,VUT,0,0,0,0,0,0,0,0,0,0,0,0,0,0,0,0,0,0,0,0,0
2020-11-20 00:00:00+00:00,2020,11,20,port669,Luganville,Vanuatu,VUT,0,0,0,0,0,0,0,0,0,0,0,0,0,0,0,0,0,0,0,0,0
2020-11-20 00:00:00+00:00,2020,11,20,port980,Port Vila,Vanuatu,VUT,0,0,0,0,0,0,0,0,0,0,0,0,0,0,0,0,0,0,0,0,0
2020-11-19 00:00:00+00:00,2020,11,19,port669,Luganville,Vanuatu,VUT,0,0,0,0,0,0,0,0,0,0,0,0,0,0,0,0,0,0,0,0,0
2020-11-19 00:00:00+00:00,2020,11,19,port980,Port Vila,Vanuatu,VUT,0,0,0,0,0,0,0,0,0,0,0,0,0,0,0,0,0,0,0,0,0
2020-11-18 00:00:00+00:00,2020,11,18,port669,Luganville,Vanuatu,VUT,0,0,0,0,0,0,0,0,0,0,0,0,0,0,0,0,0,0,0,0,0
2020-11-18 00:00:00+00:00,2020,11,18,port980,Port Vila,Vanuatu,VUT,0,0,0,0,0,0,0,0,0,0,0,0,0,0,0,0,0,0,0,0,0
2020-11-17 00:00:00+00:00,2020,11,17,port669,Luganville,Vanuatu,VUT,1,0,0,0,0,1,1,828,0,0,0,0,828,828,146,0,0,0,0,146,146
2020-11-17 00:00:00+00:00,2020,11,17,port980,Port Vila,Vanuatu,VUT,0,0,0,0,0,0,0,0,0,0,0,0,0,0,0,0,0,0,0,0,0
2020-11-16 00:00:00+00:00,2020,11,16,port669,Luganville,Vanuatu,VUT,0,0,0,0,0,0,0,0,0,0,0,0,0,0,0,0,0,0,0,0,0
2020-11-16 00:00:00+00:00,2020,11,16,port980,Port Vila,Vanuatu,VUT,0,0,0,0,0,0,0,0,0,0,0,0,0,0,0,0,0,0,0,0,0
2020-11-15 00:00:00+00:00,2020,11,15,port669,Luganville,Vanuatu,VUT,0,0,0,0,0,0,0,0,0,0,0,0,0,0,0,0,0,0,0,0,0
2020-11-15 00:00:00+00:00,2020,11,15,port980,Port Vila,Vanuatu,VUT,1,0,0,0,0,1,1,2080,0,0,0,0,2080,2080,0,0,0,0,0,0,0
2020-11-14 00:00:00+00:00,2020,11,14,port669,Luganville,Vanuatu,VUT,0,0,0,0,0,0,0,0,0,0,0,0,0,0,0,0,0,0,0,0,0
2020-11-14 00:00:00+00:00,2020,11,14,port980,Port Vila,Vanuatu,VUT,0,0,0,0,0,0,0,0,0,0,0,0,0,0,0,0,0,0,0,0,0
2020-11-13 00:00:00+00:00,2020,11,13,port669,Luganville,Vanuatu,VUT,0,0,0,0,0,0,0,0,0,0,0,0,0,0,0,0,0,0,0,0,0
2020-11-13 00:00:00+00:00,2020,11,13,port980,Port Vila,Vanuatu,VUT,1,0,0,0,0,1,1,0,0,0,0,0,0,0,1172,0,0,0,0,1172,1172
2020-11-12 00:00:00+00:00,2020,11,12,port669,Luganville,Vanuatu,VUT,0,0,0,0,0,0,0,0,0,0,0,0,0,0,0,0,0,0,0,0,0
2020-11-12 00:00:00+00:00,2020,11,12,port980,Port Vila,Vanuatu,VUT,0,0,0,0,0,0,0,0,0,0,0,0,0,0,0,0,0,0,0,0,0
2020-11-11 00:00:00+00:00,2020,11,11,port669,Luganville,Vanuatu,VUT,0,0,1,0,0,1,1,0,0,883,0,0,883,883,0,0,314,0,0,314,314
2020-11-11 00:00:00+00:00,2020,11,11,port980,Port Vila,Vanuatu,VUT,0,0,0,0,0,0,0,0,0,0,0,0,0,0,0,0,0,0,0,0,0
2020-11-10 00:00:00+00:00,2020,11,10,port669,Luganville,Vanuatu,VUT,0,0,0,0,1,0,1,0,0,0,0,0,0,0,0,0,0,0,0,0,0
2020-11-10 00:00:00+00:00,2020,11,10,port980,Port Vila,Vanuatu,VUT,0,0,0,0,0,0,0,0,0,0,0,0,0,0,0,0,0,0,0,0,0
2020-11-09 00:00:00+00:00,2020,11,9,port669,Luganville,Vanuatu,VUT,0,0,1,0,0,1,1,0,0,883,0,0,883,883,0,0,314,0,0,314,314
2020-11-09 00:00:00+00:00,2020,11,9,port980,Port Vila,Vanuatu,VUT,0,0,0,0,0,0,0,0,0,0,0,0,0,0,0,0,0,0,0,0,0
2020-11-08 00:00:00+00:00,2020,11,8,port669,Luganville,Vanuatu,VUT,0,0,0,0,0,0,0,0,0,0,0,0,0,0,0,0,0,0,0,0,0
2020-11-08 00:00:00+00:00,2020,11,8,port980,Port Vila,Vanuatu,VUT,0,0,1,0,0,1,1,0,0,1584,0,0,1584,1584,0,0,0,0,0,0,0
2020-11-07 00:00:00+00:00,2020,11,7,port669,Luganville,Vanuatu,VUT,0,0,0,0,0,0,0,0,0,0,0,0,0,0,0,0,0,0,0,0,0
2020-11-07 00:00:00+00:00,2020,11,7,port980,Port Vila,Vanuatu,VUT,1,0,0,0,0,1,1,1314,0,0,0,0,1314,1314,0,0,0,0,0,0,0
2020-11-06 00:00:00+00:00,2020,11,6,port669,Luganville,Vanuatu,VUT,0,0,0,0,0,0,0,0,0,0,0,0,0,0,0,0,0,0,0,0,0
2020-11-06 00:00:00+00:00,2020,11,6,port980,Port Vila,Vanuatu,VUT,0,0,0,0,0,0,0,0,0,0,0,0,0,0,0,0,0,0,0,0,0
2020-11-05 00:00:00+00:00,2020,11,5,port669,Luganville,Vanuatu,VUT,0,0,0,0,0,0,0,0,0,0,0,0,0,0,0,0,0,0,0,0,0
2020-11-05 00:00:00+00:00,2020,11,5,port980,Port Vila,Vanuatu,VUT,0,0,0,0,0,0,0,0,0,0,0,0,0,0,0,0,0,0,0,0,0
2020-11-04 00:00:00+00:00,2020,11,4,port669,Luganville,Vanuatu,VUT,1,0,0,0,0,1,1,787,0,0,0,0,787,787,0,0,0,0,0,0,0
2020-11-04 00:00:00+00:00,2020,11,4,port980,Port Vila,Vanuatu,VUT,0,0,0,0,1,0,1,0,0,0,0,0,0,0,0,0,0,0,0,0,0
2020-11-03 00:00:00+00:00,2020,11,3,port669,Luganville,Vanuatu,VUT,0,0,0,0,0,0,0,0,0,0,0,0,0,0,0,0,0,0,0,0,0
2020-11-03 00:00:00+00:00,2020,11,3,port980,Port Vila,Vanuatu,VUT,0,0,0,0,0,0,0,0,0,0,0,0,0,0,0,0,0,0,0,0,0
2020-11-02 00:00:00+00:00,2020,11,2,port669,Luganville,Vanuatu,VUT,0,0,0,0,0,0,0,0,0,0,0,0,0,0,0,0,0,0,0,0,0
2020-11-02 00:00:00+00:00,2020,11,2,port980,Port Vila,Vanuatu,VUT,0,0,0,0,0,0,0,0,0,0,0,0,0,0,0,0,0,0,0,0,0
2020-11-01 00:00:00+00:00,2020,11,1,port669,Luganville,Vanuatu,VUT,0,0,1,0,0,1,1,0,0,883,0,0,883,883,0,0,314,0,0,314,314
2020-11-01 00:00:00+00:00,2020,11,1,port980,Port Vila,Vanuatu,VUT,1,0,0,0,0,1,1,0,0,0,0,0,0,0,634,0,0,0,0,634,634
2020-10-31 00:00:00+00:00,2020,10,31,port669,Luganville,Vanuatu,VUT,0,0,0,0,0,0,0,0,0,0,0,0,0,0,0,0,0,0,0,0,0
2020-10-31 00:00:00+00:00,2020,10,31,port980,Port Vila,Vanuatu,VUT,0,0,0,0,0,0,0,0,0,0,0,0,0,0,0,0,0,0,0,0,0
2020-10-30 00:00:00+00:00,2020,10,30,port669,Luganville,Vanuatu,VUT,0,0,0,0,0,0,0,0,0,0,0,0,0,0,0,0,0,0,0,0,0
2020-10-30 00:00:00+00:00,2020,10,30,port980,Port Vila,Vanuatu,VUT,0,0,0,0,0,0,0,0,0,0,0,0,0,0,0,0,0,0,0,0,0
2020-10-29 00:00:00+00:00,2020,10,29,port669,Luganville,Vanuatu,VUT,0,0,1,0,0,1,1,0,0,883,0,0,883,883,0,0,314,0,0,314,314
2020-10-29 00:00:00+00:00,2020,10,29,port980,Port Vila,Vanuatu,VUT,0,0,0,0,0,0,0,0,0,0,0,0,0,0,0,0,0,0,0,0,0
2020-10-28 00:00:00+00:00,2020,10,28,port669,Luganville,Vanuatu,VUT,0,0,0,0,0,0,0,0,0,0,0,0,0,0,0,0,0,0,0,0,0
2020-10-28 00:00:00+00:00,2020,10,28,port980,Port Vila,Vanuatu,VUT,0,0,0,0,1,0,1,0,0,0,0,311,0,311,0,0,0,0,175,0,175
2020-10-27 00:00:00+00:00,2020,10,27,port669,Luganville,Vanuatu,VUT,0,0,0,0,0,0,0,0,0,0,0,0,0,0,0,0,0,0,0,0,0
2020-10-27 00:00:00+00:00,2020,10,27,port980,Port Vila,Vanuatu,VUT,0,0,0,0,0,0,0,0,0,0,0,0,0,0,0,0,0,0,0,0,0
2020-10-26 00:00:00+00:00,2020,10,26,port669,Luganville,Vanuatu,VUT,0,0,0,0,0,0,0,0,0,0,0,0,0,0,0,0,0,0,0,0,0
2020-10-26 00:00:00+00:00,2020,10,26,port980,Port Vila,Vanuatu,VUT,1,0,0,0,0,1,1,0,0,0,0,0,0,0,805,0,0,0,0,805,805
2020-10-25 00:00:00+00:00,2020,10,25,port669,Luganville,Vanuatu,VUT,0,0,0,0,0,0,0,0,0,0,0,0,0,0,0,0,0,0,0,0,0
2020-10-25 00:00:00+00:00,2020,10,25,port980,Port Vila,Vanuatu,VUT,0,0,0,0,0,0,0,0,0,0,0,0,0,0,0,0,0,0,0,0,0
2020-10-24 00:00:00+00:00,2020,10,24,port669,Luganville,Vanuatu,VUT,0,0,0,0,0,0,0,0,0,0,0,0,0,0,0,0,0,0,0,0,0
2020-10-24 00:00:00+00:00,2020,10,24,port980,Port Vila,Vanuatu,VUT,0,0,0,0,0,0,0,0,0,0,0,0,0,0,0,0,0,0,0,0,0
2020-10-23 00:00:00+00:00,2020,10,23,port669,Luganville,Vanuatu,VUT,0,0,0,0,0,0,0,0,0,0,0,0,0,0,0,0,0,0,0,0,0
2020-10-23 00:00:00+00:00,2020,10,23,port980,Port Vila,Vanuatu,VUT,0,0,0,0,0,0,0,0,0,0,0,0,0,0,0,0,0,0,0,0,0
2020-10-22 00:00:00+00:00,2020,10,22,port669,Luganville,Vanuatu,VUT,0,0,0,0,0,0,0,0,0,0,0,0,0,0,0,0,0,0,0,0,0
2020-10-22 00:00:00+00:00,2020,10,22,port980,Port Vila,Vanuatu,VUT,0,0,0,0,0,0,0,0,0,0,0,0,0,0,0,0,0,0,0,0,0
2020-10-21 00:00:00+00:00,2020,10,21,port669,Luganville,Vanuatu,VUT,0,0,0,0,0,0,0,0,0,0,0,0,0,0,0,0,0,0,0,0,0
2020-10-21 00:00:00+00:00,2020,10,21,port980,Port Vila,Vanuatu,VUT,0,0,0,0,0,0,0,0,0,0,0,0,0,0,0,0,0,0,0,0,0
2020-10-20 00:00:00+00:00,2020,10,20,port669,Luganville,Vanuatu,VUT,0,0,0,0,0,0,0,0,0,0,0,0,0,0,0,0,0,0,0,0,0
2020-10-20 00:00:00+00:00,2020,10,20,port980,Port Vila,Vanuatu,VUT,0,0,0,0,0,0,0,0,0,0,0,0,0,0,0,0,0,0,0,0,0
2020-10-19 00:00:00+00:00,2020,10,19,port669,Luganville,Vanuatu,VUT,0,0,0,0,0,0,0,0,0,0,0,0,0,0,0,0,0,0,0,0,0
2020-10-19 00:00:00+00:00,2020,10,19,port980,Port Vila,Vanuatu,VUT,0,0,0,0,0,0,0,0,0,0,0,0,0,0,0,0,0,0,0,0,0
2020-10-18 00:00:00+00:00,2020,10,18,port669,Luganville,Vanuatu,VUT,0,0,0,0,0,0,0,0,0,0,0,0,0,0,0,0,0,0,0,0,0
2020-10-18 00:00:00+00:00,2020,10,18,port980,Port Vila,Vanuatu,VUT,0,0,0,0,0,0,0,0,0,0,0,0,0,0,0,0,0,0,0,0,0
2020-10-17 00:00:00+00:00,2020,10,17,port669,Luganville,Vanuatu,VUT,0,0,0,0,0,0,0,0,0,0,0,0,0,0,0,0,0,0,0,0,0
2020-10-17 00:00:00+00:00,2020,10,17,port980,Port Vila,Vanuatu,VUT,1,0,0,0,0,1,1,1240,0,0,0,0,1240,1240,125,0,0,0,0,125,125
2020-10-16 00:00:00+00:00,2020,10,16,port669,Luganville,Vanuatu,VUT,0,0,0,0,0,0,0,0,0,0,0,0,0,0,0,0,0,0,0,0,0
2020-10-16 00:00:00+00:00,2020,10,16,port980,Port Vila,Vanuatu,VUT,0,0,0,0,0,0,0,0,0,0,0,0,0,0,0,0,0,0,0,0,0
2020-10-15 00:00:00+00:00,2020,10,15,port669,Luganville,Vanuatu,VUT,0,0,0,0,0,0,0,0,0,0,0,0,0,0,0,0,0,0,0,0,0
2020-10-15 00:00:00+00:00,2020,10,15,port980,Port Vila,Vanuatu,VUT,0,0,0,0,0,0,0,0,0,0,0,0,0,0,0,0,0,0,0,0,0
2020-10-14 00:00:00+00:00,2020,10,14,port669,Luganville,Vanuatu,VUT,0,0,0,0,0,0,0,0,0,0,0,0,0,0,0,0,0,0,0,0,0
2020-10-14 00:00:00+00:00,2020,10,14,port980,Port Vila,Vanuatu,VUT,0,0,0,0,0,0,0,0,0,0,0,0,0,0,0,0,0,0,0,0,0
2020-10-13 00:00:00+00:00,2020,10,13,port669,Luganville,Vanuatu,VUT,0,0,0,0,0,0,0,0,0,0,0,0,0,0,0,0,0,0,0,0,0
2020-10-13 00:00:00+00:00,2020,10,13,port980,Port Vila,Vanuatu,VUT,1,0,0,0,0,1,1,0,0,0,0,0,0,0,781,0,0,0,0,781,781
2020-10-12 00:00:00+00:00,2020,10,12,port669,Luganville,Vanuatu,VUT,0,0,1,0,0,1,1,0,0,1576,0,0,1576,1576,0,0,0,0,0,0,0
2020-10-12 00:00:00+00:00,2020,10,12,port980,Port Vila,Vanuatu,VUT,0,0,0,0,0,0,0,0,0,0,0,0,0,0,0,0,0,0,0,0,0
2020-10-11 00:00:00+00:00,2020,10,11,port669,Luganville,Vanuatu,VUT,0,0,0,0,0,0,0,0,0,0,0,0,0,0,0,0,0,0,0,0,0
2020-10-11 00:00:00+00:00,2020,10,11,port980,Port Vila,Vanuatu,VUT,0,0,1,0,0,1,1,0,0,1586,0,0,1586,1586,0,0,0,0,0,0,0
2020-10-10 00:00:00+00:00,2020,10,10,port669,Luganville,Vanuatu,VUT,1,0,0,0,0,1,1,1484,0,0,0,0,1484,1484,0,0,0,0,0,0,0
2020-10-10 00:00:00+00:00,2020,10,10,port980,Port Vila,Vanuatu,VUT,0,0,0,0,0,0,0,0,0,0,0,0,0,0,0,0,0,0,0,0,0
2020-10-09 00:00:00+00:00,2020,10,9,port669,Luganville,Vanuatu,VUT,0,0,0,0,0,0,0,0,0,0,0,0,0,0,0,0,0,0,0,0,0
2020-10-09 00:00:00+00:00,2020,10,9,port980,Port Vila,Vanuatu,VUT,1,0,0,0,0,1,1,334,0,0,0,0,334,334,0,0,0,0,0,0,0
2020-10-08 00:00:00+00:00,2020,10,8,port669,Luganville,Vanuatu,VUT,0,0,0,0,0,0,0,0,0,0,0,0,0,0,0,0,0,0,0,0,0
2020-10-08 00:00:00+00:00,2020,10,8,port980,Port Vila,Vanuatu,VUT,0,0,0,0,0,0,0,0,0,0,0,0,0,0,0,0,0,0,0,0,0
2020-10-07 00:00:00+00:00,2020,10,7,port669,Luganville,Vanuatu,VUT,0,0,0,0,0,0,0,0,0,0,0,0,0,0,0,0,0,0,0,0,0
2020-10-07 00:00:00+00:00,2020,10,7,port980,Port Vila,Vanuatu,VUT,0,0,0,0,0,0,0,0,0,0,0,0,0,0,0,0,0,0,0,0,0
2020-10-06 00:00:00+00:00,2020,10,6,port669,Luganville,Vanuatu,VUT,0,0,0,0,0,0,0,0,0,0,0,0,0,0,0,0,0,0,0,0,0
2020-10-06 00:00:00+00:00,2020,10,6,port980,Port Vila,Vanuatu,VUT,0,0,0,0,0,0,0,0,0,0,0,0,0,0,0,0,0,0,0,0,0
2020-10-05 00:00:00+00:00,2020,10,5,port669,Luganville,Vanuatu,VUT,1,0,0,0,0,1,1,1021,0,0,0,0,1021,1021,243,0,0,0,0,243,243
2020-10-05 00:00:00+00:00,2020,10,5,port980,Port Vila,Vanuatu,VUT,0,0,1,0,0,1,1,0,0,832,0,0,832,832,0,0,183,0,0,183,183
2020-10-04 00:00:00+00:00,2020,10,4,port669,Luganville,Vanuatu,VUT,0,0,0,0,0,0,0,0,0,0,0,0,0,0,0,0,0,0,0,0,0
2020-10-04 00:00:00+00:00,2020,10,4,port980,Port Vila,Vanuatu,VUT,0,0,1,0,0,1,1,0,0,0,0,0,0,0,0,0,963,0,0,963,963
2020-10-03 00:00:00+00:00,2020,10,3,port669,Luganville,Vanuatu,VUT,0,0,0,0,0,0,0,0,0,0,0,0,0,0,0,0,0,0,0,0,0
2020-10-03 00:00:00+00:00,2020,10,3,port980,Port Vila,Vanuatu,VUT,0,0,0,0,0,0,0,0,0,0,0,0,0,0,0,0,0,0,0,0,0
2020-10-02 00:00:00+00:00,2020,10,2,port669,Luganville,Vanuatu,VUT,0,0,0,0,0,0,0,0,0,0,0,0,0,0,0,0,0,0,0,0,0
2020-10-02 00:00:00+00:00,2020,10,2,port980,Port Vila,Vanuatu,VUT,0,0,0,0,0,0,0,0,0,0,0,0,0,0,0,0,0,0,0,0,0
2020-10-01 00:00:00+00:00,2020,10,1,port669,Luganville,Vanuatu,VUT,0,0,0,0,0,0,0,0,0,0,0,0,0,0,0,0,0,0,0,0,0
2020-10-01 00:00:00+00:00,2020,10,1,port980,Port Vila,Vanuatu,VUT,0,0,0,0,0,0,0,0,0,0,0,0,0,0,0,0,0,0,0,0,0
2020-09-30 00:00:00+00:00,2020,9,30,port669,Luganville,Vanuatu,VUT,0,0,1,0,0,1,1,0,0,883,0,0,883,883,0,0,314,0,0,314,314
2020-09-30 00:00:00+00:00,2020,9,30,port980,Port Vila,Vanuatu,VUT,0,0,0,0,0,0,0,0,0,0,0,0,0,0,0,0,0,0,0,0,0
2020-09-29 00:00:00+00:00,2020,9,29,port669,Luganville,Vanuatu,VUT,0,0,0,0,0,0,0,0,0,0,0,0,0,0,0,0,0,0,0,0,0
2020-09-29 00:00:00+00:00,2020,9,29,port980,Port Vila,Vanuatu,VUT,0,0,0,0,0,0,0,0,0,0,0,0,0,0,0,0,0,0,0,0,0
2020-09-28 00:00:00+00:00,2020,9,28,port669,Luganville,Vanuatu,VUT,0,0,0,0,0,0,0,0,0,0,0,0,0,0,0,0,0,0,0,0,0
2020-09-28 00:00:00+00:00,2020,9,28,port980,Port Vila,Vanuatu,VUT,1,0,0,0,0,1,1,0,0,0,0,0,0,0,1385,0,0,0,0,1385,1385
2020-09-27 00:00:00+00:00,2020,9,27,port669,Luganville,Vanuatu,VUT,0,0,0,0,0,0,0,0,0,0,0,0,0,0,0,0,0,0,0,0,0
2020-09-27 00:00:00+00:00,2020,9,27,port980,Port Vila,Vanuatu,VUT,0,0,0,0,0,0,0,0,0,0,0,0,0,0,0,0,0,0,0,0,0
2020-09-26 00:00:00+00:00,2020,9,26,port669,Luganville,Vanuatu,VUT,0,0,0,0,0,0,0,0,0,0,0,0,0,0,0,0,0,0,0,0,0
2020-09-26 00:00:00+00:00,2020,9,26,port980,Port Vila,Vanuatu,VUT,1,0,0,0,0,1,1,789,0,0,0,0,789,789,0,0,0,0,0,0,0
2020-09-25 00:00:00+00:00,2020,9,25,port669,Luganville,Vanuatu,VUT,0,0,0,0,0,0,0,0,0,0,0,0,0,0,0,0,0,0,0,0,0
2020-09-25 00:00:00+00:00,2020,9,25,port980,Port Vila,Vanuatu,VUT,0,0,0,0,0,0,0,0,0,0,0,0,0,0,0,0,0,0,0,0,0
2020-09-24 00:00:00+00:00,2020,9,24,port669,Luganville,Vanuatu,VUT,0,0,0,0,0,0,0,0,0,0,0,0,0,0,0,0,0,0,0,0,0
2020-09-24 00:00:00+00:00,2020,9,24,port980,Port Vila,Vanuatu,VUT,0,0,0,0,1,0,1,0,0,0,0,311,0,311,0,0,0,0,175,0,175
2020-09-23 00:00:00+00:00,2020,9,23,port669,Luganville,Vanuatu,VUT,0,0,0,0,0,0,0,0,0,0,0,0,0,0,0,0,0,0,0,0,0
2020-09-23 00:00:00+00:00,2020,9,23,port980,Port Vila,Vanuatu,VUT,0,0,0,0,0,0,0,0,0,0,0,0,0,0,0,0,0,0,0,0,0
2020-09-22 00:00:00+00:00,2020,9,22,port669,Luganville,Vanuatu,VUT,0,0,0,0,0,0,0,0,0,0,0,0,0,0,0,0,0,0,0,0,0
2020-09-22 00:00:00+00:00,2020,9,22,port980,Port Vila,Vanuatu,VUT,0,0,0,0,0,0,0,0,0,0,0,0,0,0,0,0,0,0,0,0,0
2020-09-21 00:00:00+00:00,2020,9,21,port669,Luganville,Vanuatu,VUT,0,0,0,0,0,0,0,0,0,0,0,0,0,0,0,0,0,0,0,0,0
2020-09-21 00:00:00+00:00,2020,9,21,port980,Port Vila,Vanuatu,VUT,0,0,0,0,0,0,0,0,0,0,0,0,0,0,0,0,0,0,0,0,0
2020-09-20 00:00:00+00:00,2020,9,20,port669,Luganville,Vanuatu,VUT,0,0,0,0,0,0,0,0,0,0,0,0,0,0,0,0,0,0,0,0,0
2020-09-20 00:00:00+00:00,2020,9,20,port980,Port Vila,Vanuatu,VUT,0,0,0,0,0,0,0,0,0,0,0,0,0,0,0,0,0,0,0,0,0
2020-09-19 00:00:00+00:00,2020,9,19,port669,Luganville,Vanuatu,VUT,0,0,0,0,0,0,0,0,0,0,0,0,0,0,0,0,0,0,0,0,0
2020-09-19 00:00:00+00:00,2020,9,19,port980,Port Vila,Vanuatu,VUT,0,0,0,0,0,0,0,0,0,0,0,0,0,0,0,0,0,0,0,0,0
2020-09-18 00:00:00+00:00,2020,9,18,port669,Luganville,Vanuatu,VUT,0,0,0,0,0,0,0,0,0,0,0,0,0,0,0,0,0,0,0,0,0
2020-09-18 00:00:00+00:00,2020,9,18,port980,Port Vila,Vanuatu,VUT,0,0,0,0,0,0,0,0,0,0,0,0,0,0,0,0,0,0,0,0,0
2020-09-17 00:00:00+00:00,2020,9,17,port669,Luganville,Vanuatu,VUT,0,0,0,0,0,0,0,0,0,0,0,0,0,0,0,0,0,0,0,0,0
2020-09-17 00:00:00+00:00,2020,9,17,port980,Port Vila,Vanuatu,VUT,0,0,0,0,0,0,0,0,0,0,0,0,0,0,0,0,0,0,0,0,0
2020-09-16 00:00:00+00:00,2020,9,16,port669,Luganville,Vanuatu,VUT,0,0,0,0,0,0,0,0,0,0,0,0,0,0,0,0,0,0,0,0,0
2020-09-16 00:00:00+00:00,2020,9,16,port980,Port Vila,Vanuatu,VUT,0,0,0,0,0,0,0,0,0,0,0,0,0,0,0,0,0,0,0,0,0
2020-09-15 00:00:00+00:00,2020,9,15,port669,Luganville,Vanuatu,VUT,0,0,0,0,0,0,0,0,0,0,0,0,0,0,0,0,0,0,0,0,0
2020-09-15 00:00:00+00:00,2020,9,15,port980,Port Vila,Vanuatu,VUT,0,0,0,0,0,0,0,0,0,0,0,0,0,0,0,0,0,0,0,0,0
2020-09-14 00:00:00+00:00,2020,9,14,port669,Luganville,Vanuatu,VUT,0,0,0,0,0,0,0,0,0,0,0,0,0,0,0,0,0,0,0,0,0
2020-09-14 00:00:00+00:00,2020,9,14,port980,Port Vila,Vanuatu,VUT,0,0,0,0,1,0,1,0,0,0,0,0,0,0,0,0,0,0,0,0,0
2020-09-13 00:00:00+00:00,2020,9,13,port669,Luganville,Vanuatu,VUT,0,0,0,0,0,0,0,0,0,0,0,0,0,0,0,0,0,0,0,0,0
2020-09-13 00:00:00+00:00,2020,9,13,port980,Port Vila,Vanuatu,VUT,0,0,0,0,0,0,0,0,0,0,0,0,0,0,0,0,0,0,0,0,0
2020-09-12 00:00:00+00:00,2020,9,12,port669,Luganville,Vanuatu,VUT,0,0,0,0,0,0,0,0,0,0,0,0,0,0,0,0,0,0,0,0,0
2020-09-12 00:00:00+00:00,2020,9,12,port980,Port Vila,Vanuatu,VUT,0,0,0,0,0,0,0,0,0,0,0,0,0,0,0,0,0,0,0,0,0
2020-09-11 00:00:00+00:00,2020,9,11,port669,Luganville,Vanuatu,VUT,0,0,0,0,0,0,0,0,0,0,0,0,0,0,0,0,0,0,0,0,0
2020-09-11 00:00:00+00:00,2020,9,11,port980,Port Vila,Vanuatu,VUT,0,0,0,0,0,0,0,0,0,0,0,0,0,0,0,0,0,0,0,0,0
2020-09-10 00:00:00+00:00,2020,9,10,port669,Luganville,Vanuatu,VUT,0,0,0,0,0,0,0,0,0,0,0,0,0,0,0,0,0,0,0,0,0
2020-09-10 00:00:00+00:00,2020,9,10,port980,Port Vila,Vanuatu,VUT,0,0,0,0,0,0,0,0,0,0,0,0,0,0,0,0,0,0,0,0,0
2020-09-09 00:00:00+00:00,2020,9,9,port669,Luganville,Vanuatu,VUT,0,0,0,0,0,0,0,0,0,0,0,0,0,0,0,0,0,0,0,0,0
2020-09-09 00:00:00+00:00,2020,9,9,port980,Port Vila,Vanuatu,VUT,0,0,0,0,0,0,0,0,0,0,0,0,0,0,0,0,0,0,0,0,0
2020-09-08 00:00:00+00:00,2020,9,8,port669,Luganville,Vanuatu,VUT,0,0,0,0,0,0,0,0,0,0,0,0,0,0,0,0,0,0,0,0,0
2020-09-08 00:00:00+00:00,2020,9,8,port980,Port Vila,Vanuatu,VUT,1,0,0,0,0,1,1,0,0,0,0,0,0,0,390,0,0,0,0,390,390
2020-09-07 00:00:00+00:00,2020,9,7,port669,Luganville,Vanuatu,VUT,1,0,1,0,0,2,2,1111,0,0,0,0,1111,1111,0,0,316,0,0,316,316
2020-09-07 00:00:00+00:00,2020,9,7,port980,Port Vila,Vanuatu,VUT,0,0,0,0,0,0,0,0,0,0,0,0,0,0,0,0,0,0,0,0,0
2020-09-06 00:00:00+00:00,2020,9,6,port669,Luganville,Vanuatu,VUT,0,0,0,0,0,0,0,0,0,0,0,0,0,0,0,0,0,0,0,0,0
2020-09-06 00:00:00+00:00,2020,9,6,port980,Port Vila,Vanuatu,VUT,1,0,1,0,0,2,2,1035,0,632,0,0,1668,1668,0,0,0,0,0,0,0
2020-09-05 00:00:00+00:00,2020,9,5,port669,Luganville,Vanuatu,VUT,0,0,0,0,0,0,0,0,0,0,0,0,0,0,0,0,0,0,0,0,0
2020-09-05 00:00:00+00:00,2020,9,5,port980,Port Vila,Vanuatu,VUT,0,0,0,0,0,0,0,0,0,0,0,0,0,0,0,0,0,0,0,0,0
2020-09-04 00:00:00+00:00,2020,9,4,port669,Luganville,Vanuatu,VUT,0,0,0,0,0,0,0,0,0,0,0,0,0,0,0,0,0,0,0,0,0
2020-09-04 00:00:00+00:00,2020,9,4,port980,Port Vila,Vanuatu,VUT,1,0,0,0,0,1,1,0,0,0,0,0,0,0,371,0,0,0,0,371,371
2020-09-03 00:00:00+00:00,2020,9,3,port669,Luganville,Vanuatu,VUT,0,0,0,0,0,0,0,0,0,0,0,0,0,0,0,0,0,0,0,0,0
2020-09-03 00:00:00+00:00,2020,9,3,port980,Port Vila,Vanuatu,VUT,0,0,0,0,0,0,0,0,0,0,0,0,0,0,0,0,0,0,0,0,0
2020-09-02 00:00:00+00:00,2020,9,2,port669,Luganville,Vanuatu,VUT,0,0,0,0,0,0,0,0,0,0,0,0,0,0,0,0,0,0,0,0,0
2020-09-02 00:00:00+00:00,2020,9,2,port980,Port Vila,Vanuatu,VUT,0,0,0,0,0,0,0,0,0,0,0,0,0,0,0,0,0,0,0,0,0
2020-09-01 00:00:00+00:00,2020,9,1,port669,Luganville,Vanuatu,VUT,0,0,0,0,0,0,0,0,0,0,0,0,0,0,0,0,0,0,0,0,0
2020-09-01 00:00:00+00:00,2020,9,1,port980,Port Vila,Vanuatu,VUT,0,0,0,0,0,0,0,0,0,0,0,0,0,0,0,0,0,0,0,0,0
2020-08-31 00:00:00+00:00,2020,8,31,port669,Luganville,Vanuatu,VUT,0,0,0,0,0,0,0,0,0,0,0,0,0,0,0,0,0,0,0,0,0
2020-08-31 00:00:00+00:00,2020,8,31,port980,Port Vila,Vanuatu,VUT,0,0,0,0,0,0,0,0,0,0,0,0,0,0,0,0,0,0,0,0,0
2020-08-30 00:00:00+00:00,2020,8,30,port669,Luganville,Vanuatu,VUT,1,0,0,0,0,1,1,1021,0,0,0,0,1021,1021,243,0,0,0,0,243,243
2020-08-30 00:00:00+00:00,2020,8,30,port980,Port Vila,Vanuatu,VUT,0,0,0,0,0,0,0,0,0,0,0,0,0,0,0,0,0,0,0,0,0
2020-08-29 00:00:00+00:00,2020,8,29,port669,Luganville,Vanuatu,VUT,0,0,0,0,0,0,0,0,0,0,0,0,0,0,0,0,0,0,0,0,0
2020-08-29 00:00:00+00:00,2020,8,29,port980,Port Vila,Vanuatu,VUT,0,0,0,0,0,0,0,0,0,0,0,0,0,0,0,0,0,0,0,0,0
2020-08-28 00:00:00+00:00,2020,8,28,port669,Luganville,Vanuatu,VUT,0,0,0,0,0,0,0,0,0,0,0,0,0,0,0,0,0,0,0,0,0
2020-08-28 00:00:00+00:00,2020,8,28,port980,Port Vila,Vanuatu,VUT,0,0,0,0,0,0,0,0,0,0,0,0,0,0,0,0,0,0,0,0,0
2020-08-27 00:00:00+00:00,2020,8,27,port669,Luganville,Vanuatu,VUT,0,0,0,0,0,0,0,0,0,0,0,0,0,0,0,0,0,0,0,0,0
2020-08-27 00:00:00+00:00,2020,8,27,port980,Port Vila,Vanuatu,VUT,1,0,0,0,0,1,1,633,0,0,0,0,633,633,0,0,0,0,0,0,0
2020-08-26 00:00:00+00:00,2020,8,26,port669,Luganville,Vanuatu,VUT,0,0,0,0,0,0,0,0,0,0,0,0,0,0,0,0,0,0,0,0,0
2020-08-26 00:00:00+00:00,2020,8,26,port980,Port Vila,Vanuatu,VUT,0,0,0,0,0,0,0,0,0,0,0,0,0,0,0,0,0,0,0,0,0
2020-08-25 00:00:00+00:00,2020,8,25,port669,Luganville,Vanuatu,VUT,0,0,0,0,0,0,0,0,0,0,0,0,0,0,0,0,0,0,0,0,0
2020-08-25 00:00:00+00:00,2020,8,25,port980,Port Vila,Vanuatu,VUT,0,0,0,0,0,0,0,0,0,0,0,0,0,0,0,0,0,0,0,0,0
2020-08-24 00:00:00+00:00,2020,8,24,port669,Luganville,Vanuatu,VUT,0,0,0,0,0,0,0,0,0,0,0,0,0,0,0,0,0,0,0,0,0
2020-08-24 00:00:00+00:00,2020,8,24,port980,Port Vila,Vanuatu,VUT,1,0,0,0,0,1,1,0,0,0,0,0,0,0,1216,0,0,0,0,1216,1216
2020-08-23 00:00:00+00:00,2020,8,23,port669,Luganville,Vanuatu,VUT,0,0,1,0,0,1,1,0,0,883,0,0,883,883,0,0,314,0,0,314,314
2020-08-23 00:00:00+00:00,2020,8,23,port980,Port Vila,Vanuatu,VUT,0,0,0,0,0,0,0,0,0,0,0,0,0,0,0,0,0,0,0,0,0
2020-08-22 00:00:00+00:00,2020,8,22,port669,Luganville,Vanuatu,VUT,0,0,0,0,0,0,0,0,0,0,0,0,0,0,0,0,0,0,0,0,0
2020-08-22 00:00:00+00:00,2020,8,22,port980,Port Vila,Vanuatu,VUT,0,0,0,0,0,0,0,0,0,0,0,0,0,0,0,0,0,0,0,0,0
2020-08-21 00:00:00+00:00,2020,8,21,port669,Luganville,Vanuatu,VUT,0,0,0,0,0,0,0,0,0,0,0,0,0,0,0,0,0,0,0,0,0
2020-08-21 00:00:00+00:00,2020,8,21,port980,Port Vila,Vanuatu,VUT,0,0,0,0,0,0,0,0,0,0,0,0,0,0,0,0,0,0,0,0,0
2020-08-20 00:00:00+00:00,2020,8,20,port669,Luganville,Vanuatu,VUT,0,0,0,0,0,0,0,0,0,0,0,0,0,0,0,0,0,0,0,0,0
2020-08-20 00:00:00+00:00,2020,8,20,port980,Port Vila,Vanuatu,VUT,1,0,0,0,0,1,1,261,0,0,0,0,261,261,0,0,0,0,0,0,0
2020-08-19 00:00:00+00:00,2020,8,19,port669,Luganville,Vanuatu,VUT,0,0,0,0,0,0,0,0,0,0,0,0,0,0,0,0,0,0,0,0,0
2020-08-19 00:00:00+00:00,2020,8,19,port980,Port Vila,Vanuatu,VUT,0,0,0,0,1,0,1,0,0,0,0,311,0,311,0,0,0,0,175,0,175
2020-08-18 00:00:00+00:00,2020,8,18,port669,Luganville,Vanuatu,VUT,0,0,0,0,0,0,0,0,0,0,0,0,0,0,0,0,0,0,0,0,0
2020-08-18 00:00:00+00:00,2020,8,18,port980,Port Vila,Vanuatu,VUT,0,0,0,0,0,0,0,0,0,0,0,0,0,0,0,0,0,0,0,0,0
2020-08-17 00:00:00+00:00,2020,8,17,port669,Luganville,Vanuatu,VUT,0,0,0,0,0,0,0,0,0,0,0,0,0,0,0,0,0,0,0,0,0
2020-08-17 00:00:00+00:00,2020,8,17,port980,Port Vila,Vanuatu,VUT,0,0,0,0,1,0,1,0,0,0,0,0,0,0,0,0,0,0,0,0,0
2020-08-16 00:00:00+00:00,2020,8,16,port669,Luganville,Vanuatu,VUT,0,0,0,0,0,0,0,0,0,0,0,0,0,0,0,0,0,0,0,0,0
2020-08-16 00:00:00+00:00,2020,8,16,port980,Port Vila,Vanuatu,VUT,0,0,0,0,0,0,0,0,0,0,0,0,0,0,0,0,0,0,0,0,0
2020-08-15 00:00:00+00:00,2020,8,15,port669,Luganville,Vanuatu,VUT,0,0,0,0,0,0,0,0,0,0,0,0,0,0,0,0,0,0,0,0,0
2020-08-15 00:00:00+00:00,2020,8,15,port980,Port Vila,Vanuatu,VUT,0,0,0,0,0,0,0,0,0,0,0,0,0,0,0,0,0,0,0,0,0
2020-08-14 00:00:00+00:00,2020,8,14,port669,Luganville,Vanuatu,VUT,0,0,0,0,0,0,0,0,0,0,0,0,0,0,0,0,0,0,0,0,0
2020-08-14 00:00:00+00:00,2020,8,14,port980,Port Vila,Vanuatu,VUT,0,0,0,0,0,0,0,0,0,0,0,0,0,0,0,0,0,0,0,0,0
2020-08-13 00:00:00+00:00,2020,8,13,port669,Luganville,Vanuatu,VUT,0,0,1,0,0,1,1,0,0,883,0,0,883,883,0,0,314,0,0,314,314
2020-08-13 00:00:00+00:00,2020,8,13,port980,Port Vila,Vanuatu,VUT,0,0,0,0,0,0,0,0,0,0,0,0,0,0,0,0,0,0,0,0,0
2020-08-12 00:00:00+00:00,2020,8,12,port669,Luganville,Vanuatu,VUT,0,0,0,0,0,0,0,0,0,0,0,0,0,0,0,0,0,0,0,0,0
2020-08-12 00:00:00+00:00,2020,8,12,port980,Port Vila,Vanuatu,VUT,0,0,0,0,0,0,0,0,0,0,0,0,0,0,0,0,0,0,0,0,0
2020-08-11 00:00:00+00:00,2020,8,11,port669,Luganville,Vanuatu,VUT,0,0,0,0,0,0,0,0,0,0,0,0,0,0,0,0,0,0,0,0,0
2020-08-11 00:00:00+00:00,2020,8,11,port980,Port Vila,Vanuatu,VUT,0,0,0,0,0,0,0,0,0,0,0,0,0,0,0,0,0,0,0,0,0
2020-08-10 00:00:00+00:00,2020,8,10,port669,Luganville,Vanuatu,VUT,0,0,0,0,1,0,1,0,0,0,0,4184,0,4184,0,0,0,0,0,0,0
2020-08-10 00:00:00+00:00,2020,8,10,port980,Port Vila,Vanuatu,VUT,0,0,0,0,0,0,0,0,0,0,0,0,0,0,0,0,0,0,0,0,0
2020-08-09 00:00:00+00:00,2020,8,9,port669,Luganville,Vanuatu,VUT,0,0,0,0,0,0,0,0,0,0,0,0,0,0,0,0,0,0,0,0,0
2020-08-09 00:00:00+00:00,2020,8,9,port980,Port Vila,Vanuatu,VUT,1,0,0,0,0,1,1,0,0,0,0,0,0,0,774,0,0,0,0,774,774
2020-08-08 00:00:00+00:00,2020,8,8,port669,Luganville,Vanuatu,VUT,0,0,0,0,0,0,0,0,0,0,0,0,0,0,0,0,0,0,0,0,0
2020-08-08 00:00:00+00:00,2020,8,8,port980,Port Vila,Vanuatu,VUT,0,0,0,0,0,0,0,0,0,0,0,0,0,0,0,0,0,0,0,0,0
2020-08-07 00:00:00+00:00,2020,8,7,port669,Luganville,Vanuatu,VUT,1,0,0,0,0,1,1,2578,0,0,0,0,2578,2578,0,0,0,0,0,0,0
2020-08-07 00:00:00+00:00,2020,8,7,port980,Port Vila,Vanuatu,VUT,0,0,0,0,0,0,0,0,0,0,0,0,0,0,0,0,0,0,0,0,0
2020-08-06 00:00:00+00:00,2020,8,6,port669,Luganville,Vanuatu,VUT,0,0,1,0,0,1,1,0,0,4093,0,0,4093,4093,0,0,0,0,0,0,0
2020-08-06 00:00:00+00:00,2020,8,6,port980,Port Vila,Vanuatu,VUT,0,0,0,0,0,0,0,0,0,0,0,0,0,0,0,0,0,0,0,0,0
2020-08-05 00:00:00+00:00,2020,8,5,port669,Luganville,Vanuatu,VUT,0,0,0,0,0,0,0,0,0,0,0,0,0,0,0,0,0,0,0,0,0
2020-08-05 00:00:00+00:00,2020,8,5,port980,Port Vila,Vanuatu,VUT,1,0,1,0,0,2,2,369,0,0,0,0,369,369,0,0,1267,0,0,1267,1267
2020-08-04 00:00:00+00:00,2020,8,4,port669,Luganville,Vanuatu,VUT,0,0,0,0,0,0,0,0,0,0,0,0,0,0,0,0,0,0,0,0,0
2020-08-04 00:00:00+00:00,2020,8,4,port980,Port Vila,Vanuatu,VUT,0,0,0,0,0,0,0,0,0,0,0,0,0,0,0,0,0,0,0,0,0
2020-08-03 00:00:00+00:00,2020,8,3,port669,Luganville,Vanuatu,VUT,0,0,0,0,0,0,0,0,0,0,0,0,0,0,0,0,0,0,0,0,0
2020-08-03 00:00:00+00:00,2020,8,3,port980,Port Vila,Vanuatu,VUT,0,0,1,0,0,1,1,0,0,832,0,0,832,832,0,0,183,0,0,183,183
2020-08-02 00:00:00+00:00,2020,8,2,port669,Luganville,Vanuatu,VUT,0,0,0,0,0,0,0,0,0,0,0,0,0,0,0,0,0,0,0,0,0
2020-08-02 00:00:00+00:00,2020,8,2,port980,Port Vila,Vanuatu,VUT,1,0,0,0,0,1,1,1240,0,0,0,0,1240,1240,125,0,0,0,0,125,125
2020-08-01 00:00:00+00:00,2020,8,1,port669,Luganville,Vanuatu,VUT,0,0,0,0,0,0,0,0,0,0,0,0,0,0,0,0,0,0,0,0,0
2020-08-01 00:00:00+00:00,2020,8,1,port980,Port Vila,Vanuatu,VUT,0,0,0,0,0,0,0,0,0,0,0,0,0,0,0,0,0,0,0,0,0
2020-07-31 00:00:00+00:00,2020,7,31,port669,Luganville,Vanuatu,VUT,0,0,0,0,0,0,0,0,0,0,0,0,0,0,0,0,0,0,0,0,0
2020-07-31 00:00:00+00:00,2020,7,31,port980,Port Vila,Vanuatu,VUT,0,0,0,0,0,0,0,0,0,0,0,0,0,0,0,0,0,0,0,0,0
2020-07-30 00:00:00+00:00,2020,7,30,port669,Luganville,Vanuatu,VUT,0,0,0,0,0,0,0,0,0,0,0,0,0,0,0,0,0,0,0,0,0
2020-07-30 00:00:00+00:00,2020,7,30,port980,Port Vila,Vanuatu,VUT,0,0,0,0,0,0,0,0,0,0,0,0,0,0,0,0,0,0,0,0,0
2020-07-29 00:00:00+00:00,2020,7,29,port669,Luganville,Vanuatu,VUT,0,0,0,0,0,0,0,0,0,0,0,0,0,0,0,0,0,0,0,0,0
2020-07-29 00:00:00+00:00,2020,7,29,port980,Port Vila,Vanuatu,VUT,0,0,0,0,0,0,0,0,0,0,0,0,0,0,0,0,0,0,0,0,0
2020-07-28 00:00:00+00:00,2020,7,28,port669,Luganville,Vanuatu,VUT,0,0,0,0,0,0,0,0,0,0,0,0,0,0,0,0,0,0,0,0,0
2020-07-28 00:00:00+00:00,2020,7,28,port980,Port Vila,Vanuatu,VUT,0,0,0,0,0,0,0,0,0,0,0,0,0,0,0,0,0,0,0,0,0
2020-07-27 00:00:00+00:00,2020,7,27,port669,Luganville,Vanuatu,VUT,0,0,0,0,0,0,0,0,0,0,0,0,0,0,0,0,0,0,0,0,0
2020-07-27 00:00:00+00:00,2020,7,27,port980,Port Vila,Vanuatu,VUT,0,0,0,0,0,0,0,0,0,0,0,0,0,0,0,0,0,0,0,0,0
2020-07-26 00:00:00+00:00,2020,7,26,port669,Luganville,Vanuatu,VUT,0,0,0,0,0,0,0,0,0,0,0,0,0,0,0,0,0,0,0,0,0
2020-07-26 00:00:00+00:00,2020,7,26,port980,Port Vila,Vanuatu,VUT,0,0,0,0,0,0,0,0,0,0,0,0,0,0,0,0,0,0,0,0,0
2020-07-25 00:00:00+00:00,2020,7,25,port669,Luganville,Vanuatu,VUT,0,0,0,0,0,0,0,0,0,0,0,0,0,0,0,0,0,0,0,0,0
2020-07-25 00:00:00+00:00,2020,7,25,port980,Port Vila,Vanuatu,VUT,0,0,0,0,0,0,0,0,0,0,0,0,0,0,0,0,0,0,0,0,0
2020-07-24 00:00:00+00:00,2020,7,24,port669,Luganville,Vanuatu,VUT,0,0,0,0,0,0,0,0,0,0,0,0,0,0,0,0,0,0,0,0,0
2020-07-24 00:00:00+00:00,2020,7,24,port980,Port Vila,Vanuatu,VUT,0,0,0,0,0,0,0,0,0,0,0,0,0,0,0,0,0,0,0,0,0
2020-07-23 00:00:00+00:00,2020,7,23,port669,Luganville,Vanuatu,VUT,0,0,0,0,0,0,0,0,0,0,0,0,0,0,0,0,0,0,0,0,0
2020-07-23 00:00:00+00:00,2020,7,23,port980,Port Vila,Vanuatu,VUT,1,0,0,0,0,1,1,688,0,0,0,0,688,688,0,0,0,0,0,0,0
2020-07-22 00:00:00+00:00,2020,7,22,port669,Luganville,Vanuatu,VUT,0,0,0,0,0,0,0,0,0,0,0,0,0,0,0,0,0,0,0,0,0
2020-07-22 00:00:00+00:00,2020,7,22,port980,Port Vila,Vanuatu,VUT,0,0,1,0,0,1,1,0,0,0,0,0,0,0,0,0,636,0,0,636,636
2020-07-21 00:00:00+00:00,2020,7,21,port669,Luganville,Vanuatu,VUT,0,0,0,0,0,0,0,0,0,0,0,0,0,0,0,0,0,0,0,0,0
2020-07-21 00:00:00+00:00,2020,7,21,port980,Port Vila,Vanuatu,VUT,0,0,0,0,0,0,0,0,0,0,0,0,0,0,0,0,0,0,0,0,0
2020-07-20 00:00:00+00:00,2020,7,20,port669,Luganville,Vanuatu,VUT,0,0,0,0,0,0,0,0,0,0,0,0,0,0,0,0,0,0,0,0,0
2020-07-20 00:00:00+00:00,2020,7,20,port980,Port Vila,Vanuatu,VUT,0,0,0,0,0,0,0,0,0,0,0,0,0,0,0,0,0,0,0,0,0
2020-07-19 00:00:00+00:00,2020,7,19,port669,Luganville,Vanuatu,VUT,0,0,0,0,0,0,0,0,0,0,0,0,0,0,0,0,0,0,0,0,0
2020-07-19 00:00:00+00:00,2020,7,19,port980,Port Vila,Vanuatu,VUT,0,0,0,0,1,0,1,0,0,0,0,311,0,311,0,0,0,0,175,0,175
2020-07-18 00:00:00+00:00,2020,7,18,port669,Luganville,Vanuatu,VUT,0,0,0,0,0,0,0,0,0,0,0,0,0,0,0,0,0,0,0,0,0
2020-07-18 00:00:00+00:00,2020,7,18,port980,Port Vila,Vanuatu,VUT,0,0,0,0,0,0,0,0,0,0,0,0,0,0,0,0,0,0,0,0,0
2020-07-17 00:00:00+00:00,2020,7,17,port669,Luganville,Vanuatu,VUT,0,0,0,0,0,0,0,0,0,0,0,0,0,0,0,0,0,0,0,0,0
2020-07-17 00:00:00+00:00,2020,7,17,port980,Port Vila,Vanuatu,VUT,0,0,0,0,0,0,0,0,0,0,0,0,0,0,0,0,0,0,0,0,0
2020-07-16 00:00:00+00:00,2020,7,16,port669,Luganville,Vanuatu,VUT,0,0,0,0,0,0,0,0,0,0,0,0,0,0,0,0,0,0,0,0,0
2020-07-16 00:00:00+00:00,2020,7,16,port980,Port Vila,Vanuatu,VUT,0,0,0,0,0,0,0,0,0,0,0,0,0,0,0,0,0,0,0,0,0
2020-07-15 00:00:00+00:00,2020,7,15,port669,Luganville,Vanuatu,VUT,0,0,0,0,0,0,0,0,0,0,0,0,0,0,0,0,0,0,0,0,0
2020-07-15 00:00:00+00:00,2020,7,15,port980,Port Vila,Vanuatu,VUT,1,0,0,0,0,1,1,1240,0,0,0,0,1240,1240,125,0,0,0,0,125,125
2020-07-14 00:00:00+00:00,2020,7,14,port669,Luganville,Vanuatu,VUT,0,0,0,0,0,0,0,0,0,0,0,0,0,0,0,0,0,0,0,0,0
2020-07-14 00:00:00+00:00,2020,7,14,port980,Port Vila,Vanuatu,VUT,0,0,0,0,1,0,1,0,0,0,0,0,0,0,0,0,0,0,0,0,0
2020-07-13 00:00:00+00:00,2020,7,13,port669,Luganville,Vanuatu,VUT,0,0,0,0,0,0,0,0,0,0,0,0,0,0,0,0,0,0,0,0,0
2020-07-13 00:00:00+00:00,2020,7,13,port980,Port Vila,Vanuatu,VUT,1,0,0,0,0,1,1,0,0,0,0,0,0,0,388,0,0,0,0,388,388
2020-07-12 00:00:00+00:00,2020,7,12,port669,Luganville,Vanuatu,VUT,0,0,0,0,0,0,0,0,0,0,0,0,0,0,0,0,0,0,0,0,0
2020-07-12 00:00:00+00:00,2020,7,12,port980,Port Vila,Vanuatu,VUT,0,0,0,0,0,0,0,0,0,0,0,0,0,0,0,0,0,0,0,0,0
2020-07-11 00:00:00+00:00,2020,7,11,port669,Luganville,Vanuatu,VUT,0,0,0,0,0,0,0,0,0,0,0,0,0,0,0,0,0,0,0,0,0
2020-07-11 00:00:00+00:00,2020,7,11,port980,Port Vila,Vanuatu,VUT,0,0,0,0,0,0,0,0,0,0,0,0,0,0,0,0,0,0,0,0,0
2020-07-10 00:00:00+00:00,2020,7,10,port669,Luganville,Vanuatu,VUT,0,0,0,0,0,0,0,0,0,0,0,0,0,0,0,0,0,0,0,0,0
2020-07-10 00:00:00+00:00,2020,7,10,port980,Port Vila,Vanuatu,VUT,0,0,1,0,0,1,1,0,0,832,0,0,832,832,0,0,183,0,0,183,183
2020-07-09 00:00:00+00:00,2020,7,9,port669,Luganville,Vanuatu,VUT,0,0,0,0,0,0,0,0,0,0,0,0,0,0,0,0,0,0,0,0,0
2020-07-09 00:00:00+00:00,2020,7,9,port980,Port Vila,Vanuatu,VUT,0,0,0,0,0,0,0,0,0,0,0,0,0,0,0,0,0,0,0,0,0
2020-07-08 00:00:00+00:00,2020,7,8,port669,Luganville,Vanuatu,VUT,0,0,0,0,0,0,0,0,0,0,0,0,0,0,0,0,0,0,0,0,0
2020-07-08 00:00:00+00:00,2020,7,8,port980,Port Vila,Vanuatu,VUT,0,0,0,0,0,0,0,0,0,0,0,0,0,0,0,0,0,0,0,0,0
2020-07-07 00:00:00+00:00,2020,7,7,port669,Luganville,Vanuatu,VUT,1,0,0,0,0,1,1,3314,0,0,0,0,3314,3314,0,0,0,0,0,0,0
2020-07-07 00:00:00+00:00,2020,7,7,port980,Port Vila,Vanuatu,VUT,0,0,0,0,0,0,0,0,0,0,0,0,0,0,0,0,0,0,0,0,0
2020-07-06 00:00:00+00:00,2020,7,6,port669,Luganville,Vanuatu,VUT,0,0,0,0,0,0,0,0,0,0,0,0,0,0,0,0,0,0,0,0,0
2020-07-06 00:00:00+00:00,2020,7,6,port980,Port Vila,Vanuatu,VUT,1,0,0,0,0,1,1,1111,0,0,0,0,1111,1111,0,0,0,0,0,0,0
2020-07-05 00:00:00+00:00,2020,7,5,port669,Luganville,Vanuatu,VUT,1,0,0,0,0,1,1,393,0,0,0,0,393,393,0,0,0,0,0,0,0
2020-07-05 00:00:00+00:00,2020,7,5,port980,Port Vila,Vanuatu,VUT,0,0,0,0,0,0,0,0,0,0,0,0,0,0,0,0,0,0,0,0,0
2020-07-04 00:00:00+00:00,2020,7,4,port669,Luganville,Vanuatu,VUT,0,0,0,0,0,0,0,0,0,0,0,0,0,0,0,0,0,0,0,0,0
2020-07-04 00:00:00+00:00,2020,7,4,port980,Port Vila,Vanuatu,VUT,0,0,0,0,0,0,0,0,0,0,0,0,0,0,0,0,0,0,0,0,0
2020-07-03 00:00:00+00:00,2020,7,3,port669,Luganville,Vanuatu,VUT,0,0,0,0,0,0,0,0,0,0,0,0,0,0,0,0,0,0,0,0,0
2020-07-03 00:00:00+00:00,2020,7,3,port980,Port Vila,Vanuatu,VUT,0,0,0,0,0,0,0,0,0,0,0,0,0,0,0,0,0,0,0,0,0
2020-07-02 00:00:00+00:00,2020,7,2,port669,Luganville,Vanuatu,VUT,0,0,1,0,0,1,1,0,0,0,0,0,0,0,0,0,1989,0,0,1989,1989
2020-07-02 00:00:00+00:00,2020,7,2,port980,Port Vila,Vanuatu,VUT,0,0,1,0,0,1,1,0,0,832,0,0,832,832,0,0,183,0,0,183,183
2020-07-01 00:00:00+00:00,2020,7,1,port669,Luganville,Vanuatu,VUT,0,0,0,0,0,0,0,0,0,0,0,0,0,0,0,0,0,0,0,0,0
2020-07-01 00:00:00+00:00,2020,7,1,port980,Port Vila,Vanuatu,VUT,0,0,1,0,0,1,1,0,0,832,0,0,832,832,0,0,183,0,0,183,183
2020-06-30 00:00:00+00:00,2020,6,30,port669,Luganville,Vanuatu,VUT,0,0,1,0,0,1,1,0,0,1258,0,0,1258,1258,0,0,0,0,0,0,0
2020-06-30 00:00:00+00:00,2020,6,30,port980,Port Vila,Vanuatu,VUT,0,0,0,0,0,0,0,0,0,0,0,0,0,0,0,0,0,0,0,0,0
2020-06-29 00:00:00+00:00,2020,6,29,port669,Luganville,Vanuatu,VUT,0,0,0,0,0,0,0,0,0,0,0,0,0,0,0,0,0,0,0,0,0
2020-06-29 00:00:00+00:00,2020,6,29,port980,Port Vila,Vanuatu,VUT,0,0,1,0,0,1,1,0,0,631,0,0,631,631,0,0,0,0,0,0,0
2020-06-28 00:00:00+00:00,2020,6,28,port669,Luganville,Vanuatu,VUT,0,0,0,0,0,0,0,0,0,0,0,0,0,0,0,0,0,0,0,0,0
2020-06-28 00:00:00+00:00,2020,6,28,port980,Port Vila,Vanuatu,VUT,0,0,0,0,0,0,0,0,0,0,0,0,0,0,0,0,0,0,0,0,0
2020-06-27 00:00:00+00:00,2020,6,27,port669,Luganville,Vanuatu,VUT,0,0,0,0,0,0,0,0,0,0,0,0,0,0,0,0,0,0,0,0,0
2020-06-27 00:00:00+00:00,2020,6,27,port980,Port Vila,Vanuatu,VUT,0,0,0,0,0,0,0,0,0,0,0,0,0,0,0,0,0,0,0,0,0
2020-06-26 00:00:00+00:00,2020,6,26,port669,Luganville,Vanuatu,VUT,0,0,0,0,0,0,0,0,0,0,0,0,0,0,0,0,0,0,0,0,0
2020-06-26 00:00:00+00:00,2020,6,26,port980,Port Vila,Vanuatu,VUT,1,0,0,0,0,1,1,496,0,0,0,0,496,496,190,0,0,0,0,190,190
2020-06-25 00:00:00+00:00,2020,6,25,port669,Luganville,Vanuatu,VUT,0,0,0,0,0,0,0,0,0,0,0,0,0,0,0,0,0,0,0,0,0
2020-06-25 00:00:00+00:00,2020,6,25,port980,Port Vila,Vanuatu,VUT,0,0,0,0,0,0,0,0,0,0,0,0,0,0,0,0,0,0,0,0,0
2020-06-24 00:00:00+00:00,2020,6,24,port669,Luganville,Vanuatu,VUT,0,0,0,0,0,0,0,0,0,0,0,0,0,0,0,0,0,0,0,0,0
2020-06-24 00:00:00+00:00,2020,6,24,port980,Port Vila,Vanuatu,VUT,0,0,0,0,0,0,0,0,0,0,0,0,0,0,0,0,0,0,0,0,0
2020-06-23 00:00:00+00:00,2020,6,23,port669,Luganville,Vanuatu,VUT,0,0,0,0,0,0,0,0,0,0,0,0,0,0,0,0,0,0,0,0,0
2020-06-23 00:00:00+00:00,2020,6,23,port980,Port Vila,Vanuatu,VUT,0,0,0,0,0,0,0,0,0,0,0,0,0,0,0,0,0,0,0,0,0
2020-06-22 00:00:00+00:00,2020,6,22,port669,Luganville,Vanuatu,VUT,0,0,0,0,0,0,0,0,0,0,0,0,0,0,0,0,0,0,0,0,0
2020-06-22 00:00:00+00:00,2020,6,22,port980,Port Vila,Vanuatu,VUT,0,0,0,0,0,0,0,0,0,0,0,0,0,0,0,0,0,0,0,0,0
2020-06-21 00:00:00+00:00,2020,6,21,port669,Luganville,Vanuatu,VUT,0,0,0,0,0,0,0,0,0,0,0,0,0,0,0,0,0,0,0,0,0
2020-06-21 00:00:00+00:00,2020,6,21,port980,Port Vila,Vanuatu,VUT,0,0,0,0,0,0,0,0,0,0,0,0,0,0,0,0,0,0,0,0,0
2020-06-20 00:00:00+00:00,2020,6,20,port669,Luganville,Vanuatu,VUT,0,0,0,0,0,0,0,0,0,0,0,0,0,0,0,0,0,0,0,0,0
2020-06-20 00:00:00+00:00,2020,6,20,port980,Port Vila,Vanuatu,VUT,0,0,0,0,0,0,0,0,0,0,0,0,0,0,0,0,0,0,0,0,0
2020-06-19 00:00:00+00:00,2020,6,19,port669,Luganville,Vanuatu,VUT,0,0,0,0,0,0,0,0,0,0,0,0,0,0,0,0,0,0,0,0,0
2020-06-19 00:00:00+00:00,2020,6,19,port980,Port Vila,Vanuatu,VUT,0,0,0,0,0,0,0,0,0,0,0,0,0,0,0,0,0,0,0,0,0
2020-06-18 00:00:00+00:00,2020,6,18,port669,Luganville,Vanuatu,VUT,0,0,0,0,0,0,0,0,0,0,0,0,0,0,0,0,0,0,0,0,0
2020-06-18 00:00:00+00:00,2020,6,18,port980,Port Vila,Vanuatu,VUT,1,0,0,0,1,1,2,552,0,0,0,311,552,864,0,0,0,0,175,0,175
2020-06-17 00:00:00+00:00,2020,6,17,port669,Luganville,Vanuatu,VUT,0,0,0,0,0,0,0,0,0,0,0,0,0,0,0,0,0,0,0,0,0
2020-06-17 00:00:00+00:00,2020,6,17,port980,Port Vila,Vanuatu,VUT,0,0,0,0,0,0,0,0,0,0,0,0,0,0,0,0,0,0,0,0,0
2020-06-16 00:00:00+00:00,2020,6,16,port669,Luganville,Vanuatu,VUT,0,0,0,0,0,0,0,0,0,0,0,0,0,0,0,0,0,0,0,0,0
2020-06-16 00:00:00+00:00,2020,6,16,port980,Port Vila,Vanuatu,VUT,0,0,0,0,0,0,0,0,0,0,0,0,0,0,0,0,0,0,0,0,0
2020-06-15 00:00:00+00:00,2020,6,15,port669,Luganville,Vanuatu,VUT,0,0,0,0,0,0,0,0,0,0,0,0,0,0,0,0,0,0,0,0,0
2020-06-15 00:00:00+00:00,2020,6,15,port980,Port Vila,Vanuatu,VUT,0,0,0,0,0,0,0,0,0,0,0,0,0,0,0,0,0,0,0,0,0
2020-06-14 00:00:00+00:00,2020,6,14,port669,Luganville,Vanuatu,VUT,1,0,0,0,0,1,1,0,0,0,0,0,0,0,696,0,0,0,0,696,696
2020-06-14 00:00:00+00:00,2020,6,14,port980,Port Vila,Vanuatu,VUT,0,0,0,0,0,0,0,0,0,0,0,0,0,0,0,0,0,0,0,0,0
2020-06-13 00:00:00+00:00,2020,6,13,port669,Luganville,Vanuatu,VUT,0,0,0,0,0,0,0,0,0,0,0,0,0,0,0,0,0,0,0,0,0
2020-06-13 00:00:00+00:00,2020,6,13,port980,Port Vila,Vanuatu,VUT,0,0,0,0,0,0,0,0,0,0,0,0,0,0,0,0,0,0,0,0,0
2020-06-12 00:00:00+00:00,2020,6,12,port669,Luganville,Vanuatu,VUT,0,0,0,0,0,0,0,0,0,0,0,0,0,0,0,0,0,0,0,0,0
2020-06-12 00:00:00+00:00,2020,6,12,port980,Port Vila,Vanuatu,VUT,0,0,0,0,0,0,0,0,0,0,0,0,0,0,0,0,0,0,0,0,0
2020-06-11 00:00:00+00:00,2020,6,11,port669,Luganville,Vanuatu,VUT,0,0,0,0,0,0,0,0,0,0,0,0,0,0,0,0,0,0,0,0,0
2020-06-11 00:00:00+00:00,2020,6,11,port980,Port Vila,Vanuatu,VUT,1,0,0,0,0,1,1,2620,0,0,0,0,2620,2620,0,0,0,0,0,0,0
2020-06-10 00:00:00+00:00,2020,6,10,port669,Luganville,Vanuatu,VUT,1,0,0,0,0,1,1,1103,0,0,0,0,1103,1103,0,0,0,0,0,0,0
2020-06-10 00:00:00+00:00,2020,6,10,port980,Port Vila,Vanuatu,VUT,1,0,0,0,0,1,1,0,0,0,0,0,0,0,780,0,0,0,0,780,780
2020-06-09 00:00:00+00:00,2020,6,9,port669,Luganville,Vanuatu,VUT,0,0,0,0,0,0,0,0,0,0,0,0,0,0,0,0,0,0,0,0,0
2020-06-09 00:00:00+00:00,2020,6,9,port980,Port Vila,Vanuatu,VUT,0,0,0,0,1,0,1,0,0,0,0,521,0,521,0,0,0,0,0,0,0
2020-06-08 00:00:00+00:00,2020,6,8,port669,Luganville,Vanuatu,VUT,0,0,0,0,0,0,0,0,0,0,0,0,0,0,0,0,0,0,0,0,0
2020-06-08 00:00:00+00:00,2020,6,8,port980,Port Vila,Vanuatu,VUT,1,0,0,0,0,1,1,1107,0,0,0,0,1107,1107,0,0,0,0,0,0,0
2020-06-07 00:00:00+00:00,2020,6,7,port669,Luganville,Vanuatu,VUT,0,0,0,0,0,0,0,0,0,0,0,0,0,0,0,0,0,0,0,0,0
2020-06-07 00:00:00+00:00,2020,6,7,port980,Port Vila,Vanuatu,VUT,0,0,0,0,0,0,0,0,0,0,0,0,0,0,0,0,0,0,0,0,0
2020-06-06 00:00:00+00:00,2020,6,6,port669,Luganville,Vanuatu,VUT,0,0,0,0,0,0,0,0,0,0,0,0,0,0,0,0,0,0,0,0,0
2020-06-06 00:00:00+00:00,2020,6,6,port980,Port Vila,Vanuatu,VUT,0,0,0,0,0,0,0,0,0,0,0,0,0,0,0,0,0,0,0,0,0
2020-06-05 00:00:00+00:00,2020,6,5,port669,Luganville,Vanuatu,VUT,0,0,0,0,0,0,0,0,0,0,0,0,0,0,0,0,0,0,0,0,0
2020-06-05 00:00:00+00:00,2020,6,5,port980,Port Vila,Vanuatu,VUT,0,0,0,0,0,0,0,0,0,0,0,0,0,0,0,0,0,0,0,0,0
2020-06-04 00:00:00+00:00,2020,6,4,port669,Luganville,Vanuatu,VUT,0,0,0,0,0,0,0,0,0,0,0,0,0,0,0,0,0,0,0,0,0
2020-06-04 00:00:00+00:00,2020,6,4,port980,Port Vila,Vanuatu,VUT,0,0,0,0,0,0,0,0,0,0,0,0,0,0,0,0,0,0,0,0,0
2020-06-03 00:00:00+00:00,2020,6,3,port669,Luganville,Vanuatu,VUT,0,0,1,0,0,1,1,0,0,313,0,0,313,313,0,0,0,0,0,0,0
2020-06-03 00:00:00+00:00,2020,6,3,port980,Port Vila,Vanuatu,VUT,0,0,0,0,0,0,0,0,0,0,0,0,0,0,0,0,0,0,0,0,0
2020-06-02 00:00:00+00:00,2020,6,2,port669,Luganville,Vanuatu,VUT,0,0,0,0,0,0,0,0,0,0,0,0,0,0,0,0,0,0,0,0,0
2020-06-02 00:00:00+00:00,2020,6,2,port980,Port Vila,Vanuatu,VUT,0,0,1,0,0,1,1,0,0,1258,0,0,1258,1258,0,0,0,0,0,0,0
2020-06-01 00:00:00+00:00,2020,6,1,port669,Luganville,Vanuatu,VUT,0,0,0,0,0,0,0,0,0,0,0,0,0,0,0,0,0,0,0,0,0
2020-06-01 00:00:00+00:00,2020,6,1,port980,Port Vila,Vanuatu,VUT,0,0,0,0,0,0,0,0,0,0,0,0,0,0,0,0,0,0,0,0,0
2020-05-31 00:00:00+00:00,2020,5,31,port669,Luganville,Vanuatu,VUT,0,0,0,0,0,0,0,0,0,0,0,0,0,0,0,0,0,0,0,0,0
2020-05-31 00:00:00+00:00,2020,5,31,port980,Port Vila,Vanuatu,VUT,0,0,0,0,0,0,0,0,0,0,0,0,0,0,0,0,0,0,0,0,0
2020-05-30 00:00:00+00:00,2020,5,30,port669,Luganville,Vanuatu,VUT,0,0,0,0,0,0,0,0,0,0,0,0,0,0,0,0,0,0,0,0,0
2020-05-30 00:00:00+00:00,2020,5,30,port980,Port Vila,Vanuatu,VUT,0,0,0,0,0,0,0,0,0,0,0,0,0,0,0,0,0,0,0,0,0
2020-05-29 00:00:00+00:00,2020,5,29,port669,Luganville,Vanuatu,VUT,0,0,0,0,0,0,0,0,0,0,0,0,0,0,0,0,0,0,0,0,0
2020-05-29 00:00:00+00:00,2020,5,29,port980,Port Vila,Vanuatu,VUT,1,0,0,0,0,1,1,0,0,0,0,0,0,0,2822,0,0,0,0,2822,2822
2020-05-28 00:00:00+00:00,2020,5,28,port669,Luganville,Vanuatu,VUT,0,0,0,0,0,0,0,0,0,0,0,0,0,0,0,0,0,0,0,0,0
2020-05-28 00:00:00+00:00,2020,5,28,port980,Port Vila,Vanuatu,VUT,0,0,0,0,0,0,0,0,0,0,0,0,0,0,0,0,0,0,0,0,0
2020-05-27 00:00:00+00:00,2020,5,27,port669,Luganville,Vanuatu,VUT,0,0,0,0,0,0,0,0,0,0,0,0,0,0,0,0,0,0,0,0,0
2020-05-27 00:00:00+00:00,2020,5,27,port980,Port Vila,Vanuatu,VUT,0,0,0,0,0,0,0,0,0,0,0,0,0,0,0,0,0,0,0,0,0
2020-05-26 00:00:00+00:00,2020,5,26,port669,Luganville,Vanuatu,VUT,0,0,0,0,0,0,0,0,0,0,0,0,0,0,0,0,0,0,0,0,0
2020-05-26 00:00:00+00:00,2020,5,26,port980,Port Vila,Vanuatu,VUT,0,0,0,0,0,0,0,0,0,0,0,0,0,0,0,0,0,0,0,0,0
2020-05-25 00:00:00+00:00,2020,5,25,port669,Luganville,Vanuatu,VUT,0,0,0,0,0,0,0,0,0,0,0,0,0,0,0,0,0,0,0,0,0
2020-05-25 00:00:00+00:00,2020,5,25,port980,Port Vila,Vanuatu,VUT,0,0,0,0,0,0,0,0,0,0,0,0,0,0,0,0,0,0,0,0,0
2020-05-24 00:00:00+00:00,2020,5,24,port669,Luganville,Vanuatu,VUT,0,0,0,0,0,0,0,0,0,0,0,0,0,0,0,0,0,0,0,0,0
2020-05-24 00:00:00+00:00,2020,5,24,port980,Port Vila,Vanuatu,VUT,0,0,0,0,0,0,0,0,0,0,0,0,0,0,0,0,0,0,0,0,0
2020-05-23 00:00:00+00:00,2020,5,23,port669,Luganville,Vanuatu,VUT,0,0,0,0,0,0,0,0,0,0,0,0,0,0,0,0,0,0,0,0,0
2020-05-23 00:00:00+00:00,2020,5,23,port980,Port Vila,Vanuatu,VUT,0,0,0,0,0,0,0,0,0,0,0,0,0,0,0,0,0,0,0,0,0
2020-05-22 00:00:00+00:00,2020,5,22,port669,Luganville,Vanuatu,VUT,0,0,0,0,0,0,0,0,0,0,0,0,0,0,0,0,0,0,0,0,0
2020-05-22 00:00:00+00:00,2020,5,22,port980,Port Vila,Vanuatu,VUT,0,0,0,0,0,0,0,0,0,0,0,0,0,0,0,0,0,0,0,0,0
2020-05-21 00:00:00+00:00,2020,5,21,port669,Luganville,Vanuatu,VUT,0,0,0,0,0,0,0,0,0,0,0,0,0,0,0,0,0,0,0,0,0
2020-05-21 00:00:00+00:00,2020,5,21,port980,Port Vila,Vanuatu,VUT,0,0,0,0,1,0,1,0,0,0,0,311,0,311,0,0,0,0,175,0,175
2020-05-20 00:00:00+00:00,2020,5,20,port669,Luganville,Vanuatu,VUT,0,0,0,0,0,0,0,0,0,0,0,0,0,0,0,0,0,0,0,0,0
2020-05-20 00:00:00+00:00,2020,5,20,port980,Port Vila,Vanuatu,VUT,0,0,0,0,0,0,0,0,0,0,0,0,0,0,0,0,0,0,0,0,0
2020-05-19 00:00:00+00:00,2020,5,19,port669,Luganville,Vanuatu,VUT,0,0,0,0,0,0,0,0,0,0,0,0,0,0,0,0,0,0,0,0,0
2020-05-19 00:00:00+00:00,2020,5,19,port980,Port Vila,Vanuatu,VUT,0,0,0,0,0,0,0,0,0,0,0,0,0,0,0,0,0,0,0,0,0
2020-05-18 00:00:00+00:00,2020,5,18,port669,Luganville,Vanuatu,VUT,0,0,0,0,0,0,0,0,0,0,0,0,0,0,0,0,0,0,0,0,0
2020-05-18 00:00:00+00:00,2020,5,18,port980,Port Vila,Vanuatu,VUT,0,0,0,0,0,0,0,0,0,0,0,0,0,0,0,0,0,0,0,0,0
2020-05-17 00:00:00+00:00,2020,5,17,port669,Luganville,Vanuatu,VUT,0,0,0,0,0,0,0,0,0,0,0,0,0,0,0,0,0,0,0,0,0
2020-05-17 00:00:00+00:00,2020,5,17,port980,Port Vila,Vanuatu,VUT,0,0,1,0,0,1,1,0,0,0,0,0,0,0,0,0,1260,0,0,1260,1260
2020-05-16 00:00:00+00:00,2020,5,16,port669,Luganville,Vanuatu,VUT,0,0,0,0,0,0,0,0,0,0,0,0,0,0,0,0,0,0,0,0,0
2020-05-16 00:00:00+00:00,2020,5,16,port980,Port Vila,Vanuatu,VUT,1,0,0,0,0,1,1,0,0,0,0,0,0,0,691,0,0,0,0,691,691
2020-05-15 00:00:00+00:00,2020,5,15,port669,Luganville,Vanuatu,VUT,0,0,0,0,0,0,0,0,0,0,0,0,0,0,0,0,0,0,0,0,0
2020-05-15 00:00:00+00:00,2020,5,15,port980,Port Vila,Vanuatu,VUT,0,0,0,0,0,0,0,0,0,0,0,0,0,0,0,0,0,0,0,0,0
2020-05-14 00:00:00+00:00,2020,5,14,port669,Luganville,Vanuatu,VUT,0,0,0,0,0,0,0,0,0,0,0,0,0,0,0,0,0,0,0,0,0
2020-05-14 00:00:00+00:00,2020,5,14,port980,Port Vila,Vanuatu,VUT,1,0,0,0,0,1,1,839,0,0,0,0,839,839,0,0,0,0,0,0,0
2020-05-13 00:00:00+00:00,2020,5,13,port669,Luganville,Vanuatu,VUT,1,0,0,0,0,1,1,2566,0,0,0,0,2566,2566,0,0,0,0,0,0,0
2020-05-13 00:00:00+00:00,2020,5,13,port980,Port Vila,Vanuatu,VUT,0,0,0,0,0,0,0,0,0,0,0,0,0,0,0,0,0,0,0,0,0
2020-05-12 00:00:00+00:00,2020,5,12,port669,Luganville,Vanuatu,VUT,0,0,0,0,0,0,0,0,0,0,0,0,0,0,0,0,0,0,0,0,0
2020-05-12 00:00:00+00:00,2020,5,12,port980,Port Vila,Vanuatu,VUT,0,0,0,0,0,0,0,0,0,0,0,0,0,0,0,0,0,0,0,0,0
2020-05-11 00:00:00+00:00,2020,5,11,port669,Luganville,Vanuatu,VUT,0,0,0,0,0,0,0,0,0,0,0,0,0,0,0,0,0,0,0,0,0
2020-05-11 00:00:00+00:00,2020,5,11,port980,Port Vila,Vanuatu,VUT,1,0,0,0,0,1,1,1240,0,0,0,0,1240,1240,125,0,0,0,0,125,125
2020-05-10 00:00:00+00:00,2020,5,10,port669,Luganville,Vanuatu,VUT,0,0,0,0,0,0,0,0,0,0,0,0,0,0,0,0,0,0,0,0,0
2020-05-10 00:00:00+00:00,2020,5,10,port980,Port Vila,Vanuatu,VUT,0,0,0,0,0,0,0,0,0,0,0,0,0,0,0,0,0,0,0,0,0
2020-05-09 00:00:00+00:00,2020,5,9,port669,Luganville,Vanuatu,VUT,0,0,0,0,0,0,0,0,0,0,0,0,0,0,0,0,0,0,0,0,0
2020-05-09 00:00:00+00:00,2020,5,9,port980,Port Vila,Vanuatu,VUT,0,0,0,0,0,0,0,0,0,0,0,0,0,0,0,0,0,0,0,0,0
2020-05-08 00:00:00+00:00,2020,5,8,port669,Luganville,Vanuatu,VUT,0,0,0,0,0,0,0,0,0,0,0,0,0,0,0,0,0,0,0,0,0
2020-05-08 00:00:00+00:00,2020,5,8,port980,Port Vila,Vanuatu,VUT,0,0,0,0,0,0,0,0,0,0,0,0,0,0,0,0,0,0,0,0,0
2020-05-07 00:00:00+00:00,2020,5,7,port669,Luganville,Vanuatu,VUT,0,0,0,0,0,0,0,0,0,0,0,0,0,0,0,0,0,0,0,0,0
2020-05-07 00:00:00+00:00,2020,5,7,port980,Port Vila,Vanuatu,VUT,0,0,0,0,0,0,0,0,0,0,0,0,0,0,0,0,0,0,0,0,0
2020-05-06 00:00:00+00:00,2020,5,6,port669,Luganville,Vanuatu,VUT,0,0,0,0,0,0,0,0,0,0,0,0,0,0,0,0,0,0,0,0,0
2020-05-06 00:00:00+00:00,2020,5,6,port980,Port Vila,Vanuatu,VUT,0,0,0,0,0,0,0,0,0,0,0,0,0,0,0,0,0,0,0,0,0
2020-05-05 00:00:00+00:00,2020,5,5,port669,Luganville,Vanuatu,VUT,0,0,0,0,0,0,0,0,0,0,0,0,0,0,0,0,0,0,0,0,0
2020-05-05 00:00:00+00:00,2020,5,5,port980,Port Vila,Vanuatu,VUT,0,0,0,0,0,0,0,0,0,0,0,0,0,0,0,0,0,0,0,0,0
2020-05-04 00:00:00+00:00,2020,5,4,port669,Luganville,Vanuatu,VUT,0,0,1,0,0,1,1,0,0,883,0,0,883,883,0,0,314,0,0,314,314
2020-05-04 00:00:00+00:00,2020,5,4,port980,Port Vila,Vanuatu,VUT,0,0,0,0,0,0,0,0,0,0,0,0,0,0,0,0,0,0,0,0,0
2020-05-03 00:00:00+00:00,2020,5,3,port669,Luganville,Vanuatu,VUT,0,0,0,0,0,0,0,0,0,0,0,0,0,0,0,0,0,0,0,0,0
2020-05-03 00:00:00+00:00,2020,5,3,port980,Port Vila,Vanuatu,VUT,0,0,1,0,0,1,1,0,0,316,0,0,316,316,0,0,0,0,0,0,0
2020-05-02 00:00:00+00:00,2020,5,2,port669,Luganville,Vanuatu,VUT,1,0,0,0,0,1,1,0,0,0,0,0,0,0,393,0,0,0,0,393,393
2020-05-02 00:00:00+00:00,2020,5,2,port980,Port Vila,Vanuatu,VUT,0,0,0,0,0,0,0,0,0,0,0,0,0,0,0,0,0,0,0,0,0
2020-05-01 00:00:00+00:00,2020,5,1,port669,Luganville,Vanuatu,VUT,0,0,0,0,0,0,0,0,0,0,0,0,0,0,0,0,0,0,0,0,0
2020-05-01 00:00:00+00:00,2020,5,1,port980,Port Vila,Vanuatu,VUT,0,0,0,0,1,0,1,0,0,0,0,0,0,0,0,0,0,0,0,0,0
2020-04-30 00:00:00+00:00,2020,4,30,port669,Luganville,Vanuatu,VUT,0,0,0,0,0,0,0,0,0,0,0,0,0,0,0,0,0,0,0,0,0
2020-04-30 00:00:00+00:00,2020,4,30,port980,Port Vila,Vanuatu,VUT,1,0,0,0,0,1,1,789,0,0,0,0,789,789,0,0,0,0,0,0,0
2020-04-29 00:00:00+00:00,2020,4,29,port669,Luganville,Vanuatu,VUT,0,0,0,0,0,0,0,0,0,0,0,0,0,0,0,0,0,0,0,0,0
2020-04-29 00:00:00+00:00,2020,4,29,port980,Port Vila,Vanuatu,VUT,1,0,0,0,0,1,1,1142,0,0,0,0,1142,1142,0,0,0,0,0,0,0
2020-04-28 00:00:00+00:00,2020,4,28,port669,Luganville,Vanuatu,VUT,0,0,0,0,0,0,0,0,0,0,0,0,0,0,0,0,0,0,0,0,0
2020-04-28 00:00:00+00:00,2020,4,28,port980,Port Vila,Vanuatu,VUT,0,0,0,0,0,0,0,0,0,0,0,0,0,0,0,0,0,0,0,0,0
2020-04-27 00:00:00+00:00,2020,4,27,port669,Luganville,Vanuatu,VUT,0,0,0,0,0,0,0,0,0,0,0,0,0,0,0,0,0,0,0,0,0
2020-04-27 00:00:00+00:00,2020,4,27,port980,Port Vila,Vanuatu,VUT,0,0,0,0,0,0,0,0,0,0,0,0,0,0,0,0,0,0,0,0,0
2020-04-26 00:00:00+00:00,2020,4,26,port669,Luganville,Vanuatu,VUT,0,0,0,0,0,0,0,0,0,0,0,0,0,0,0,0,0,0,0,0,0
2020-04-26 00:00:00+00:00,2020,4,26,port980,Port Vila,Vanuatu,VUT,0,0,0,0,0,0,0,0,0,0,0,0,0,0,0,0,0,0,0,0,0
2020-04-25 00:00:00+00:00,2020,4,25,port669,Luganville,Vanuatu,VUT,0,0,0,0,0,0,0,0,0,0,0,0,0,0,0,0,0,0,0,0,0
2020-04-25 00:00:00+00:00,2020,4,25,port980,Port Vila,Vanuatu,VUT,0,0,1,0,0,1,1,0,0,0,0,0,0,0,0,0,1401,0,0,1401,1401
2020-04-24 00:00:00+00:00,2020,4,24,port669,Luganville,Vanuatu,VUT,0,0,0,0,0,0,0,0,0,0,0,0,0,0,0,0,0,0,0,0,0
2020-04-24 00:00:00+00:00,2020,4,24,port980,Port Vila,Vanuatu,VUT,0,0,0,0,0,0,0,0,0,0,0,0,0,0,0,0,0,0,0,0,0
2020-04-23 00:00:00+00:00,2020,4,23,port669,Luganville,Vanuatu,VUT,0,0,1,0,0,1,1,0,0,883,0,0,883,883,0,0,314,0,0,314,314
2020-04-23 00:00:00+00:00,2020,4,23,port980,Port Vila,Vanuatu,VUT,0,0,0,0,0,0,0,0,0,0,0,0,0,0,0,0,0,0,0,0,0
2020-04-22 00:00:00+00:00,2020,4,22,port669,Luganville,Vanuatu,VUT,0,0,0,0,0,0,0,0,0,0,0,0,0,0,0,0,0,0,0,0,0
2020-04-22 00:00:00+00:00,2020,4,22,port980,Port Vila,Vanuatu,VUT,0,0,0,0,0,0,0,0,0,0,0,0,0,0,0,0,0,0,0,0,0
2020-04-21 00:00:00+00:00,2020,4,21,port669,Luganville,Vanuatu,VUT,0,0,0,0,0,0,0,0,0,0,0,0,0,0,0,0,0,0,0,0,0
2020-04-21 00:00:00+00:00,2020,4,21,port980,Port Vila,Vanuatu,VUT,0,0,0,0,0,0,0,0,0,0,0,0,0,0,0,0,0,0,0,0,0
2020-04-20 00:00:00+00:00,2020,4,20,port669,Luganville,Vanuatu,VUT,0,0,0,0,0,0,0,0,0,0,0,0,0,0,0,0,0,0,0,0,0
2020-04-20 00:00:00+00:00,2020,4,20,port980,Port Vila,Vanuatu,VUT,0,0,0,0,1,0,1,0,0,0,0,311,0,311,0,0,0,0,175,0,175
2020-04-19 00:00:00+00:00,2020,4,19,port669,Luganville,Vanuatu,VUT,0,0,0,0,0,0,0,0,0,0,0,0,0,0,0,0,0,0,0,0,0
2020-04-19 00:00:00+00:00,2020,4,19,port980,Port Vila,Vanuatu,VUT,0,0,1,0,0,1,1,0,0,832,0,0,832,832,0,0,183,0,0,183,183
2020-04-18 00:00:00+00:00,2020,4,18,port669,Luganville,Vanuatu,VUT,1,0,0,0,0,1,1,0,0,0,0,0,0,0,0,0,0,0,0,0,0
2020-04-18 00:00:00+00:00,2020,4,18,port980,Port Vila,Vanuatu,VUT,0,0,0,0,0,0,0,0,0,0,0,0,0,0,0,0,0,0,0,0,0
2020-04-17 00:00:00+00:00,2020,4,17,port669,Luganville,Vanuatu,VUT,0,0,0,0,0,0,0,0,0,0,0,0,0,0,0,0,0,0,0,0,0
2020-04-17 00:00:00+00:00,2020,4,17,port980,Port Vila,Vanuatu,VUT,0,0,0,0,0,0,0,0,0,0,0,0,0,0,0,0,0,0,0,0,0
2020-04-16 00:00:00+00:00,2020,4,16,port669,Luganville,Vanuatu,VUT,0,0,0,0,0,0,0,0,0,0,0,0,0,0,0,0,0,0,0,0,0
2020-04-16 00:00:00+00:00,2020,4,16,port980,Port Vila,Vanuatu,VUT,1,0,0,0,0,1,1,2484,0,0,0,0,2484,2484,0,0,0,0,0,0,0
2020-04-15 00:00:00+00:00,2020,4,15,port669,Luganville,Vanuatu,VUT,0,0,0,0,0,0,0,0,0,0,0,0,0,0,0,0,0,0,0,0,0
2020-04-15 00:00:00+00:00,2020,4,15,port980,Port Vila,Vanuatu,VUT,1,0,0,0,0,1,1,1263,0,0,0,0,1263,1263,0,0,0,0,0,0,0
2020-04-14 00:00:00+00:00,2020,4,14,port669,Luganville,Vanuatu,VUT,0,0,0,0,0,0,0,0,0,0,0,0,0,0,0,0,0,0,0,0,0
2020-04-14 00:00:00+00:00,2020,4,14,port980,Port Vila,Vanuatu,VUT,0,0,0,0,0,0,0,0,0,0,0,0,0,0,0,0,0,0,0,0,0
2020-04-13 00:00:00+00:00,2020,4,13,port669,Luganville,Vanuatu,VUT,0,0,0,0,0,0,0,0,0,0,0,0,0,0,0,0,0,0,0,0,0
2020-04-13 00:00:00+00:00,2020,4,13,port980,Port Vila,Vanuatu,VUT,0,0,0,0,0,0,0,0,0,0,0,0,0,0,0,0,0,0,0,0,0
2020-04-12 00:00:00+00:00,2020,4,12,port669,Luganville,Vanuatu,VUT,0,0,0,0,0,0,0,0,0,0,0,0,0,0,0,0,0,0,0,0,0
2020-04-12 00:00:00+00:00,2020,4,12,port980,Port Vila,Vanuatu,VUT,0,0,0,0,1,0,1,0,0,0,0,0,0,0,0,0,0,0,0,0,0
2020-04-11 00:00:00+00:00,2020,4,11,port669,Luganville,Vanuatu,VUT,0,0,0,0,0,0,0,0,0,0,0,0,0,0,0,0,0,0,0,0,0
2020-04-11 00:00:00+00:00,2020,4,11,port980,Port Vila,Vanuatu,VUT,0,0,0,0,0,0,0,0,0,0,0,0,0,0,0,0,0,0,0,0,0
2020-04-10 00:00:00+00:00,2020,4,10,port669,Luganville,Vanuatu,VUT,0,0,0,0,0,0,0,0,0,0,0,0,0,0,0,0,0,0,0,0,0
2020-04-10 00:00:00+00:00,2020,4,10,port980,Port Vila,Vanuatu,VUT,0,0,0,0,0,0,0,0,0,0,0,0,0,0,0,0,0,0,0,0,0
2020-04-09 00:00:00+00:00,2020,4,9,port669,Luganville,Vanuatu,VUT,0,0,0,0,0,0,0,0,0,0,0,0,0,0,0,0,0,0,0,0,0
2020-04-09 00:00:00+00:00,2020,4,9,port980,Port Vila,Vanuatu,VUT,1,0,0,0,0,1,1,0,0,0,0,0,0,0,781,0,0,0,0,781,781
2020-04-08 00:00:00+00:00,2020,4,8,port669,Luganville,Vanuatu,VUT,0,0,0,0,0,0,0,0,0,0,0,0,0,0,0,0,0,0,0,0,0
2020-04-08 00:00:00+00:00,2020,4,8,port980,Port Vila,Vanuatu,VUT,0,0,0,0,0,0,0,0,0,0,0,0,0,0,0,0,0,0,0,0,0
2020-04-07 00:00:00+00:00,2020,4,7,port669,Luganville,Vanuatu,VUT,0,0,0,0,0,0,0,0,0,0,0,0,0,0,0,0,0,0,0,0,0
2020-04-07 00:00:00+00:00,2020,4,7,port980,Port Vila,Vanuatu,VUT,0,0,0,0,0,0,0,0,0,0,0,0,0,0,0,0,0,0,0,0,0
2020-04-06 00:00:00+00:00,2020,4,6,port669,Luganville,Vanuatu,VUT,0,0,0,0,0,0,0,0,0,0,0,0,0,0,0,0,0,0,0,0,0
2020-04-06 00:00:00+00:00,2020,4,6,port980,Port Vila,Vanuatu,VUT,0,0,0,0,0,0,0,0,0,0,0,0,0,0,0,0,0,0,0,0,0
2020-04-05 00:00:00+00:00,2020,4,5,port669,Luganville,Vanuatu,VUT,0,0,0,0,0,0,0,0,0,0,0,0,0,0,0,0,0,0,0,0,0
2020-04-05 00:00:00+00:00,2020,4,5,port980,Port Vila,Vanuatu,VUT,0,0,0,0,0,0,0,0,0,0,0,0,0,0,0,0,0,0,0,0,0
2020-04-04 00:00:00+00:00,2020,4,4,port669,Luganville,Vanuatu,VUT,0,0,0,0,0,0,0,0,0,0,0,0,0,0,0,0,0,0,0,0,0
2020-04-04 00:00:00+00:00,2020,4,4,port980,Port Vila,Vanuatu,VUT,0,0,0,0,0,0,0,0,0,0,0,0,0,0,0,0,0,0,0,0,0
2020-04-03 00:00:00+00:00,2020,4,3,port669,Luganville,Vanuatu,VUT,0,0,0,0,0,0,0,0,0,0,0,0,0,0,0,0,0,0,0,0,0
2020-04-03 00:00:00+00:00,2020,4,3,port980,Port Vila,Vanuatu,VUT,1,0,0,0,0,1,1,280,0,0,0,0,280,280,0,0,0,0,0,0,0
2020-04-02 00:00:00+00:00,2020,4,2,port669,Luganville,Vanuatu,VUT,0,0,0,0,0,0,0,0,0,0,0,0,0,0,0,0,0,0,0,0,0
2020-04-02 00:00:00+00:00,2020,4,2,port980,Port Vila,Vanuatu,VUT,0,0,0,0,0,0,0,0,0,0,0,0,0,0,0,0,0,0,0,0,0
2020-04-01 00:00:00+00:00,2020,4,1,port669,Luganville,Vanuatu,VUT,0,0,0,0,0,0,0,0,0,0,0,0,0,0,0,0,0,0,0,0,0
2020-04-01 00:00:00+00:00,2020,4,1,port980,Port Vila,Vanuatu,VUT,0,0,0,0,0,0,0,0,0,0,0,0,0,0,0,0,0,0,0,0,0
2020-03-31 00:00:00+00:00,2020,3,31,port669,Luganville,Vanuatu,VUT,0,0,0,0,0,0,0,0,0,0,0,0,0,0,0,0,0,0,0,0,0
2020-03-31 00:00:00+00:00,2020,3,31,port980,Port Vila,Vanuatu,VUT,0,0,1,0,0,1,1,0,0,0,0,0,0,0,0,0,317,0,0,317,317
2020-03-30 00:00:00+00:00,2020,3,30,port669,Luganville,Vanuatu,VUT,0,0,0,0,0,0,0,0,0,0,0,0,0,0,0,0,0,0,0,0,0
2020-03-30 00:00:00+00:00,2020,3,30,port980,Port Vila,Vanuatu,VUT,0,0,0,0,0,0,0,0,0,0,0,0,0,0,0,0,0,0,0,0,0
2020-03-29 00:00:00+00:00,2020,3,29,port669,Luganville,Vanuatu,VUT,0,0,1,0,0,1,1,0,0,1590,0,0,1590,1590,0,0,0,0,0,0,0
2020-03-29 00:00:00+00:00,2020,3,29,port980,Port Vila,Vanuatu,VUT,0,0,0,0,0,0,0,0,0,0,0,0,0,0,0,0,0,0,0,0,0
2020-03-28 00:00:00+00:00,2020,3,28,port669,Luganville,Vanuatu,VUT,0,0,0,0,0,0,0,0,0,0,0,0,0,0,0,0,0,0,0,0,0
2020-03-28 00:00:00+00:00,2020,3,28,port980,Port Vila,Vanuatu,VUT,0,0,0,0,0,0,0,0,0,0,0,0,0,0,0,0,0,0,0,0,0
2020-03-27 00:00:00+00:00,2020,3,27,port669,Luganville,Vanuatu,VUT,0,0,0,0,0,0,0,0,0,0,0,0,0,0,0,0,0,0,0,0,0
2020-03-27 00:00:00+00:00,2020,3,27,port980,Port Vila,Vanuatu,VUT,0,0,0,0,0,0,0,0,0,0,0,0,0,0,0,0,0,0,0,0,0
2020-03-26 00:00:00+00:00,2020,3,26,port669,Luganville,Vanuatu,VUT,0,0,0,0,0,0,0,0,0,0,0,0,0,0,0,0,0,0,0,0,0
2020-03-26 00:00:00+00:00,2020,3,26,port980,Port Vila,Vanuatu,VUT,0,0,0,0,0,0,0,0,0,0,0,0,0,0,0,0,0,0,0,0,0
2020-03-25 00:00:00+00:00,2020,3,25,port669,Luganville,Vanuatu,VUT,0,0,0,0,0,0,0,0,0,0,0,0,0,0,0,0,0,0,0,0,0
2020-03-25 00:00:00+00:00,2020,3,25,port980,Port Vila,Vanuatu,VUT,0,0,0,0,0,0,0,0,0,0,0,0,0,0,0,0,0,0,0,0,0
2020-03-24 00:00:00+00:00,2020,3,24,port669,Luganville,Vanuatu,VUT,0,0,0,0,0,0,0,0,0,0,0,0,0,0,0,0,0,0,0,0,0
2020-03-24 00:00:00+00:00,2020,3,24,port980,Port Vila,Vanuatu,VUT,0,0,0,0,1,0,1,0,0,0,0,311,0,311,0,0,0,0,175,0,175
2020-03-23 00:00:00+00:00,2020,3,23,port669,Luganville,Vanuatu,VUT,0,0,0,0,0,0,0,0,0,0,0,0,0,0,0,0,0,0,0,0,0
2020-03-23 00:00:00+00:00,2020,3,23,port980,Port Vila,Vanuatu,VUT,1,0,0,0,0,1,1,3136,0,0,0,0,3136,3136,0,0,0,0,0,0,0
2020-03-22 00:00:00+00:00,2020,3,22,port669,Luganville,Vanuatu,VUT,0,0,0,0,1,0,1,0,0,0,0,1583,0,1583,0,0,0,0,0,0,0
2020-03-22 00:00:00+00:00,2020,3,22,port980,Port Vila,Vanuatu,VUT,0,0,0,0,0,0,0,0,0,0,0,0,0,0,0,0,0,0,0,0,0
2020-03-21 00:00:00+00:00,2020,3,21,port669,Luganville,Vanuatu,VUT,1,0,0,0,0,1,1,315,0,0,0,0,315,315,0,0,0,0,0,0,0
2020-03-21 00:00:00+00:00,2020,3,21,port980,Port Vila,Vanuatu,VUT,0,0,0,0,0,0,0,0,0,0,0,0,0,0,0,0,0,0,0,0,0
2020-03-20 00:00:00+00:00,2020,3,20,port669,Luganville,Vanuatu,VUT,0,0,0,0,0,0,0,0,0,0,0,0,0,0,0,0,0,0,0,0,0
2020-03-20 00:00:00+00:00,2020,3,20,port980,Port Vila,Vanuatu,VUT,1,0,0,0,0,1,1,2080,0,0,0,0,2080,2080,0,0,0,0,0,0,0
2020-03-19 00:00:00+00:00,2020,3,19,port669,Luganville,Vanuatu,VUT,0,0,0,0,0,0,0,0,0,0,0,0,0,0,0,0,0,0,0,0,0
2020-03-19 00:00:00+00:00,2020,3,19,port980,Port Vila,Vanuatu,VUT,0,0,0,0,0,0,0,0,0,0,0,0,0,0,0,0,0,0,0,0,0
2020-03-18 00:00:00+00:00,2020,3,18,port669,Luganville,Vanuatu,VUT,0,0,0,0,0,0,0,0,0,0,0,0,0,0,0,0,0,0,0,0,0
2020-03-18 00:00:00+00:00,2020,3,18,port980,Port Vila,Vanuatu,VUT,0,0,0,0,0,0,0,0,0,0,0,0,0,0,0,0,0,0,0,0,0
2020-03-17 00:00:00+00:00,2020,3,17,port669,Luganville,Vanuatu,VUT,0,0,0,0,0,0,0,0,0,0,0,0,0,0,0,0,0,0,0,0,0
2020-03-17 00:00:00+00:00,2020,3,17,port980,Port Vila,Vanuatu,VUT,0,0,1,0,0,1,1,0,0,0,0,0,0,0,0,0,628,0,0,628,628
2020-03-16 00:00:00+00:00,2020,3,16,port669,Luganville,Vanuatu,VUT,0,0,0,0,0,0,0,0,0,0,0,0,0,0,0,0,0,0,0,0,0
2020-03-16 00:00:00+00:00,2020,3,16,port980,Port Vila,Vanuatu,VUT,0,0,0,0,1,0,1,0,0,0,0,32969,0,32969,0,0,0,0,0,0,0
2020-03-15 00:00:00+00:00,2020,3,15,port669,Luganville,Vanuatu,VUT,0,0,0,0,0,0,0,0,0,0,0,0,0,0,0,0,0,0,0,0,0
2020-03-15 00:00:00+00:00,2020,3,15,port980,Port Vila,Vanuatu,VUT,0,0,0,0,0,0,0,0,0,0,0,0,0,0,0,0,0,0,0,0,0
2020-03-14 00:00:00+00:00,2020,3,14,port669,Luganville,Vanuatu,VUT,0,0,0,0,0,0,0,0,0,0,0,0,0,0,0,0,0,0,0,0,0
2020-03-14 00:00:00+00:00,2020,3,14,port980,Port Vila,Vanuatu,VUT,0,0,0,0,0,0,0,0,0,0,0,0,0,0,0,0,0,0,0,0,0
2020-03-13 00:00:00+00:00,2020,3,13,port669,Luganville,Vanuatu,VUT,0,0,0,0,0,0,0,0,0,0,0,0,0,0,0,0,0,0,0,0,0
2020-03-13 00:00:00+00:00,2020,3,13,port980,Port Vila,Vanuatu,VUT,0,0,0,0,0,0,0,0,0,0,0,0,0,0,0,0,0,0,0,0,0
2020-03-12 00:00:00+00:00,2020,3,12,port669,Luganville,Vanuatu,VUT,0,0,0,0,0,0,0,0,0,0,0,0,0,0,0,0,0,0,0,0,0
2020-03-12 00:00:00+00:00,2020,3,12,port980,Port Vila,Vanuatu,VUT,0,0,0,0,0,0,0,0,0,0,0,0,0,0,0,0,0,0,0,0,0
2020-03-11 00:00:00+00:00,2020,3,11,port669,Luganville,Vanuatu,VUT,1,0,0,0,0,1,1,0,0,0,0,0,0,0,342,0,0,0,0,342,342
2020-03-11 00:00:00+00:00,2020,3,11,port980,Port Vila,Vanuatu,VUT,0,0,0,0,0,0,0,0,0,0,0,0,0,0,0,0,0,0,0,0,0
2020-03-10 00:00:00+00:00,2020,3,10,port669,Luganville,Vanuatu,VUT,0,0,0,0,0,0,0,0,0,0,0,0,0,0,0,0,0,0,0,0,0
2020-03-10 00:00:00+00:00,2020,3,10,port980,Port Vila,Vanuatu,VUT,0,0,0,0,0,0,0,0,0,0,0,0,0,0,0,0,0,0,0,0,0
2020-03-09 00:00:00+00:00,2020,3,9,port669,Luganville,Vanuatu,VUT,0,0,0,0,0,0,0,0,0,0,0,0,0,0,0,0,0,0,0,0,0
2020-03-09 00:00:00+00:00,2020,3,9,port980,Port Vila,Vanuatu,VUT,0,0,0,0,0,0,0,0,0,0,0,0,0,0,0,0,0,0,0,0,0
2020-03-08 00:00:00+00:00,2020,3,8,port669,Luganville,Vanuatu,VUT,0,0,0,0,0,0,0,0,0,0,0,0,0,0,0,0,0,0,0,0,0
2020-03-08 00:00:00+00:00,2020,3,8,port980,Port Vila,Vanuatu,VUT,0,0,0,0,0,0,0,0,0,0,0,0,0,0,0,0,0,0,0,0,0
2020-03-07 00:00:00+00:00,2020,3,7,port669,Luganville,Vanuatu,VUT,0,0,0,0,0,0,0,0,0,0,0,0,0,0,0,0,0,0,0,0,0
2020-03-07 00:00:00+00:00,2020,3,7,port980,Port Vila,Vanuatu,VUT,0,0,1,0,0,1,1,0,0,0,0,0,0,0,0,0,122,0,0,122,122
2020-03-06 00:00:00+00:00,2020,3,6,port669,Luganville,Vanuatu,VUT,0,0,0,0,0,0,0,0,0,0,0,0,0,0,0,0,0,0,0,0,0
2020-03-06 00:00:00+00:00,2020,3,6,port980,Port Vila,Vanuatu,VUT,0,0,0,0,0,0,0,0,0,0,0,0,0,0,0,0,0,0,0,0,0
2020-03-05 00:00:00+00:00,2020,3,5,port669,Luganville,Vanuatu,VUT,0,0,0,0,0,0,0,0,0,0,0,0,0,0,0,0,0,0,0,0,0
2020-03-05 00:00:00+00:00,2020,3,5,port980,Port Vila,Vanuatu,VUT,1,0,0,0,0,1,1,1604,0,0,0,0,1604,1604,0,0,0,0,0,0,0
2020-03-04 00:00:00+00:00,2020,3,4,port669,Luganville,Vanuatu,VUT,0,0,0,0,0,0,0,0,0,0,0,0,0,0,0,0,0,0,0,0,0
2020-03-04 00:00:00+00:00,2020,3,4,port980,Port Vila,Vanuatu,VUT,0,0,0,0,0,0,0,0,0,0,0,0,0,0,0,0,0,0,0,0,0
2020-03-03 00:00:00+00:00,2020,3,3,port669,Luganville,Vanuatu,VUT,0,0,0,0,0,0,0,0,0,0,0,0,0,0,0,0,0,0,0,0,0
2020-03-03 00:00:00+00:00,2020,3,3,port980,Port Vila,Vanuatu,VUT,0,0,0,0,0,0,0,0,0,0,0,0,0,0,0,0,0,0,0,0,0
2020-03-02 00:00:00+00:00,2020,3,2,port669,Luganville,Vanuatu,VUT,0,0,0,0,0,0,0,0,0,0,0,0,0,0,0,0,0,0,0,0,0
2020-03-02 00:00:00+00:00,2020,3,2,port980,Port Vila,Vanuatu,VUT,0,0,0,0,0,0,0,0,0,0,0,0,0,0,0,0,0,0,0,0,0
2020-03-01 00:00:00+00:00,2020,3,1,port669,Luganville,Vanuatu,VUT,0,0,1,0,0,1,1,0,0,0,0,0,0,0,0,0,1170,0,0,1170,1170
2020-03-01 00:00:00+00:00,2020,3,1,port980,Port Vila,Vanuatu,VUT,0,0,1,0,0,1,1,0,0,832,0,0,832,832,0,0,183,0,0,183,183
2020-02-29 00:00:00+00:00,2020,2,29,port669,Luganville,Vanuatu,VUT,0,0,0,0,0,0,0,0,0,0,0,0,0,0,0,0,0,0,0,0,0
2020-02-29 00:00:00+00:00,2020,2,29,port980,Port Vila,Vanuatu,VUT,0,0,0,0,0,0,0,0,0,0,0,0,0,0,0,0,0,0,0,0,0
2020-02-28 00:00:00+00:00,2020,2,28,port669,Luganville,Vanuatu,VUT,0,0,0,0,0,0,0,0,0,0,0,0,0,0,0,0,0,0,0,0,0
2020-02-28 00:00:00+00:00,2020,2,28,port980,Port Vila,Vanuatu,VUT,0,0,0,0,0,0,0,0,0,0,0,0,0,0,0,0,0,0,0,0,0
2020-02-27 00:00:00+00:00,2020,2,27,port669,Luganville,Vanuatu,VUT,1,0,0,0,0,1,1,793,0,0,0,0,793,793,0,0,0,0,0,0,0
2020-02-27 00:00:00+00:00,2020,2,27,port980,Port Vila,Vanuatu,VUT,0,0,1,0,0,1,1,0,0,0,0,0,0,0,0,0,1885,0,0,1885,1885
2020-02-26 00:00:00+00:00,2020,2,26,port669,Luganville,Vanuatu,VUT,0,0,1,0,0,1,1,0,0,1255,0,0,1255,1255,0,0,0,0,0,0,0
2020-02-26 00:00:00+00:00,2020,2,26,port980,Port Vila,Vanuatu,VUT,1,0,0,0,0,1,1,1240,0,0,0,0,1240,1240,125,0,0,0,0,125,125
2020-02-25 00:00:00+00:00,2020,2,25,port669,Luganville,Vanuatu,VUT,0,0,0,0,0,0,0,0,0,0,0,0,0,0,0,0,0,0,0,0,0
2020-02-25 00:00:00+00:00,2020,2,25,port980,Port Vila,Vanuatu,VUT,1,0,0,0,0,1,1,1444,0,0,0,0,1444,1444,0,0,0,0,0,0,0
2020-02-24 00:00:00+00:00,2020,2,24,port669,Luganville,Vanuatu,VUT,0,0,0,0,0,0,0,0,0,0,0,0,0,0,0,0,0,0,0,0,0
2020-02-24 00:00:00+00:00,2020,2,24,port980,Port Vila,Vanuatu,VUT,0,0,0,0,0,0,0,0,0,0,0,0,0,0,0,0,0,0,0,0,0
2020-02-23 00:00:00+00:00,2020,2,23,port669,Luganville,Vanuatu,VUT,0,0,0,0,0,0,0,0,0,0,0,0,0,0,0,0,0,0,0,0,0
2020-02-23 00:00:00+00:00,2020,2,23,port980,Port Vila,Vanuatu,VUT,0,0,0,0,0,0,0,0,0,0,0,0,0,0,0,0,0,0,0,0,0
2020-02-22 00:00:00+00:00,2020,2,22,port669,Luganville,Vanuatu,VUT,0,0,0,0,0,0,0,0,0,0,0,0,0,0,0,0,0,0,0,0,0
2020-02-22 00:00:00+00:00,2020,2,22,port980,Port Vila,Vanuatu,VUT,0,0,0,0,0,0,0,0,0,0,0,0,0,0,0,0,0,0,0,0,0
2020-02-21 00:00:00+00:00,2020,2,21,port669,Luganville,Vanuatu,VUT,0,0,0,0,0,0,0,0,0,0,0,0,0,0,0,0,0,0,0,0,0
2020-02-21 00:00:00+00:00,2020,2,21,port980,Port Vila,Vanuatu,VUT,0,0,0,0,1,0,1,0,0,0,0,311,0,311,0,0,0,0,175,0,175
2020-02-20 00:00:00+00:00,2020,2,20,port669,Luganville,Vanuatu,VUT,0,0,0,0,0,0,0,0,0,0,0,0,0,0,0,0,0,0,0,0,0
2020-02-20 00:00:00+00:00,2020,2,20,port980,Port Vila,Vanuatu,VUT,1,0,0,0,0,1,1,0,0,0,0,0,0,0,691,0,0,0,0,691,691
2020-02-19 00:00:00+00:00,2020,2,19,port669,Luganville,Vanuatu,VUT,0,0,0,0,0,0,0,0,0,0,0,0,0,0,0,0,0,0,0,0,0
2020-02-19 00:00:00+00:00,2020,2,19,port980,Port Vila,Vanuatu,VUT,0,0,0,0,0,0,0,0,0,0,0,0,0,0,0,0,0,0,0,0,0
2020-02-18 00:00:00+00:00,2020,2,18,port669,Luganville,Vanuatu,VUT,0,0,0,0,0,0,0,0,0,0,0,0,0,0,0,0,0,0,0,0,0
2020-02-18 00:00:00+00:00,2020,2,18,port980,Port Vila,Vanuatu,VUT,0,0,0,0,0,0,0,0,0,0,0,0,0,0,0,0,0,0,0,0,0
2020-02-17 00:00:00+00:00,2020,2,17,port669,Luganville,Vanuatu,VUT,0,0,0,0,0,0,0,0,0,0,0,0,0,0,0,0,0,0,0,0,0
2020-02-17 00:00:00+00:00,2020,2,17,port980,Port Vila,Vanuatu,VUT,0,0,0,0,0,0,0,0,0,0,0,0,0,0,0,0,0,0,0,0,0
2020-02-16 00:00:00+00:00,2020,2,16,port669,Luganville,Vanuatu,VUT,0,0,0,0,0,0,0,0,0,0,0,0,0,0,0,0,0,0,0,0,0
2020-02-16 00:00:00+00:00,2020,2,16,port980,Port Vila,Vanuatu,VUT,0,0,0,0,0,0,0,0,0,0,0,0,0,0,0,0,0,0,0,0,0
2020-02-15 00:00:00+00:00,2020,2,15,port669,Luganville,Vanuatu,VUT,0,0,0,0,0,0,0,0,0,0,0,0,0,0,0,0,0,0,0,0,0
2020-02-15 00:00:00+00:00,2020,2,15,port980,Port Vila,Vanuatu,VUT,0,0,0,0,0,0,0,0,0,0,0,0,0,0,0,0,0,0,0,0,0
2020-02-14 00:00:00+00:00,2020,2,14,port669,Luganville,Vanuatu,VUT,0,0,0,0,0,0,0,0,0,0,0,0,0,0,0,0,0,0,0,0,0
2020-02-14 00:00:00+00:00,2020,2,14,port980,Port Vila,Vanuatu,VUT,0,0,0,0,0,0,0,0,0,0,0,0,0,0,0,0,0,0,0,0,0
2020-02-13 00:00:00+00:00,2020,2,13,port669,Luganville,Vanuatu,VUT,0,0,0,0,0,0,0,0,0,0,0,0,0,0,0,0,0,0,0,0,0
2020-02-13 00:00:00+00:00,2020,2,13,port980,Port Vila,Vanuatu,VUT,1,0,0,0,0,1,1,1035,0,0,0,0,1035,1035,0,0,0,0,0,0,0
2020-02-12 00:00:00+00:00,2020,2,12,port669,Luganville,Vanuatu,VUT,0,0,0,0,0,0,0,0,0,0,0,0,0,0,0,0,0,0,0,0,0
2020-02-12 00:00:00+00:00,2020,2,12,port980,Port Vila,Vanuatu,VUT,0,0,0,0,0,0,0,0,0,0,0,0,0,0,0,0,0,0,0,0,0
2020-02-11 00:00:00+00:00,2020,2,11,port669,Luganville,Vanuatu,VUT,0,0,0,0,0,0,0,0,0,0,0,0,0,0,0,0,0,0,0,0,0
2020-02-11 00:00:00+00:00,2020,2,11,port980,Port Vila,Vanuatu,VUT,0,0,0,0,0,0,0,0,0,0,0,0,0,0,0,0,0,0,0,0,0
2020-02-10 00:00:00+00:00,2020,2,10,port669,Luganville,Vanuatu,VUT,0,0,0,0,0,0,0,0,0,0,0,0,0,0,0,0,0,0,0,0,0
2020-02-10 00:00:00+00:00,2020,2,10,port980,Port Vila,Vanuatu,VUT,0,0,0,0,0,0,0,0,0,0,0,0,0,0,0,0,0,0,0,0,0
2020-02-09 00:00:00+00:00,2020,2,9,port669,Luganville,Vanuatu,VUT,0,0,0,0,0,0,0,0,0,0,0,0,0,0,0,0,0,0,0,0,0
2020-02-09 00:00:00+00:00,2020,2,9,port980,Port Vila,Vanuatu,VUT,1,0,0,0,0,1,1,496,0,0,0,0,496,496,190,0,0,0,0,190,190
2020-02-08 00:00:00+00:00,2020,2,8,port669,Luganville,Vanuatu,VUT,0,0,0,0,0,0,0,0,0,0,0,0,0,0,0,0,0,0,0,0,0
2020-02-08 00:00:00+00:00,2020,2,8,port980,Port Vila,Vanuatu,VUT,0,0,0,0,0,0,0,0,0,0,0,0,0,0,0,0,0,0,0,0,0
2020-02-07 00:00:00+00:00,2020,2,7,port669,Luganville,Vanuatu,VUT,0,0,0,0,0,0,0,0,0,0,0,0,0,0,0,0,0,0,0,0,0
2020-02-07 00:00:00+00:00,2020,2,7,port980,Port Vila,Vanuatu,VUT,0,0,0,0,0,0,0,0,0,0,0,0,0,0,0,0,0,0,0,0,0
2020-02-06 00:00:00+00:00,2020,2,6,port669,Luganville,Vanuatu,VUT,0,0,0,0,0,0,0,0,0,0,0,0,0,0,0,0,0,0,0,0,0
2020-02-06 00:00:00+00:00,2020,2,6,port980,Port Vila,Vanuatu,VUT,0,0,0,0,0,0,0,0,0,0,0,0,0,0,0,0,0,0,0,0,0
2020-02-05 00:00:00+00:00,2020,2,5,port669,Luganville,Vanuatu,VUT,0,0,0,0,0,0,0,0,0,0,0,0,0,0,0,0,0,0,0,0,0
2020-02-05 00:00:00+00:00,2020,2,5,port980,Port Vila,Vanuatu,VUT,0,0,0,0,0,0,0,0,0,0,0,0,0,0,0,0,0,0,0,0,0
2020-02-04 00:00:00+00:00,2020,2,4,port669,Luganville,Vanuatu,VUT,0,0,0,0,0,0,0,0,0,0,0,0,0,0,0,0,0,0,0,0,0
2020-02-04 00:00:00+00:00,2020,2,4,port980,Port Vila,Vanuatu,VUT,0,0,0,0,0,0,0,0,0,0,0,0,0,0,0,0,0,0,0,0,0
2020-02-03 00:00:00+00:00,2020,2,3,port669,Luganville,Vanuatu,VUT,1,0,0,0,0,1,1,772,0,0,0,0,772,772,0,0,0,0,0,0,0
2020-02-03 00:00:00+00:00,2020,2,3,port980,Port Vila,Vanuatu,VUT,0,0,0,0,0,0,0,0,0,0,0,0,0,0,0,0,0,0,0,0,0
2020-02-02 00:00:00+00:00,2020,2,2,port669,Luganville,Vanuatu,VUT,0,0,0,0,0,0,0,0,0,0,0,0,0,0,0,0,0,0,0,0,0
2020-02-02 00:00:00+00:00,2020,2,2,port980,Port Vila,Vanuatu,VUT,0,0,0,0,0,0,0,0,0,0,0,0,0,0,0,0,0,0,0,0,0
2020-02-01 00:00:00+00:00,2020,2,1,port669,Luganville,Vanuatu,VUT,0,0,0,0,1,0,1,0,0,0,0,0,0,0,0,0,0,0,0,0,0
2020-02-01 00:00:00+00:00,2020,2,1,port980,Port Vila,Vanuatu,VUT,0,0,0,0,0,0,0,0,0,0,0,0,0,0,0,0,0,0,0,0,0
2020-01-31 00:00:00+00:00,2020,1,31,port669,Luganville,Vanuatu,VUT,0,0,0,0,0,0,0,0,0,0,0,0,0,0,0,0,0,0,0,0,0
2020-01-31 00:00:00+00:00,2020,1,31,port980,Port Vila,Vanuatu,VUT,0,0,0,0,0,0,0,0,0,0,0,0,0,0,0,0,0,0,0,0,0
2020-01-30 00:00:00+00:00,2020,1,30,port669,Luganville,Vanuatu,VUT,0,0,0,0,0,0,0,0,0,0,0,0,0,0,0,0,0,0,0,0,0
2020-01-30 00:00:00+00:00,2020,1,30,port980,Port Vila,Vanuatu,VUT,0,0,1,0,0,1,1,0,0,832,0,0,832,832,0,0,183,0,0,183,183
2020-01-29 00:00:00+00:00,2020,1,29,port669,Luganville,Vanuatu,VUT,0,0,0,0,0,0,0,0,0,0,0,0,0,0,0,0,0,0,0,0,0
2020-01-29 00:00:00+00:00,2020,1,29,port980,Port Vila,Vanuatu,VUT,0,0,0,0,0,0,0,0,0,0,0,0,0,0,0,0,0,0,0,0,0
2020-01-28 00:00:00+00:00,2020,1,28,port669,Luganville,Vanuatu,VUT,0,0,0,0,0,0,0,0,0,0,0,0,0,0,0,0,0,0,0,0,0
2020-01-28 00:00:00+00:00,2020,1,28,port980,Port Vila,Vanuatu,VUT,1,0,0,0,0,1,1,0,0,0,0,0,0,0,779,0,0,0,0,779,779
2020-01-27 00:00:00+00:00,2020,1,27,port669,Luganville,Vanuatu,VUT,0,0,0,0,0,0,0,0,0,0,0,0,0,0,0,0,0,0,0,0,0
2020-01-27 00:00:00+00:00,2020,1,27,port980,Port Vila,Vanuatu,VUT,0,0,0,0,0,0,0,0,0,0,0,0,0,0,0,0,0,0,0,0,0
2020-01-26 00:00:00+00:00,2020,1,26,port669,Luganville,Vanuatu,VUT,1,0,1,0,0,2,2,828,0,883,0,0,1712,1712,146,0,314,0,0,460,460
2020-01-26 00:00:00+00:00,2020,1,26,port980,Port Vila,Vanuatu,VUT,0,0,1,0,1,1,2,0,0,314,0,33489,314,33804,0,0,0,0,0,0,0
2020-01-25 00:00:00+00:00,2020,1,25,port669,Luganville,Vanuatu,VUT,0,0,0,0,0,0,0,0,0,0,0,0,0,0,0,0,0,0,0,0,0
2020-01-25 00:00:00+00:00,2020,1,25,port980,Port Vila,Vanuatu,VUT,0,0,0,0,0,0,0,0,0,0,0,0,0,0,0,0,0,0,0,0,0
2020-01-24 00:00:00+00:00,2020,1,24,port669,Luganville,Vanuatu,VUT,0,0,0,0,0,0,0,0,0,0,0,0,0,0,0,0,0,0,0,0,0
2020-01-24 00:00:00+00:00,2020,1,24,port980,Port Vila,Vanuatu,VUT,1,0,0,0,0,1,1,0,0,0,0,0,0,0,0,0,0,0,0,0,0
2020-01-23 00:00:00+00:00,2020,1,23,port669,Luganville,Vanuatu,VUT,0,0,1,0,0,1,1,0,0,946,0,0,946,946,0,0,0,0,0,0,0
2020-01-23 00:00:00+00:00,2020,1,23,port980,Port Vila,Vanuatu,VUT,0,0,1,0,0,1,1,0,0,832,0,0,832,832,0,0,183,0,0,183,183
2020-01-22 00:00:00+00:00,2020,1,22,port669,Luganville,Vanuatu,VUT,0,0,0,0,0,0,0,0,0,0,0,0,0,0,0,0,0,0,0,0,0
2020-01-22 00:00:00+00:00,2020,1,22,port980,Port Vila,Vanuatu,VUT,0,0,0,0,0,0,0,0,0,0,0,0,0,0,0,0,0,0,0,0,0
2020-01-21 00:00:00+00:00,2020,1,21,port669,Luganville,Vanuatu,VUT,0,0,0,0,0,0,0,0,0,0,0,0,0,0,0,0,0,0,0,0,0
2020-01-21 00:00:00+00:00,2020,1,21,port980,Port Vila,Vanuatu,VUT,0,0,0,0,1,0,1,0,0,0,0,311,0,311,0,0,0,0,175,0,175
2020-01-20 00:00:00+00:00,2020,1,20,port669,Luganville,Vanuatu,VUT,0,0,0,0,0,0,0,0,0,0,0,0,0,0,0,0,0,0,0,0,0
2020-01-20 00:00:00+00:00,2020,1,20,port980,Port Vila,Vanuatu,VUT,0,0,0,0,0,0,0,0,0,0,0,0,0,0,0,0,0,0,0,0,0
2020-01-19 00:00:00+00:00,2020,1,19,port669,Luganville,Vanuatu,VUT,0,0,0,0,0,0,0,0,0,0,0,0,0,0,0,0,0,0,0,0,0
2020-01-19 00:00:00+00:00,2020,1,19,port980,Port Vila,Vanuatu,VUT,1,0,0,0,0,1,1,1240,0,0,0,0,1240,1240,125,0,0,0,0,125,125
2020-01-18 00:00:00+00:00,2020,1,18,port669,Luganville,Vanuatu,VUT,0,0,0,0,0,0,0,0,0,0,0,0,0,0,0,0,0,0,0,0,0
2020-01-18 00:00:00+00:00,2020,1,18,port980,Port Vila,Vanuatu,VUT,0,0,0,0,0,0,0,0,0,0,0,0,0,0,0,0,0,0,0,0,0
2020-01-17 00:00:00+00:00,2020,1,17,port669,Luganville,Vanuatu,VUT,0,0,0,0,0,0,0,0,0,0,0,0,0,0,0,0,0,0,0,0,0
2020-01-17 00:00:00+00:00,2020,1,17,port980,Port Vila,Vanuatu,VUT,0,0,0,0,0,0,0,0,0,0,0,0,0,0,0,0,0,0,0,0,0
2020-01-16 00:00:00+00:00,2020,1,16,port669,Luganville,Vanuatu,VUT,0,0,0,0,0,0,0,0,0,0,0,0,0,0,0,0,0,0,0,0,0
2020-01-16 00:00:00+00:00,2020,1,16,port980,Port Vila,Vanuatu,VUT,0,0,0,0,0,0,0,0,0,0,0,0,0,0,0,0,0,0,0,0,0
2020-01-15 00:00:00+00:00,2020,1,15,port669,Luganville,Vanuatu,VUT,0,0,0,0,0,0,0,0,0,0,0,0,0,0,0,0,0,0,0,0,0
2020-01-15 00:00:00+00:00,2020,1,15,port980,Port Vila,Vanuatu,VUT,0,0,0,0,0,0,0,0,0,0,0,0,0,0,0,0,0,0,0,0,0
2020-01-14 00:00:00+00:00,2020,1,14,port669,Luganville,Vanuatu,VUT,0,0,0,0,0,0,0,0,0,0,0,0,0,0,0,0,0,0,0,0,0
2020-01-14 00:00:00+00:00,2020,1,14,port980,Port Vila,Vanuatu,VUT,0,0,0,0,0,0,0,0,0,0,0,0,0,0,0,0,0,0,0,0,0
2020-01-13 00:00:00+00:00,2020,1,13,port669,Luganville,Vanuatu,VUT,0,0,0,0,0,0,0,0,0,0,0,0,0,0,0,0,0,0,0,0,0
2020-01-13 00:00:00+00:00,2020,1,13,port980,Port Vila,Vanuatu,VUT,0,0,0,0,0,0,0,0,0,0,0,0,0,0,0,0,0,0,0,0,0
2020-01-12 00:00:00+00:00,2020,1,12,port669,Luganville,Vanuatu,VUT,0,0,1,0,0,1,1,0,0,883,0,0,883,883,0,0,314,0,0,314,314
2020-01-12 00:00:00+00:00,2020,1,12,port980,Port Vila,Vanuatu,VUT,1,0,0,0,0,1,1,1945,0,0,0,0,1945,1945,0,0,0,0,0,0,0
2020-01-11 00:00:00+00:00,2020,1,11,port669,Luganville,Vanuatu,VUT,0,0,0,0,0,0,0,0,0,0,0,0,0,0,0,0,0,0,0,0,0
2020-01-11 00:00:00+00:00,2020,1,11,port980,Port Vila,Vanuatu,VUT,0,0,0,0,0,0,0,0,0,0,0,0,0,0,0,0,0,0,0,0,0
2020-01-10 00:00:00+00:00,2020,1,10,port669,Luganville,Vanuatu,VUT,0,0,0,0,0,0,0,0,0,0,0,0,0,0,0,0,0,0,0,0,0
2020-01-10 00:00:00+00:00,2020,1,10,port980,Port Vila,Vanuatu,VUT,0,0,0,0,0,0,0,0,0,0,0,0,0,0,0,0,0,0,0,0,0
2020-01-09 00:00:00+00:00,2020,1,9,port669,Luganville,Vanuatu,VUT,0,0,0,0,0,0,0,0,0,0,0,0,0,0,0,0,0,0,0,0,0
2020-01-09 00:00:00+00:00,2020,1,9,port980,Port Vila,Vanuatu,VUT,0,0,2,0,0,2,2,0,0,1777,0,0,1777,1777,0,0,183,0,0,183,183
2020-01-08 00:00:00+00:00,2020,1,8,port669,Luganville,Vanuatu,VUT,0,0,0,0,0,0,0,0,0,0,0,0,0,0,0,0,0,0,0,0,0
2020-01-08 00:00:00+00:00,2020,1,8,port980,Port Vila,Vanuatu,VUT,0,0,0,0,0,0,0,0,0,0,0,0,0,0,0,0,0,0,0,0,0
2020-01-07 00:00:00+00:00,2020,1,7,port669,Luganville,Vanuatu,VUT,0,0,0,0,0,0,0,0,0,0,0,0,0,0,0,0,0,0,0,0,0
2020-01-07 00:00:00+00:00,2020,1,7,port980,Port Vila,Vanuatu,VUT,1,0,0,0,0,1,1,271,0,0,0,0,271,271,0,0,0,0,0,0,0
2020-01-06 00:00:00+00:00,2020,1,6,port669,Luganville,Vanuatu,VUT,0,0,0,0,0,0,0,0,0,0,0,0,0,0,0,0,0,0,0,0,0
2020-01-06 00:00:00+00:00,2020,1,6,port980,Port Vila,Vanuatu,VUT,0,0,0,0,0,0,0,0,0,0,0,0,0,0,0,0,0,0,0,0,0
2020-01-05 00:00:00+00:00,2020,1,5,port669,Luganville,Vanuatu,VUT,0,0,1,0,0,1,1,0,0,883,0,0,883,883,0,0,314,0,0,314,314
2020-01-05 00:00:00+00:00,2020,1,5,port980,Port Vila,Vanuatu,VUT,0,0,0,0,0,0,0,0,0,0,0,0,0,0,0,0,0,0,0,0,0
2020-01-04 00:00:00+00:00,2020,1,4,port669,Luganville,Vanuatu,VUT,0,0,0,0,0,0,0,0,0,0,0,0,0,0,0,0,0,0,0,0,0
2020-01-04 00:00:00+00:00,2020,1,4,port980,Port Vila,Vanuatu,VUT,0,0,0,0,0,0,0,0,0,0,0,0,0,0,0,0,0,0,0,0,0
2020-01-03 00:00:00+00:00,2020,1,3,port669,Luganville,Vanuatu,VUT,0,0,0,0,0,0,0,0,0,0,0,0,0,0,0,0,0,0,0,0,0
2020-01-03 00:00:00+00:00,2020,1,3,port980,Port Vila,Vanuatu,VUT,0,0,0,0,0,0,0,0,0,0,0,0,0,0,0,0,0,0,0,0,0
2020-01-02 00:00:00+00:00,2020,1,2,port669,Luganville,Vanuatu,VUT,0,0,0,0,0,0,0,0,0,0,0,0,0,0,0,0,0,0,0,0,0
2020-01-02 00:00:00+00:00,2020,1,2,port980,Port Vila,Vanuatu,VUT,0,0,0,0,0,0,0,0,0,0,0,0,0,0,0,0,0,0,0,0,0
2020-01-01 00:00:00+00:00,2020,1,1,port669,Luganville,Vanuatu,VUT,1,0,0,0,0,1,1,1021,0,0,0,0,1021,1021,243,0,0,0,0,243,243
2020-01-01 00:00:00+00:00,2020,1,1,port980,Port Vila,Vanuatu,VUT,0,0,0,0,0,0,0,0,0,0,0,0,0,0,0,0,0,0,0,0,0
2019-12-31 00:00:00+00:00,2019,12,31,port669,Luganville,Vanuatu,VUT,0,0,0,0,0,0,0,0,0,0,0,0,0,0,0,0,0,0,0,0,0
2019-12-31 00:00:00+00:00,2019,12,31,port980,Port Vila,Vanuatu,VUT,0,0,0,0,0,0,0,0,0,0,0,0,0,0,0,0,0,0,0,0,0
2019-12-30 00:00:00+00:00,2019,12,30,port669,Luganville,Vanuatu,VUT,0,0,0,0,0,0,0,0,0,0,0,0,0,0,0,0,0,0,0,0,0
2019-12-30 00:00:00+00:00,2019,12,30,port980,Port Vila,Vanuatu,VUT,0,0,0,0,0,0,0,0,0,0,0,0,0,0,0,0,0,0,0,0,0
2019-12-29 00:00:00+00:00,2019,12,29,port669,Luganville,Vanuatu,VUT,0,0,0,0,0,0,0,0,0,0,0,0,0,0,0,0,0,0,0,0,0
2019-12-29 00:00:00+00:00,2019,12,29,port980,Port Vila,Vanuatu,VUT,1,0,0,0,0,1,1,404,0,0,0,0,404,404,0,0,0,0,0,0,0
2019-12-28 00:00:00+00:00,2019,12,28,port669,Luganville,Vanuatu,VUT,0,0,0,0,0,0,0,0,0,0,0,0,0,0,0,0,0,0,0,0,0
2019-12-28 00:00:00+00:00,2019,12,28,port980,Port Vila,Vanuatu,VUT,0,0,0,0,0,0,0,0,0,0,0,0,0,0,0,0,0,0,0,0,0
2019-12-27 00:00:00+00:00,2019,12,27,port669,Luganville,Vanuatu,VUT,1,0,0,0,0,1,1,828,0,0,0,0,828,828,146,0,0,0,0,146,146
2019-12-27 00:00:00+00:00,2019,12,27,port980,Port Vila,Vanuatu,VUT,0,0,0,0,0,0,0,0,0,0,0,0,0,0,0,0,0,0,0,0,0
2019-12-26 00:00:00+00:00,2019,12,26,port669,Luganville,Vanuatu,VUT,0,0,0,0,0,0,0,0,0,0,0,0,0,0,0,0,0,0,0,0,0
2019-12-26 00:00:00+00:00,2019,12,26,port980,Port Vila,Vanuatu,VUT,1,0,0,0,0,1,1,1240,0,0,0,0,1240,1240,125,0,0,0,0,125,125
2019-12-25 00:00:00+00:00,2019,12,25,port669,Luganville,Vanuatu,VUT,0,0,0,0,0,0,0,0,0,0,0,0,0,0,0,0,0,0,0,0,0
2019-12-25 00:00:00+00:00,2019,12,25,port980,Port Vila,Vanuatu,VUT,0,0,0,0,0,0,0,0,0,0,0,0,0,0,0,0,0,0,0,0,0
2019-12-24 00:00:00+00:00,2019,12,24,port669,Luganville,Vanuatu,VUT,0,0,0,0,0,0,0,0,0,0,0,0,0,0,0,0,0,0,0,0,0
2019-12-24 00:00:00+00:00,2019,12,24,port980,Port Vila,Vanuatu,VUT,0,0,0,0,0,0,0,0,0,0,0,0,0,0,0,0,0,0,0,0,0
2019-12-23 00:00:00+00:00,2019,12,23,port669,Luganville,Vanuatu,VUT,0,0,0,0,0,0,0,0,0,0,0,0,0,0,0,0,0,0,0,0,0
2019-12-23 00:00:00+00:00,2019,12,23,port980,Port Vila,Vanuatu,VUT,0,0,2,0,0,2,2,0,0,1665,0,0,1665,1665,0,0,366,0,0,366,366
2019-12-22 00:00:00+00:00,2019,12,22,port669,Luganville,Vanuatu,VUT,0,0,1,0,0,1,1,0,0,883,0,0,883,883,0,0,314,0,0,314,314
2019-12-22 00:00:00+00:00,2019,12,22,port980,Port Vila,Vanuatu,VUT,0,0,0,0,0,0,0,0,0,0,0,0,0,0,0,0,0,0,0,0,0
2019-12-21 00:00:00+00:00,2019,12,21,port669,Luganville,Vanuatu,VUT,0,0,0,0,0,0,0,0,0,0,0,0,0,0,0,0,0,0,0,0,0
2019-12-21 00:00:00+00:00,2019,12,21,port980,Port Vila,Vanuatu,VUT,0,0,0,0,0,0,0,0,0,0,0,0,0,0,0,0,0,0,0,0,0
2019-12-20 00:00:00+00:00,2019,12,20,port669,Luganville,Vanuatu,VUT,0,0,0,0,0,0,0,0,0,0,0,0,0,0,0,0,0,0,0,0,0
2019-12-20 00:00:00+00:00,2019,12,20,port980,Port Vila,Vanuatu,VUT,0,0,0,0,0,0,0,0,0,0,0,0,0,0,0,0,0,0,0,0,0
2019-12-19 00:00:00+00:00,2019,12,19,port669,Luganville,Vanuatu,VUT,0,0,0,0,0,0,0,0,0,0,0,0,0,0,0,0,0,0,0,0,0
2019-12-19 00:00:00+00:00,2019,12,19,port980,Port Vila,Vanuatu,VUT,0,0,0,0,0,0,0,0,0,0,0,0,0,0,0,0,0,0,0,0,0
2019-12-18 00:00:00+00:00,2019,12,18,port669,Luganville,Vanuatu,VUT,0,0,1,0,0,1,1,0,0,883,0,0,883,883,0,0,314,0,0,314,314
2019-12-18 00:00:00+00:00,2019,12,18,port980,Port Vila,Vanuatu,VUT,0,0,0,0,0,0,0,0,0,0,0,0,0,0,0,0,0,0,0,0,0
2019-12-17 00:00:00+00:00,2019,12,17,port669,Luganville,Vanuatu,VUT,0,0,0,0,0,0,0,0,0,0,0,0,0,0,0,0,0,0,0,0,0
2019-12-17 00:00:00+00:00,2019,12,17,port980,Port Vila,Vanuatu,VUT,0,0,0,0,0,0,0,0,0,0,0,0,0,0,0,0,0,0,0,0,0
2019-12-16 00:00:00+00:00,2019,12,16,port669,Luganville,Vanuatu,VUT,0,0,0,0,0,0,0,0,0,0,0,0,0,0,0,0,0,0,0,0,0
2019-12-16 00:00:00+00:00,2019,12,16,port980,Port Vila,Vanuatu,VUT,0,0,0,0,1,0,1,0,0,0,0,311,0,311,0,0,0,0,175,0,175
2019-12-15 00:00:00+00:00,2019,12,15,port669,Luganville,Vanuatu,VUT,0,0,1,0,0,1,1,0,0,0,0,0,0,0,0,0,974,0,0,974,974
2019-12-15 00:00:00+00:00,2019,12,15,port980,Port Vila,Vanuatu,VUT,0,0,0,0,0,0,0,0,0,0,0,0,0,0,0,0,0,0,0,0,0
2019-12-14 00:00:00+00:00,2019,12,14,port669,Luganville,Vanuatu,VUT,0,0,0,0,0,0,0,0,0,0,0,0,0,0,0,0,0,0,0,0,0
2019-12-14 00:00:00+00:00,2019,12,14,port980,Port Vila,Vanuatu,VUT,0,0,0,0,0,0,0,0,0,0,0,0,0,0,0,0,0,0,0,0,0
2019-12-13 00:00:00+00:00,2019,12,13,port669,Luganville,Vanuatu,VUT,0,0,0,0,0,0,0,0,0,0,0,0,0,0,0,0,0,0,0,0,0
2019-12-13 00:00:00+00:00,2019,12,13,port980,Port Vila,Vanuatu,VUT,1,0,0,0,0,1,1,1032,0,0,0,0,1032,1032,377,0,0,0,0,377,377
2019-12-12 00:00:00+00:00,2019,12,12,port669,Luganville,Vanuatu,VUT,0,0,0,0,0,0,0,0,0,0,0,0,0,0,0,0,0,0,0,0,0
2019-12-12 00:00:00+00:00,2019,12,12,port980,Port Vila,Vanuatu,VUT,1,0,0,0,0,1,1,1240,0,0,0,0,1240,1240,125,0,0,0,0,125,125
2019-12-11 00:00:00+00:00,2019,12,11,port669,Luganville,Vanuatu,VUT,0,0,1,0,0,1,1,0,0,883,0,0,883,883,0,0,314,0,0,314,314
2019-12-11 00:00:00+00:00,2019,12,11,port980,Port Vila,Vanuatu,VUT,0,0,0,0,0,0,0,0,0,0,0,0,0,0,0,0,0,0,0,0,0
2019-12-10 00:00:00+00:00,2019,12,10,port669,Luganville,Vanuatu,VUT,0,0,0,0,0,0,0,0,0,0,0,0,0,0,0,0,0,0,0,0,0
2019-12-10 00:00:00+00:00,2019,12,10,port980,Port Vila,Vanuatu,VUT,0,0,0,0,0,0,0,0,0,0,0,0,0,0,0,0,0,0,0,0,0
2019-12-09 00:00:00+00:00,2019,12,9,port669,Luganville,Vanuatu,VUT,0,0,0,0,0,0,0,0,0,0,0,0,0,0,0,0,0,0,0,0,0
2019-12-09 00:00:00+00:00,2019,12,9,port980,Port Vila,Vanuatu,VUT,0,0,0,0,0,0,0,0,0,0,0,0,0,0,0,0,0,0,0,0,0
2019-12-08 00:00:00+00:00,2019,12,8,port669,Luganville,Vanuatu,VUT,0,0,0,0,0,0,0,0,0,0,0,0,0,0,0,0,0,0,0,0,0
2019-12-08 00:00:00+00:00,2019,12,8,port980,Port Vila,Vanuatu,VUT,1,0,0,0,0,1,1,0,0,0,0,0,0,0,315,0,0,0,0,315,315
2019-12-07 00:00:00+00:00,2019,12,7,port669,Luganville,Vanuatu,VUT,0,0,0,0,0,0,0,0,0,0,0,0,0,0,0,0,0,0,0,0,0
2019-12-07 00:00:00+00:00,2019,12,7,port980,Port Vila,Vanuatu,VUT,0,0,0,0,0,0,0,0,0,0,0,0,0,0,0,0,0,0,0,0,0
2019-12-06 00:00:00+00:00,2019,12,6,port669,Luganville,Vanuatu,VUT,0,0,0,0,0,0,0,0,0,0,0,0,0,0,0,0,0,0,0,0,0
2019-12-06 00:00:00+00:00,2019,12,6,port980,Port Vila,Vanuatu,VUT,0,0,1,0,0,1,1,0,0,832,0,0,832,832,0,0,183,0,0,183,183
2019-12-05 00:00:00+00:00,2019,12,5,port669,Luganville,Vanuatu,VUT,1,0,0,0,0,1,1,0,0,0,0,0,0,0,0,0,0,0,0,0,0
2019-12-05 00:00:00+00:00,2019,12,5,port980,Port Vila,Vanuatu,VUT,0,0,0,0,1,0,1,0,0,0,0,33489,0,33489,0,0,0,0,0,0,0
2019-12-04 00:00:00+00:00,2019,12,4,port669,Luganville,Vanuatu,VUT,1,0,0,0,0,1,1,2346,0,0,0,0,2346,2346,0,0,0,0,0,0,0
2019-12-04 00:00:00+00:00,2019,12,4,port980,Port Vila,Vanuatu,VUT,0,0,0,0,0,0,0,0,0,0,0,0,0,0,0,0,0,0,0,0,0
2019-12-03 00:00:00+00:00,2019,12,3,port669,Luganville,Vanuatu,VUT,0,0,1,0,0,1,1,0,0,883,0,0,883,883,0,0,314,0,0,314,314
2019-12-03 00:00:00+00:00,2019,12,3,port980,Port Vila,Vanuatu,VUT,1,0,0,0,0,1,1,3575,0,0,0,0,3575,3575,0,0,0,0,0,0,0
2019-12-02 00:00:00+00:00,2019,12,2,port669,Luganville,Vanuatu,VUT,0,0,0,0,0,0,0,0,0,0,0,0,0,0,0,0,0,0,0,0,0
2019-12-02 00:00:00+00:00,2019,12,2,port980,Port Vila,Vanuatu,VUT,0,0,0,0,0,0,0,0,0,0,0,0,0,0,0,0,0,0,0,0,0
2019-12-01 00:00:00+00:00,2019,12,1,port669,Luganville,Vanuatu,VUT,0,0,0,0,0,0,0,0,0,0,0,0,0,0,0,0,0,0,0,0,0
2019-12-01 00:00:00+00:00,2019,12,1,port980,Port Vila,Vanuatu,VUT,0,0,0,0,0,0,0,0,0,0,0,0,0,0,0,0,0,0,0,0,0
2019-11-30 00:00:00+00:00,2019,11,30,port669,Luganville,Vanuatu,VUT,0,0,0,0,0,0,0,0,0,0,0,0,0,0,0,0,0,0,0,0,0
2019-11-30 00:00:00+00:00,2019,11,30,port980,Port Vila,Vanuatu,VUT,0,0,0,0,0,0,0,0,0,0,0,0,0,0,0,0,0,0,0,0,0
2019-11-29 00:00:00+00:00,2019,11,29,port669,Luganville,Vanuatu,VUT,0,0,0,0,0,0,0,0,0,0,0,0,0,0,0,0,0,0,0,0,0
2019-11-29 00:00:00+00:00,2019,11,29,port980,Port Vila,Vanuatu,VUT,1,0,0,0,0,1,1,1363,0,0,0,0,1363,1363,0,0,0,0,0,0,0
2019-11-28 00:00:00+00:00,2019,11,28,port669,Luganville,Vanuatu,VUT,0,0,0,0,0,0,0,0,0,0,0,0,0,0,0,0,0,0,0,0,0
2019-11-28 00:00:00+00:00,2019,11,28,port980,Port Vila,Vanuatu,VUT,0,0,1,0,0,1,1,0,0,832,0,0,832,832,0,0,183,0,0,183,183
2019-11-27 00:00:00+00:00,2019,11,27,port669,Luganville,Vanuatu,VUT,0,0,0,0,0,0,0,0,0,0,0,0,0,0,0,0,0,0,0,0,0
2019-11-27 00:00:00+00:00,2019,11,27,port980,Port Vila,Vanuatu,VUT,0,0,0,0,0,0,0,0,0,0,0,0,0,0,0,0,0,0,0,0,0
2019-11-26 00:00:00+00:00,2019,11,26,port669,Luganville,Vanuatu,VUT,0,0,0,0,0,0,0,0,0,0,0,0,0,0,0,0,0,0,0,0,0
2019-11-26 00:00:00+00:00,2019,11,26,port980,Port Vila,Vanuatu,VUT,1,0,0,0,0,1,1,1032,0,0,0,0,1032,1032,377,0,0,0,0,377,377
2019-11-25 00:00:00+00:00,2019,11,25,port669,Luganville,Vanuatu,VUT,0,0,1,0,0,1,1,0,0,883,0,0,883,883,0,0,314,0,0,314,314
2019-11-25 00:00:00+00:00,2019,11,25,port980,Port Vila,Vanuatu,VUT,0,0,1,0,0,1,1,0,0,948,0,0,948,948,0,0,0,0,0,0,0
2019-11-24 00:00:00+00:00,2019,11,24,port669,Luganville,Vanuatu,VUT,0,0,0,0,0,0,0,0,0,0,0,0,0,0,0,0,0,0,0,0,0
2019-11-24 00:00:00+00:00,2019,11,24,port980,Port Vila,Vanuatu,VUT,0,0,0,0,0,0,0,0,0,0,0,0,0,0,0,0,0,0,0,0,0
2019-11-23 00:00:00+00:00,2019,11,23,port669,Luganville,Vanuatu,VUT,0,0,1,0,0,1,1,0,0,883,0,0,883,883,0,0,314,0,0,314,314
2019-11-23 00:00:00+00:00,2019,11,23,port980,Port Vila,Vanuatu,VUT,0,0,0,0,0,0,0,0,0,0,0,0,0,0,0,0,0,0,0,0,0
2019-11-22 00:00:00+00:00,2019,11,22,port669,Luganville,Vanuatu,VUT,0,0,0,0,0,0,0,0,0,0,0,0,0,0,0,0,0,0,0,0,0
2019-11-22 00:00:00+00:00,2019,11,22,port980,Port Vila,Vanuatu,VUT,0,0,0,0,0,0,0,0,0,0,0,0,0,0,0,0,0,0,0,0,0
2019-11-21 00:00:00+00:00,2019,11,21,port669,Luganville,Vanuatu,VUT,0,0,0,0,0,0,0,0,0,0,0,0,0,0,0,0,0,0,0,0,0
2019-11-21 00:00:00+00:00,2019,11,21,port980,Port Vila,Vanuatu,VUT,0,0,0,0,1,0,1,0,0,0,0,311,0,311,0,0,0,0,175,0,175
2019-11-20 00:00:00+00:00,2019,11,20,port669,Luganville,Vanuatu,VUT,0,0,0,0,0,0,0,0,0,0,0,0,0,0,0,0,0,0,0,0,0
2019-11-20 00:00:00+00:00,2019,11,20,port980,Port Vila,Vanuatu,VUT,0,0,0,0,0,0,0,0,0,0,0,0,0,0,0,0,0,0,0,0,0
2019-11-19 00:00:00+00:00,2019,11,19,port669,Luganville,Vanuatu,VUT,0,0,0,0,0,0,0,0,0,0,0,0,0,0,0,0,0,0,0,0,0
2019-11-19 00:00:00+00:00,2019,11,19,port980,Port Vila,Vanuatu,VUT,0,0,0,0,0,0,0,0,0,0,0,0,0,0,0,0,0,0,0,0,0
2019-11-18 00:00:00+00:00,2019,11,18,port669,Luganville,Vanuatu,VUT,0,0,0,0,0,0,0,0,0,0,0,0,0,0,0,0,0,0,0,0,0
2019-11-18 00:00:00+00:00,2019,11,18,port980,Port Vila,Vanuatu,VUT,0,0,0,0,0,0,0,0,0,0,0,0,0,0,0,0,0,0,0,0,0
2019-11-17 00:00:00+00:00,2019,11,17,port669,Luganville,Vanuatu,VUT,0,0,1,0,0,1,1,0,0,883,0,0,883,883,0,0,314,0,0,314,314
2019-11-17 00:00:00+00:00,2019,11,17,port980,Port Vila,Vanuatu,VUT,0,0,0,0,0,0,0,0,0,0,0,0,0,0,0,0,0,0,0,0,0
2019-11-16 00:00:00+00:00,2019,11,16,port669,Luganville,Vanuatu,VUT,0,0,0,0,0,0,0,0,0,0,0,0,0,0,0,0,0,0,0,0,0
2019-11-16 00:00:00+00:00,2019,11,16,port980,Port Vila,Vanuatu,VUT,0,0,0,0,0,0,0,0,0,0,0,0,0,0,0,0,0,0,0,0,0
2019-11-15 00:00:00+00:00,2019,11,15,port669,Luganville,Vanuatu,VUT,0,0,0,0,0,0,0,0,0,0,0,0,0,0,0,0,0,0,0,0,0
2019-11-15 00:00:00+00:00,2019,11,15,port980,Port Vila,Vanuatu,VUT,0,0,0,0,0,0,0,0,0,0,0,0,0,0,0,0,0,0,0,0,0
2019-11-14 00:00:00+00:00,2019,11,14,port669,Luganville,Vanuatu,VUT,0,0,0,0,0,0,0,0,0,0,0,0,0,0,0,0,0,0,0,0,0
2019-11-14 00:00:00+00:00,2019,11,14,port980,Port Vila,Vanuatu,VUT,0,0,0,0,0,0,0,0,0,0,0,0,0,0,0,0,0,0,0,0,0
2019-11-13 00:00:00+00:00,2019,11,13,port669,Luganville,Vanuatu,VUT,0,0,0,0,0,0,0,0,0,0,0,0,0,0,0,0,0,0,0,0,0
2019-11-13 00:00:00+00:00,2019,11,13,port980,Port Vila,Vanuatu,VUT,0,0,1,0,0,1,1,0,0,832,0,0,832,832,0,0,183,0,0,183,183
2019-11-12 00:00:00+00:00,2019,11,12,port669,Luganville,Vanuatu,VUT,1,0,0,0,0,1,1,1550,0,0,0,0,1550,1550,0,0,0,0,0,0,0
2019-11-12 00:00:00+00:00,2019,11,12,port980,Port Vila,Vanuatu,VUT,0,0,0,0,0,0,0,0,0,0,0,0,0,0,0,0,0,0,0,0,0
2019-11-11 00:00:00+00:00,2019,11,11,port669,Luganville,Vanuatu,VUT,0,0,0,0,0,0,0,0,0,0,0,0,0,0,0,0,0,0,0,0,0
2019-11-11 00:00:00+00:00,2019,11,11,port980,Port Vila,Vanuatu,VUT,1,0,0,0,0,1,1,1240,0,0,0,0,1240,1240,125,0,0,0,0,125,125
2019-11-10 00:00:00+00:00,2019,11,10,port669,Luganville,Vanuatu,VUT,0,0,1,0,0,1,1,0,0,883,0,0,883,883,0,0,314,0,0,314,314
2019-11-10 00:00:00+00:00,2019,11,10,port980,Port Vila,Vanuatu,VUT,1,0,0,0,0,1,1,1167,0,0,0,0,1167,1167,0,0,0,0,0,0,0
2019-11-09 00:00:00+00:00,2019,11,9,port669,Luganville,Vanuatu,VUT,0,0,0,0,0,0,0,0,0,0,0,0,0,0,0,0,0,0,0,0,0
2019-11-09 00:00:00+00:00,2019,11,9,port980,Port Vila,Vanuatu,VUT,0,0,0,0,0,0,0,0,0,0,0,0,0,0,0,0,0,0,0,0,0
2019-11-08 00:00:00+00:00,2019,11,8,port669,Luganville,Vanuatu,VUT,1,0,0,0,0,1,1,689,0,0,0,0,689,689,0,0,0,0,0,0,0
2019-11-08 00:00:00+00:00,2019,11,8,port980,Port Vila,Vanuatu,VUT,0,0,0,0,0,0,0,0,0,0,0,0,0,0,0,0,0,0,0,0,0
2019-11-07 00:00:00+00:00,2019,11,7,port669,Luganville,Vanuatu,VUT,0,0,0,0,0,0,0,0,0,0,0,0,0,0,0,0,0,0,0,0,0
2019-11-07 00:00:00+00:00,2019,11,7,port980,Port Vila,Vanuatu,VUT,0,0,1,0,0,1,1,0,0,832,0,0,832,832,0,0,183,0,0,183,183
2019-11-06 00:00:00+00:00,2019,11,6,port669,Luganville,Vanuatu,VUT,0,0,0,0,0,0,0,0,0,0,0,0,0,0,0,0,0,0,0,0,0
2019-11-06 00:00:00+00:00,2019,11,6,port980,Port Vila,Vanuatu,VUT,1,0,0,0,0,1,1,1240,0,0,0,0,1240,1240,125,0,0,0,0,125,125
2019-11-05 00:00:00+00:00,2019,11,5,port669,Luganville,Vanuatu,VUT,0,0,0,0,0,0,0,0,0,0,0,0,0,0,0,0,0,0,0,0,0
2019-11-05 00:00:00+00:00,2019,11,5,port980,Port Vila,Vanuatu,VUT,0,0,1,0,0,1,1,0,0,0,0,0,0,0,0,0,626,0,0,626,626
2019-11-04 00:00:00+00:00,2019,11,4,port669,Luganville,Vanuatu,VUT,0,0,0,0,0,0,0,0,0,0,0,0,0,0,0,0,0,0,0,0,0
2019-11-04 00:00:00+00:00,2019,11,4,port980,Port Vila,Vanuatu,VUT,0,0,0,0,0,0,0,0,0,0,0,0,0,0,0,0,0,0,0,0,0
2019-11-03 00:00:00+00:00,2019,11,3,port669,Luganville,Vanuatu,VUT,0,0,0,0,0,0,0,0,0,0,0,0,0,0,0,0,0,0,0,0,0
2019-11-03 00:00:00+00:00,2019,11,3,port980,Port Vila,Vanuatu,VUT,0,0,0,0,0,0,0,0,0,0,0,0,0,0,0,0,0,0,0,0,0
2019-11-02 00:00:00+00:00,2019,11,2,port669,Luganville,Vanuatu,VUT,0,0,0,0,0,0,0,0,0,0,0,0,0,0,0,0,0,0,0,0,0
2019-11-02 00:00:00+00:00,2019,11,2,port980,Port Vila,Vanuatu,VUT,0,0,0,0,0,0,0,0,0,0,0,0,0,0,0,0,0,0,0,0,0
2019-11-01 00:00:00+00:00,2019,11,1,port669,Luganville,Vanuatu,VUT,0,0,0,0,0,0,0,0,0,0,0,0,0,0,0,0,0,0,0,0,0
2019-11-01 00:00:00+00:00,2019,11,1,port980,Port Vila,Vanuatu,VUT,0,0,0,0,0,0,0,0,0,0,0,0,0,0,0,0,0,0,0,0,0
2019-10-31 00:00:00+00:00,2019,10,31,port669,Luganville,Vanuatu,VUT,0,0,0,0,0,0,0,0,0,0,0,0,0,0,0,0,0,0,0,0,0
2019-10-31 00:00:00+00:00,2019,10,31,port980,Port Vila,Vanuatu,VUT,0,0,1,0,0,1,1,0,0,832,0,0,832,832,0,0,183,0,0,183,183
2019-10-30 00:00:00+00:00,2019,10,30,port669,Luganville,Vanuatu,VUT,0,0,0,0,0,0,0,0,0,0,0,0,0,0,0,0,0,0,0,0,0
2019-10-30 00:00:00+00:00,2019,10,30,port980,Port Vila,Vanuatu,VUT,1,0,0,0,0,1,1,1211,0,0,0,0,1211,1211,0,0,0,0,0,0,0
2019-10-29 00:00:00+00:00,2019,10,29,port669,Luganville,Vanuatu,VUT,0,0,0,0,0,0,0,0,0,0,0,0,0,0,0,0,0,0,0,0,0
2019-10-29 00:00:00+00:00,2019,10,29,port980,Port Vila,Vanuatu,VUT,0,0,0,0,0,0,0,0,0,0,0,0,0,0,0,0,0,0,0,0,0
2019-10-28 00:00:00+00:00,2019,10,28,port669,Luganville,Vanuatu,VUT,0,0,0,0,0,0,0,0,0,0,0,0,0,0,0,0,0,0,0,0,0
2019-10-28 00:00:00+00:00,2019,10,28,port980,Port Vila,Vanuatu,VUT,0,0,0,0,0,0,0,0,0,0,0,0,0,0,0,0,0,0,0,0,0
2019-10-27 00:00:00+00:00,2019,10,27,port669,Luganville,Vanuatu,VUT,0,0,1,0,0,1,1,0,0,883,0,0,883,883,0,0,314,0,0,314,314
2019-10-27 00:00:00+00:00,2019,10,27,port980,Port Vila,Vanuatu,VUT,0,0,0,0,0,0,0,0,0,0,0,0,0,0,0,0,0,0,0,0,0
2019-10-26 00:00:00+00:00,2019,10,26,port669,Luganville,Vanuatu,VUT,0,0,0,0,0,0,0,0,0,0,0,0,0,0,0,0,0,0,0,0,0
2019-10-26 00:00:00+00:00,2019,10,26,port980,Port Vila,Vanuatu,VUT,0,0,0,0,0,0,0,0,0,0,0,0,0,0,0,0,0,0,0,0,0
2019-10-25 00:00:00+00:00,2019,10,25,port669,Luganville,Vanuatu,VUT,0,0,0,0,0,0,0,0,0,0,0,0,0,0,0,0,0,0,0,0,0
2019-10-25 00:00:00+00:00,2019,10,25,port980,Port Vila,Vanuatu,VUT,0,0,0,0,0,0,0,0,0,0,0,0,0,0,0,0,0,0,0,0,0
2019-10-24 00:00:00+00:00,2019,10,24,port669,Luganville,Vanuatu,VUT,0,0,0,0,0,0,0,0,0,0,0,0,0,0,0,0,0,0,0,0,0
2019-10-24 00:00:00+00:00,2019,10,24,port980,Port Vila,Vanuatu,VUT,0,0,0,0,0,0,0,0,0,0,0,0,0,0,0,0,0,0,0,0,0
2019-10-23 00:00:00+00:00,2019,10,23,port669,Luganville,Vanuatu,VUT,0,0,0,0,0,0,0,0,0,0,0,0,0,0,0,0,0,0,0,0,0
2019-10-23 00:00:00+00:00,2019,10,23,port980,Port Vila,Vanuatu,VUT,0,0,0,0,0,0,0,0,0,0,0,0,0,0,0,0,0,0,0,0,0
2019-10-22 00:00:00+00:00,2019,10,22,port669,Luganville,Vanuatu,VUT,1,0,0,0,0,1,1,0,0,0,0,0,0,0,0,0,0,0,0,0,0
2019-10-22 00:00:00+00:00,2019,10,22,port980,Port Vila,Vanuatu,VUT,1,0,1,0,1,2,3,551,0,0,0,35573,551,36125,0,0,317,0,0,317,317
2019-10-21 00:00:00+00:00,2019,10,21,port669,Luganville,Vanuatu,VUT,0,0,0,0,0,0,0,0,0,0,0,0,0,0,0,0,0,0,0,0,0
2019-10-21 00:00:00+00:00,2019,10,21,port980,Port Vila,Vanuatu,VUT,0,0,0,0,0,0,0,0,0,0,0,0,0,0,0,0,0,0,0,0,0
2019-10-20 00:00:00+00:00,2019,10,20,port669,Luganville,Vanuatu,VUT,0,0,0,0,0,0,0,0,0,0,0,0,0,0,0,0,0,0,0,0,0
2019-10-20 00:00:00+00:00,2019,10,20,port980,Port Vila,Vanuatu,VUT,1,0,0,0,0,1,1,2020,0,0,0,0,2020,2020,0,0,0,0,0,0,0
2019-10-19 00:00:00+00:00,2019,10,19,port669,Luganville,Vanuatu,VUT,0,0,1,0,0,1,1,0,0,883,0,0,883,883,0,0,314,0,0,314,314
2019-10-19 00:00:00+00:00,2019,10,19,port980,Port Vila,Vanuatu,VUT,0,0,0,0,0,0,0,0,0,0,0,0,0,0,0,0,0,0,0,0,0
2019-10-18 00:00:00+00:00,2019,10,18,port669,Luganville,Vanuatu,VUT,0,0,0,0,0,0,0,0,0,0,0,0,0,0,0,0,0,0,0,0,0
2019-10-18 00:00:00+00:00,2019,10,18,port980,Port Vila,Vanuatu,VUT,0,0,0,0,1,0,1,0,0,0,0,311,0,311,0,0,0,0,175,0,175
2019-10-17 00:00:00+00:00,2019,10,17,port669,Luganville,Vanuatu,VUT,0,0,0,0,0,0,0,0,0,0,0,0,0,0,0,0,0,0,0,0,0
2019-10-17 00:00:00+00:00,2019,10,17,port980,Port Vila,Vanuatu,VUT,0,0,0,0,0,0,0,0,0,0,0,0,0,0,0,0,0,0,0,0,0
2019-10-16 00:00:00+00:00,2019,10,16,port669,Luganville,Vanuatu,VUT,0,0,0,0,0,0,0,0,0,0,0,0,0,0,0,0,0,0,0,0,0
2019-10-16 00:00:00+00:00,2019,10,16,port980,Port Vila,Vanuatu,VUT,0,0,0,0,0,0,0,0,0,0,0,0,0,0,0,0,0,0,0,0,0
2019-10-15 00:00:00+00:00,2019,10,15,port669,Luganville,Vanuatu,VUT,0,0,0,0,1,0,1,0,0,0,0,2617,0,2617,0,0,0,0,0,0,0
2019-10-15 00:00:00+00:00,2019,10,15,port980,Port Vila,Vanuatu,VUT,1,0,0,0,0,1,1,691,0,0,0,0,691,691,0,0,0,0,0,0,0
2019-10-14 00:00:00+00:00,2019,10,14,port669,Luganville,Vanuatu,VUT,0,0,0,0,0,0,0,0,0,0,0,0,0,0,0,0,0,0,0,0,0
2019-10-14 00:00:00+00:00,2019,10,14,port980,Port Vila,Vanuatu,VUT,0,0,0,0,0,0,0,0,0,0,0,0,0,0,0,0,0,0,0,0,0
2019-10-13 00:00:00+00:00,2019,10,13,port669,Luganville,Vanuatu,VUT,0,0,0,0,0,0,0,0,0,0,0,0,0,0,0,0,0,0,0,0,0
2019-10-13 00:00:00+00:00,2019,10,13,port980,Port Vila,Vanuatu,VUT,0,0,0,0,0,0,0,0,0,0,0,0,0,0,0,0,0,0,0,0,0
2019-10-12 00:00:00+00:00,2019,10,12,port669,Luganville,Vanuatu,VUT,0,0,0,0,0,0,0,0,0,0,0,0,0,0,0,0,0,0,0,0,0
2019-10-12 00:00:00+00:00,2019,10,12,port980,Port Vila,Vanuatu,VUT,0,0,0,0,0,0,0,0,0,0,0,0,0,0,0,0,0,0,0,0,0
2019-10-11 00:00:00+00:00,2019,10,11,port669,Luganville,Vanuatu,VUT,0,0,0,0,0,0,0,0,0,0,0,0,0,0,0,0,0,0,0,0,0
2019-10-11 00:00:00+00:00,2019,10,11,port980,Port Vila,Vanuatu,VUT,0,0,0,0,0,0,0,0,0,0,0,0,0,0,0,0,0,0,0,0,0
2019-10-10 00:00:00+00:00,2019,10,10,port669,Luganville,Vanuatu,VUT,0,0,0,0,0,0,0,0,0,0,0,0,0,0,0,0,0,0,0,0,0
2019-10-10 00:00:00+00:00,2019,10,10,port980,Port Vila,Vanuatu,VUT,0,0,1,0,0,1,1,0,0,832,0,0,832,832,0,0,183,0,0,183,183
2019-10-09 00:00:00+00:00,2019,10,9,port669,Luganville,Vanuatu,VUT,0,0,0,0,0,0,0,0,0,0,0,0,0,0,0,0,0,0,0,0,0
2019-10-09 00:00:00+00:00,2019,10,9,port980,Port Vila,Vanuatu,VUT,0,0,0,0,0,0,0,0,0,0,0,0,0,0,0,0,0,0,0,0,0
2019-10-08 00:00:00+00:00,2019,10,8,port669,Luganville,Vanuatu,VUT,0,0,0,0,0,0,0,0,0,0,0,0,0,0,0,0,0,0,0,0,0
2019-10-08 00:00:00+00:00,2019,10,8,port980,Port Vila,Vanuatu,VUT,0,0,0,0,0,0,0,0,0,0,0,0,0,0,0,0,0,0,0,0,0
2019-10-07 00:00:00+00:00,2019,10,7,port669,Luganville,Vanuatu,VUT,0,0,1,0,0,1,1,0,0,883,0,0,883,883,0,0,314,0,0,314,314
2019-10-07 00:00:00+00:00,2019,10,7,port980,Port Vila,Vanuatu,VUT,0,0,0,0,0,0,0,0,0,0,0,0,0,0,0,0,0,0,0,0,0
2019-10-06 00:00:00+00:00,2019,10,6,port669,Luganville,Vanuatu,VUT,0,0,0,0,0,0,0,0,0,0,0,0,0,0,0,0,0,0,0,0,0
2019-10-06 00:00:00+00:00,2019,10,6,port980,Port Vila,Vanuatu,VUT,0,0,0,0,0,0,0,0,0,0,0,0,0,0,0,0,0,0,0,0,0
2019-10-05 00:00:00+00:00,2019,10,5,port669,Luganville,Vanuatu,VUT,0,0,0,0,0,0,0,0,0,0,0,0,0,0,0,0,0,0,0,0,0
2019-10-05 00:00:00+00:00,2019,10,5,port980,Port Vila,Vanuatu,VUT,0,0,0,0,0,0,0,0,0,0,0,0,0,0,0,0,0,0,0,0,0
2019-10-04 00:00:00+00:00,2019,10,4,port669,Luganville,Vanuatu,VUT,0,0,0,0,0,0,0,0,0,0,0,0,0,0,0,0,0,0,0,0,0
2019-10-04 00:00:00+00:00,2019,10,4,port980,Port Vila,Vanuatu,VUT,0,0,0,0,0,0,0,0,0,0,0,0,0,0,0,0,0,0,0,0,0
2019-10-03 00:00:00+00:00,2019,10,3,port669,Luganville,Vanuatu,VUT,0,0,0,0,0,0,0,0,0,0,0,0,0,0,0,0,0,0,0,0,0
2019-10-03 00:00:00+00:00,2019,10,3,port980,Port Vila,Vanuatu,VUT,2,0,0,0,0,2,2,1558,0,0,0,0,1558,1558,125,0,0,0,0,125,125
2019-10-02 00:00:00+00:00,2019,10,2,port669,Luganville,Vanuatu,VUT,0,0,0,0,0,0,0,0,0,0,0,0,0,0,0,0,0,0,0,0,0
2019-10-02 00:00:00+00:00,2019,10,2,port980,Port Vila,Vanuatu,VUT,0,0,0,0,0,0,0,0,0,0,0,0,0,0,0,0,0,0,0,0,0
2019-10-01 00:00:00+00:00,2019,10,1,port669,Luganville,Vanuatu,VUT,1,0,2,0,0,3,3,1154,0,1767,0,0,2921,2921,0,0,628,0,0,628,628
2019-10-01 00:00:00+00:00,2019,10,1,port980,Port Vila,Vanuatu,VUT,0,0,0,0,0,0,0,0,0,0,0,0,0,0,0,0,0,0,0,0,0
2019-09-30 00:00:00+00:00,2019,9,30,port669,Luganville,Vanuatu,VUT,1,0,0,0,0,1,1,2796,0,0,0,0,2796,2796,0,0,0,0,0,0,0
2019-09-30 00:00:00+00:00,2019,9,30,port980,Port Vila,Vanuatu,VUT,0,0,0,0,0,0,0,0,0,0,0,0,0,0,0,0,0,0,0,0,0
2019-09-29 00:00:00+00:00,2019,9,29,port669,Luganville,Vanuatu,VUT,0,0,0,0,0,0,0,0,0,0,0,0,0,0,0,0,0,0,0,0,0
2019-09-29 00:00:00+00:00,2019,9,29,port980,Port Vila,Vanuatu,VUT,1,0,0,0,0,1,1,1240,0,0,0,0,1240,1240,125,0,0,0,0,125,125
2019-09-28 00:00:00+00:00,2019,9,28,port669,Luganville,Vanuatu,VUT,0,0,0,0,0,0,0,0,0,0,0,0,0,0,0,0,0,0,0,0,0
2019-09-28 00:00:00+00:00,2019,9,28,port980,Port Vila,Vanuatu,VUT,0,0,0,0,0,0,0,0,0,0,0,0,0,0,0,0,0,0,0,0,0
2019-09-27 00:00:00+00:00,2019,9,27,port669,Luganville,Vanuatu,VUT,0,0,0,0,0,0,0,0,0,0,0,0,0,0,0,0,0,0,0,0,0
2019-09-27 00:00:00+00:00,2019,9,27,port980,Port Vila,Vanuatu,VUT,0,0,1,0,0,1,1,0,0,832,0,0,832,832,0,0,183,0,0,183,183
2019-09-26 00:00:00+00:00,2019,9,26,port669,Luganville,Vanuatu,VUT,0,0,0,0,0,0,0,0,0,0,0,0,0,0,0,0,0,0,0,0,0
2019-09-26 00:00:00+00:00,2019,9,26,port980,Port Vila,Vanuatu,VUT,0,0,0,0,0,0,0,0,0,0,0,0,0,0,0,0,0,0,0,0,0
2019-09-25 00:00:00+00:00,2019,9,25,port669,Luganville,Vanuatu,VUT,0,0,1,0,0,1,1,0,0,883,0,0,883,883,0,0,314,0,0,314,314
2019-09-25 00:00:00+00:00,2019,9,25,port980,Port Vila,Vanuatu,VUT,0,0,0,0,2,0,2,0,0,0,0,7060,0,7060,0,0,0,0,231,0,231
2019-09-24 00:00:00+00:00,2019,9,24,port669,Luganville,Vanuatu,VUT,0,0,0,0,0,0,0,0,0,0,0,0,0,0,0,0,0,0,0,0,0
2019-09-24 00:00:00+00:00,2019,9,24,port980,Port Vila,Vanuatu,VUT,1,0,0,0,0,1,1,1166,0,0,0,0,1166,1166,0,0,0,0,0,0,0
2019-09-23 00:00:00+00:00,2019,9,23,port669,Luganville,Vanuatu,VUT,0,0,0,0,0,0,0,0,0,0,0,0,0,0,0,0,0,0,0,0,0
2019-09-23 00:00:00+00:00,2019,9,23,port980,Port Vila,Vanuatu,VUT,0,0,0,0,0,0,0,0,0,0,0,0,0,0,0,0,0,0,0,0,0
2019-09-22 00:00:00+00:00,2019,9,22,port669,Luganville,Vanuatu,VUT,0,0,0,0,0,0,0,0,0,0,0,0,0,0,0,0,0,0,0,0,0
2019-09-22 00:00:00+00:00,2019,9,22,port980,Port Vila,Vanuatu,VUT,0,0,0,0,0,0,0,0,0,0,0,0,0,0,0,0,0,0,0,0,0
2019-09-21 00:00:00+00:00,2019,9,21,port669,Luganville,Vanuatu,VUT,0,0,0,0,0,0,0,0,0,0,0,0,0,0,0,0,0,0,0,0,0
2019-09-21 00:00:00+00:00,2019,9,21,port980,Port Vila,Vanuatu,VUT,0,0,0,0,0,0,0,0,0,0,0,0,0,0,0,0,0,0,0,0,0
2019-09-20 00:00:00+00:00,2019,9,20,port669,Luganville,Vanuatu,VUT,0,0,0,0,0,0,0,0,0,0,0,0,0,0,0,0,0,0,0,0,0
2019-09-20 00:00:00+00:00,2019,9,20,port980,Port Vila,Vanuatu,VUT,0,0,1,0,0,1,1,0,0,949,0,0,949,949,0,0,0,0,0,0,0
2019-09-19 00:00:00+00:00,2019,9,19,port669,Luganville,Vanuatu,VUT,0,0,1,0,0,1,1,0,0,0,0,0,0,0,0,0,1265,0,0,1265,1265
2019-09-19 00:00:00+00:00,2019,9,19,port980,Port Vila,Vanuatu,VUT,0,0,0,0,0,0,0,0,0,0,0,0,0,0,0,0,0,0,0,0,0
2019-09-18 00:00:00+00:00,2019,9,18,port669,Luganville,Vanuatu,VUT,0,0,0,0,0,0,0,0,0,0,0,0,0,0,0,0,0,0,0,0,0
2019-09-18 00:00:00+00:00,2019,9,18,port980,Port Vila,Vanuatu,VUT,0,0,0,0,0,0,0,0,0,0,0,0,0,0,0,0,0,0,0,0,0
2019-09-17 00:00:00+00:00,2019,9,17,port669,Luganville,Vanuatu,VUT,0,0,0,0,0,0,0,0,0,0,0,0,0,0,0,0,0,0,0,0,0
2019-09-17 00:00:00+00:00,2019,9,17,port980,Port Vila,Vanuatu,VUT,0,0,0,0,0,0,0,0,0,0,0,0,0,0,0,0,0,0,0,0,0
2019-09-16 00:00:00+00:00,2019,9,16,port669,Luganville,Vanuatu,VUT,0,0,1,0,0,1,1,0,0,883,0,0,883,883,0,0,314,0,0,314,314
2019-09-16 00:00:00+00:00,2019,9,16,port980,Port Vila,Vanuatu,VUT,0,0,0,0,0,0,0,0,0,0,0,0,0,0,0,0,0,0,0,0,0
2019-09-15 00:00:00+00:00,2019,9,15,port669,Luganville,Vanuatu,VUT,0,0,0,0,0,0,0,0,0,0,0,0,0,0,0,0,0,0,0,0,0
2019-09-15 00:00:00+00:00,2019,9,15,port980,Port Vila,Vanuatu,VUT,1,0,0,0,0,1,1,545,0,0,0,0,545,545,0,0,0,0,0,0,0
2019-09-14 00:00:00+00:00,2019,9,14,port669,Luganville,Vanuatu,VUT,0,0,0,0,0,0,0,0,0,0,0,0,0,0,0,0,0,0,0,0,0
2019-09-14 00:00:00+00:00,2019,9,14,port980,Port Vila,Vanuatu,VUT,0,0,0,0,0,0,0,0,0,0,0,0,0,0,0,0,0,0,0,0,0
2019-09-13 00:00:00+00:00,2019,9,13,port669,Luganville,Vanuatu,VUT,0,0,0,0,0,0,0,0,0,0,0,0,0,0,0,0,0,0,0,0,0
2019-09-13 00:00:00+00:00,2019,9,13,port980,Port Vila,Vanuatu,VUT,0,0,0,0,0,0,0,0,0,0,0,0,0,0,0,0,0,0,0,0,0
2019-09-12 00:00:00+00:00,2019,9,12,port669,Luganville,Vanuatu,VUT,0,0,0,0,0,0,0,0,0,0,0,0,0,0,0,0,0,0,0,0,0
2019-09-12 00:00:00+00:00,2019,9,12,port980,Port Vila,Vanuatu,VUT,0,0,0,0,0,0,0,0,0,0,0,0,0,0,0,0,0,0,0,0,0
2019-09-11 00:00:00+00:00,2019,9,11,port669,Luganville,Vanuatu,VUT,2,0,0,0,0,2,2,0,0,0,0,0,0,0,403,0,0,0,0,403,403
2019-09-11 00:00:00+00:00,2019,9,11,port980,Port Vila,Vanuatu,VUT,0,0,0,0,0,0,0,0,0,0,0,0,0,0,0,0,0,0,0,0,0
2019-09-10 00:00:00+00:00,2019,9,10,port669,Luganville,Vanuatu,VUT,0,0,0,0,0,0,0,0,0,0,0,0,0,0,0,0,0,0,0,0,0
2019-09-10 00:00:00+00:00,2019,9,10,port980,Port Vila,Vanuatu,VUT,1,0,0,0,0,1,1,0,0,0,0,0,0,0,1168,0,0,0,0,1168,1168
2019-09-09 00:00:00+00:00,2019,9,9,port669,Luganville,Vanuatu,VUT,0,0,0,0,0,0,0,0,0,0,0,0,0,0,0,0,0,0,0,0,0
2019-09-09 00:00:00+00:00,2019,9,9,port980,Port Vila,Vanuatu,VUT,1,0,0,0,0,1,1,1240,0,0,0,0,1240,1240,125,0,0,0,0,125,125
2019-09-08 00:00:00+00:00,2019,9,8,port669,Luganville,Vanuatu,VUT,0,0,1,0,0,1,1,0,0,883,0,0,883,883,0,0,314,0,0,314,314
2019-09-08 00:00:00+00:00,2019,9,8,port980,Port Vila,Vanuatu,VUT,0,0,0,0,0,0,0,0,0,0,0,0,0,0,0,0,0,0,0,0,0
2019-09-07 00:00:00+00:00,2019,9,7,port669,Luganville,Vanuatu,VUT,0,0,0,0,0,0,0,0,0,0,0,0,0,0,0,0,0,0,0,0,0
2019-09-07 00:00:00+00:00,2019,9,7,port980,Port Vila,Vanuatu,VUT,0,0,0,0,0,0,0,0,0,0,0,0,0,0,0,0,0,0,0,0,0
2019-09-06 00:00:00+00:00,2019,9,6,port669,Luganville,Vanuatu,VUT,0,0,0,0,0,0,0,0,0,0,0,0,0,0,0,0,0,0,0,0,0
2019-09-06 00:00:00+00:00,2019,9,6,port980,Port Vila,Vanuatu,VUT,0,0,0,0,0,0,0,0,0,0,0,0,0,0,0,0,0,0,0,0,0
2019-09-05 00:00:00+00:00,2019,9,5,port669,Luganville,Vanuatu,VUT,0,0,0,0,0,0,0,0,0,0,0,0,0,0,0,0,0,0,0,0,0
2019-09-05 00:00:00+00:00,2019,9,5,port980,Port Vila,Vanuatu,VUT,0,0,0,0,0,0,0,0,0,0,0,0,0,0,0,0,0,0,0,0,0
2019-09-04 00:00:00+00:00,2019,9,4,port669,Luganville,Vanuatu,VUT,0,0,0,0,0,0,0,0,0,0,0,0,0,0,0,0,0,0,0,0,0
2019-09-04 00:00:00+00:00,2019,9,4,port980,Port Vila,Vanuatu,VUT,0,0,0,0,0,0,0,0,0,0,0,0,0,0,0,0,0,0,0,0,0
2019-09-03 00:00:00+00:00,2019,9,3,port669,Luganville,Vanuatu,VUT,0,0,0,0,0,0,0,0,0,0,0,0,0,0,0,0,0,0,0,0,0
2019-09-03 00:00:00+00:00,2019,9,3,port980,Port Vila,Vanuatu,VUT,0,0,0,0,0,0,0,0,0,0,0,0,0,0,0,0,0,0,0,0,0
2019-09-02 00:00:00+00:00,2019,9,2,port669,Luganville,Vanuatu,VUT,0,0,0,0,0,0,0,0,0,0,0,0,0,0,0,0,0,0,0,0,0
2019-09-02 00:00:00+00:00,2019,9,2,port980,Port Vila,Vanuatu,VUT,0,0,0,0,1,0,1,0,0,0,0,0,0,0,0,0,0,0,0,0,0
2019-09-01 00:00:00+00:00,2019,9,1,port669,Luganville,Vanuatu,VUT,0,0,0,0,0,0,0,0,0,0,0,0,0,0,0,0,0,0,0,0,0
2019-09-01 00:00:00+00:00,2019,9,1,port980,Port Vila,Vanuatu,VUT,0,0,1,0,0,1,1,0,0,315,0,0,315,315,0,0,0,0,0,0,0
2019-08-31 00:00:00+00:00,2019,8,31,port669,Luganville,Vanuatu,VUT,1,0,0,0,0,1,1,0,0,0,0,0,0,0,1044,0,0,0,0,1044,1044
2019-08-31 00:00:00+00:00,2019,8,31,port980,Port Vila,Vanuatu,VUT,0,0,0,0,0,0,0,0,0,0,0,0,0,0,0,0,0,0,0,0,0
2019-08-30 00:00:00+00:00,2019,8,30,port669,Luganville,Vanuatu,VUT,0,0,0,0,0,0,0,0,0,0,0,0,0,0,0,0,0,0,0,0,0
2019-08-30 00:00:00+00:00,2019,8,30,port980,Port Vila,Vanuatu,VUT,0,0,0,0,0,0,0,0,0,0,0,0,0,0,0,0,0,0,0,0,0
2019-08-29 00:00:00+00:00,2019,8,29,port669,Luganville,Vanuatu,VUT,0,0,0,0,0,0,0,0,0,0,0,0,0,0,0,0,0,0,0,0,0
2019-08-29 00:00:00+00:00,2019,8,29,port980,Port Vila,Vanuatu,VUT,1,0,0,0,1,1,2,1240,0,0,0,311,1240,1552,125,0,0,0,175,125,300
2019-08-28 00:00:00+00:00,2019,8,28,port669,Luganville,Vanuatu,VUT,0,0,0,0,0,0,0,0,0,0,0,0,0,0,0,0,0,0,0,0,0
2019-08-28 00:00:00+00:00,2019,8,28,port980,Port Vila,Vanuatu,VUT,0,0,0,0,0,0,0,0,0,0,0,0,0,0,0,0,0,0,0,0,0
2019-08-27 00:00:00+00:00,2019,8,27,port669,Luganville,Vanuatu,VUT,0,0,0,0,0,0,0,0,0,0,0,0,0,0,0,0,0,0,0,0,0
2019-08-27 00:00:00+00:00,2019,8,27,port980,Port Vila,Vanuatu,VUT,0,0,0,0,0,0,0,0,0,0,0,0,0,0,0,0,0,0,0,0,0
2019-08-26 00:00:00+00:00,2019,8,26,port669,Luganville,Vanuatu,VUT,0,0,0,0,0,0,0,0,0,0,0,0,0,0,0,0,0,0,0,0,0
2019-08-26 00:00:00+00:00,2019,8,26,port980,Port Vila,Vanuatu,VUT,0,0,0,0,0,0,0,0,0,0,0,0,0,0,0,0,0,0,0,0,0
2019-08-25 00:00:00+00:00,2019,8,25,port669,Luganville,Vanuatu,VUT,0,0,0,0,0,0,0,0,0,0,0,0,0,0,0,0,0,0,0,0,0
2019-08-25 00:00:00+00:00,2019,8,25,port980,Port Vila,Vanuatu,VUT,0,0,0,0,1,0,1,0,0,0,0,0,0,0,0,0,0,0,0,0,0
2019-08-24 00:00:00+00:00,2019,8,24,port669,Luganville,Vanuatu,VUT,0,0,0,0,0,0,0,0,0,0,0,0,0,0,0,0,0,0,0,0,0
2019-08-24 00:00:00+00:00,2019,8,24,port980,Port Vila,Vanuatu,VUT,0,0,0,0,0,0,0,0,0,0,0,0,0,0,0,0,0,0,0,0,0
2019-08-23 00:00:00+00:00,2019,8,23,port669,Luganville,Vanuatu,VUT,0,0,0,0,0,0,0,0,0,0,0,0,0,0,0,0,0,0,0,0,0
2019-08-23 00:00:00+00:00,2019,8,23,port980,Port Vila,Vanuatu,VUT,1,0,0,0,0,1,1,1032,0,0,0,0,1032,1032,377,0,0,0,0,377,377
2019-08-22 00:00:00+00:00,2019,8,22,port669,Luganville,Vanuatu,VUT,1,0,0,0,0,1,1,828,0,0,0,0,828,828,146,0,0,0,0,146,146
2019-08-22 00:00:00+00:00,2019,8,22,port980,Port Vila,Vanuatu,VUT,0,0,0,0,0,0,0,0,0,0,0,0,0,0,0,0,0,0,0,0,0
2019-08-21 00:00:00+00:00,2019,8,21,port669,Luganville,Vanuatu,VUT,0,0,0,0,0,0,0,0,0,0,0,0,0,0,0,0,0,0,0,0,0
2019-08-21 00:00:00+00:00,2019,8,21,port980,Port Vila,Vanuatu,VUT,0,0,1,0,0,1,1,0,0,832,0,0,832,832,0,0,183,0,0,183,183
2019-08-20 00:00:00+00:00,2019,8,20,port669,Luganville,Vanuatu,VUT,0,0,0,0,0,0,0,0,0,0,0,0,0,0,0,0,0,0,0,0,0
2019-08-20 00:00:00+00:00,2019,8,20,port980,Port Vila,Vanuatu,VUT,1,0,0,0,0,1,1,2020,0,0,0,0,2020,2020,0,0,0,0,0,0,0
2019-08-19 00:00:00+00:00,2019,8,19,port669,Luganville,Vanuatu,VUT,0,0,0,0,0,0,0,0,0,0,0,0,0,0,0,0,0,0,0,0,0
2019-08-19 00:00:00+00:00,2019,8,19,port980,Port Vila,Vanuatu,VUT,0,0,0,0,0,0,0,0,0,0,0,0,0,0,0,0,0,0,0,0,0
2019-08-18 00:00:00+00:00,2019,8,18,port669,Luganville,Vanuatu,VUT,0,0,0,0,0,0,0,0,0,0,0,0,0,0,0,0,0,0,0,0,0
2019-08-18 00:00:00+00:00,2019,8,18,port980,Port Vila,Vanuatu,VUT,0,0,1,0,0,1,1,0,0,316,0,0,316,316,0,0,0,0,0,0,0
2019-08-17 00:00:00+00:00,2019,8,17,port669,Luganville,Vanuatu,VUT,0,0,0,0,0,0,0,0,0,0,0,0,0,0,0,0,0,0,0,0,0
2019-08-17 00:00:00+00:00,2019,8,17,port980,Port Vila,Vanuatu,VUT,0,0,0,0,0,0,0,0,0,0,0,0,0,0,0,0,0,0,0,0,0
2019-08-16 00:00:00+00:00,2019,8,16,port669,Luganville,Vanuatu,VUT,0,0,1,0,0,1,1,0,0,1271,0,0,1271,1271,0,0,0,0,0,0,0
2019-08-16 00:00:00+00:00,2019,8,16,port980,Port Vila,Vanuatu,VUT,0,0,0,0,0,0,0,0,0,0,0,0,0,0,0,0,0,0,0,0,0
2019-08-15 00:00:00+00:00,2019,8,15,port669,Luganville,Vanuatu,VUT,0,0,0,0,0,0,0,0,0,0,0,0,0,0,0,0,0,0,0,0,0
2019-08-15 00:00:00+00:00,2019,8,15,port980,Port Vila,Vanuatu,VUT,0,0,0,0,0,0,0,0,0,0,0,0,0,0,0,0,0,0,0,0,0
2019-08-14 00:00:00+00:00,2019,8,14,port669,Luganville,Vanuatu,VUT,0,0,0,0,0,0,0,0,0,0,0,0,0,0,0,0,0,0,0,0,0
2019-08-14 00:00:00+00:00,2019,8,14,port980,Port Vila,Vanuatu,VUT,0,0,0,0,0,0,0,0,0,0,0,0,0,0,0,0,0,0,0,0,0
2019-08-13 00:00:00+00:00,2019,8,13,port669,Luganville,Vanuatu,VUT,0,0,0,0,1,0,1,0,0,0,0,5763,0,5763,0,0,0,0,0,0,0
2019-08-13 00:00:00+00:00,2019,8,13,port980,Port Vila,Vanuatu,VUT,0,0,0,0,0,0,0,0,0,0,0,0,0,0,0,0,0,0,0,0,0
2019-08-12 00:00:00+00:00,2019,8,12,port669,Luganville,Vanuatu,VUT,0,0,0,0,0,0,0,0,0,0,0,0,0,0,0,0,0,0,0,0,0
2019-08-12 00:00:00+00:00,2019,8,12,port980,Port Vila,Vanuatu,VUT,0,0,0,0,0,0,0,0,0,0,0,0,0,0,0,0,0,0,0,0,0
2019-08-11 00:00:00+00:00,2019,8,11,port669,Luganville,Vanuatu,VUT,0,0,1,0,1,1,2,0,0,883,0,0,883,883,0,0,314,0,0,314,314
2019-08-11 00:00:00+00:00,2019,8,11,port980,Port Vila,Vanuatu,VUT,0,0,0,0,0,0,0,0,0,0,0,0,0,0,0,0,0,0,0,0,0
2019-08-10 00:00:00+00:00,2019,8,10,port669,Luganville,Vanuatu,VUT,1,0,0,0,0,1,1,0,0,0,0,0,0,0,387,0,0,0,0,387,387
2019-08-10 00:00:00+00:00,2019,8,10,port980,Port Vila,Vanuatu,VUT,0,0,0,0,0,0,0,0,0,0,0,0,0,0,0,0,0,0,0,0,0
2019-08-09 00:00:00+00:00,2019,8,9,port669,Luganville,Vanuatu,VUT,0,0,0,0,0,0,0,0,0,0,0,0,0,0,0,0,0,0,0,0,0
2019-08-09 00:00:00+00:00,2019,8,9,port980,Port Vila,Vanuatu,VUT,0,0,0,0,0,0,0,0,0,0,0,0,0,0,0,0,0,0,0,0,0
2019-08-08 00:00:00+00:00,2019,8,8,port669,Luganville,Vanuatu,VUT,0,0,0,0,0,0,0,0,0,0,0,0,0,0,0,0,0,0,0,0,0
2019-08-08 00:00:00+00:00,2019,8,8,port980,Port Vila,Vanuatu,VUT,0,0,0,0,0,0,0,0,0,0,0,0,0,0,0,0,0,0,0,0,0
2019-08-07 00:00:00+00:00,2019,8,7,port669,Luganville,Vanuatu,VUT,0,0,0,0,0,0,0,0,0,0,0,0,0,0,0,0,0,0,0,0,0
2019-08-07 00:00:00+00:00,2019,8,7,port980,Port Vila,Vanuatu,VUT,1,0,0,0,0,1,1,820,0,0,0,0,820,820,0,0,0,0,0,0,0
2019-08-06 00:00:00+00:00,2019,8,6,port669,Luganville,Vanuatu,VUT,0,0,0,0,0,0,0,0,0,0,0,0,0,0,0,0,0,0,0,0,0
2019-08-06 00:00:00+00:00,2019,8,6,port980,Port Vila,Vanuatu,VUT,0,0,0,0,0,0,0,0,0,0,0,0,0,0,0,0,0,0,0,0,0
2019-08-05 00:00:00+00:00,2019,8,5,port669,Luganville,Vanuatu,VUT,0,0,0,0,0,0,0,0,0,0,0,0,0,0,0,0,0,0,0,0,0
2019-08-05 00:00:00+00:00,2019,8,5,port980,Port Vila,Vanuatu,VUT,1,0,0,0,0,1,1,0,0,0,0,0,0,0,1036,0,0,0,0,1036,1036
2019-08-04 00:00:00+00:00,2019,8,4,port669,Luganville,Vanuatu,VUT,0,0,1,0,0,1,1,0,0,883,0,0,883,883,0,0,314,0,0,314,314
2019-08-04 00:00:00+00:00,2019,8,4,port980,Port Vila,Vanuatu,VUT,0,0,0,0,0,0,0,0,0,0,0,0,0,0,0,0,0,0,0,0,0
2019-08-03 00:00:00+00:00,2019,8,3,port669,Luganville,Vanuatu,VUT,1,0,0,0,0,1,1,1021,0,0,0,0,1021,1021,243,0,0,0,0,243,243
2019-08-03 00:00:00+00:00,2019,8,3,port980,Port Vila,Vanuatu,VUT,0,0,0,0,0,0,0,0,0,0,0,0,0,0,0,0,0,0,0,0,0
2019-08-02 00:00:00+00:00,2019,8,2,port669,Luganville,Vanuatu,VUT,0,0,0,0,0,0,0,0,0,0,0,0,0,0,0,0,0,0,0,0,0
2019-08-02 00:00:00+00:00,2019,8,2,port980,Port Vila,Vanuatu,VUT,0,0,0,0,0,0,0,0,0,0,0,0,0,0,0,0,0,0,0,0,0
2019-08-01 00:00:00+00:00,2019,8,1,port669,Luganville,Vanuatu,VUT,1,0,0,0,0,1,1,0,0,0,0,0,0,0,0,0,0,0,0,0,0
2019-08-01 00:00:00+00:00,2019,8,1,port980,Port Vila,Vanuatu,VUT,0,0,0,0,0,0,0,0,0,0,0,0,0,0,0,0,0,0,0,0,0
2019-07-31 00:00:00+00:00,2019,7,31,port669,Luganville,Vanuatu,VUT,0,0,0,0,0,0,0,0,0,0,0,0,0,0,0,0,0,0,0,0,0
2019-07-31 00:00:00+00:00,2019,7,31,port980,Port Vila,Vanuatu,VUT,0,0,0,0,0,0,0,0,0,0,0,0,0,0,0,0,0,0,0,0,0
2019-07-30 00:00:00+00:00,2019,7,30,port669,Luganville,Vanuatu,VUT,0,0,0,0,0,0,0,0,0,0,0,0,0,0,0,0,0,0,0,0,0
2019-07-30 00:00:00+00:00,2019,7,30,port980,Port Vila,Vanuatu,VUT,1,0,0,0,0,1,1,2796,0,0,0,0,2796,2796,0,0,0,0,0,0,0
2019-07-29 00:00:00+00:00,2019,7,29,port669,Luganville,Vanuatu,VUT,0,0,0,0,0,0,0,0,0,0,0,0,0,0,0,0,0,0,0,0,0
2019-07-29 00:00:00+00:00,2019,7,29,port980,Port Vila,Vanuatu,VUT,0,0,0,0,0,0,0,0,0,0,0,0,0,0,0,0,0,0,0,0,0
2019-07-28 00:00:00+00:00,2019,7,28,port669,Luganville,Vanuatu,VUT,0,0,0,0,0,0,0,0,0,0,0,0,0,0,0,0,0,0,0,0,0
2019-07-28 00:00:00+00:00,2019,7,28,port980,Port Vila,Vanuatu,VUT,0,0,0,0,1,0,1,0,0,0,0,311,0,311,0,0,0,0,175,0,175
2019-07-27 00:00:00+00:00,2019,7,27,port669,Luganville,Vanuatu,VUT,0,0,0,0,0,0,0,0,0,0,0,0,0,0,0,0,0,0,0,0,0
2019-07-27 00:00:00+00:00,2019,7,27,port980,Port Vila,Vanuatu,VUT,0,0,0,0,0,0,0,0,0,0,0,0,0,0,0,0,0,0,0,0,0
2019-07-26 00:00:00+00:00,2019,7,26,port669,Luganville,Vanuatu,VUT,0,0,0,0,0,0,0,0,0,0,0,0,0,0,0,0,0,0,0,0,0
2019-07-26 00:00:00+00:00,2019,7,26,port980,Port Vila,Vanuatu,VUT,0,0,0,0,0,0,0,0,0,0,0,0,0,0,0,0,0,0,0,0,0
2019-07-25 00:00:00+00:00,2019,7,25,port669,Luganville,Vanuatu,VUT,0,0,1,0,0,1,1,0,0,883,0,0,883,883,0,0,314,0,0,314,314
2019-07-25 00:00:00+00:00,2019,7,25,port980,Port Vila,Vanuatu,VUT,1,0,0,0,0,1,1,1582,0,0,0,0,1582,1582,0,0,0,0,0,0,0
2019-07-24 00:00:00+00:00,2019,7,24,port669,Luganville,Vanuatu,VUT,0,0,0,0,0,0,0,0,0,0,0,0,0,0,0,0,0,0,0,0,0
2019-07-24 00:00:00+00:00,2019,7,24,port980,Port Vila,Vanuatu,VUT,0,0,0,0,0,0,0,0,0,0,0,0,0,0,0,0,0,0,0,0,0
2019-07-23 00:00:00+00:00,2019,7,23,port669,Luganville,Vanuatu,VUT,0,0,0,0,0,0,0,0,0,0,0,0,0,0,0,0,0,0,0,0,0
2019-07-23 00:00:00+00:00,2019,7,23,port980,Port Vila,Vanuatu,VUT,1,0,0,0,0,1,1,1240,0,0,0,0,1240,1240,125,0,0,0,0,125,125
2019-07-22 00:00:00+00:00,2019,7,22,port669,Luganville,Vanuatu,VUT,0,0,0,0,0,0,0,0,0,0,0,0,0,0,0,0,0,0,0,0,0
2019-07-22 00:00:00+00:00,2019,7,22,port980,Port Vila,Vanuatu,VUT,0,0,1,0,0,1,1,0,0,832,0,0,832,832,0,0,183,0,0,183,183
2019-07-21 00:00:00+00:00,2019,7,21,port669,Luganville,Vanuatu,VUT,0,0,0,0,0,0,0,0,0,0,0,0,0,0,0,0,0,0,0,0,0
2019-07-21 00:00:00+00:00,2019,7,21,port980,Port Vila,Vanuatu,VUT,0,0,0,0,0,0,0,0,0,0,0,0,0,0,0,0,0,0,0,0,0
2019-07-20 00:00:00+00:00,2019,7,20,port669,Luganville,Vanuatu,VUT,0,0,0,0,0,0,0,0,0,0,0,0,0,0,0,0,0,0,0,0,0
2019-07-20 00:00:00+00:00,2019,7,20,port980,Port Vila,Vanuatu,VUT,0,0,0,0,0,0,0,0,0,0,0,0,0,0,0,0,0,0,0,0,0
2019-07-19 00:00:00+00:00,2019,7,19,port669,Luganville,Vanuatu,VUT,0,0,0,0,0,0,0,0,0,0,0,0,0,0,0,0,0,0,0,0,0
2019-07-19 00:00:00+00:00,2019,7,19,port980,Port Vila,Vanuatu,VUT,1,0,1,0,0,2,2,0,0,629,0,0,629,629,389,0,0,0,0,389,389
2019-07-18 00:00:00+00:00,2019,7,18,port669,Luganville,Vanuatu,VUT,0,0,1,0,0,1,1,0,0,315,0,0,315,315,0,0,0,0,0,0,0
2019-07-18 00:00:00+00:00,2019,7,18,port980,Port Vila,Vanuatu,VUT,0,0,0,0,0,0,0,0,0,0,0,0,0,0,0,0,0,0,0,0,0
2019-07-17 00:00:00+00:00,2019,7,17,port669,Luganville,Vanuatu,VUT,0,0,0,0,0,0,0,0,0,0,0,0,0,0,0,0,0,0,0,0,0
2019-07-17 00:00:00+00:00,2019,7,17,port980,Port Vila,Vanuatu,VUT,0,0,0,0,0,0,0,0,0,0,0,0,0,0,0,0,0,0,0,0,0
2019-07-16 00:00:00+00:00,2019,7,16,port669,Luganville,Vanuatu,VUT,0,0,0,0,0,0,0,0,0,0,0,0,0,0,0,0,0,0,0,0,0
2019-07-16 00:00:00+00:00,2019,7,16,port980,Port Vila,Vanuatu,VUT,0,0,0,0,0,0,0,0,0,0,0,0,0,0,0,0,0,0,0,0,0
2019-07-15 00:00:00+00:00,2019,7,15,port669,Luganville,Vanuatu,VUT,0,0,0,0,0,0,0,0,0,0,0,0,0,0,0,0,0,0,0,0,0
2019-07-15 00:00:00+00:00,2019,7,15,port980,Port Vila,Vanuatu,VUT,0,0,0,0,0,0,0,0,0,0,0,0,0,0,0,0,0,0,0,0,0
2019-07-14 00:00:00+00:00,2019,7,14,port669,Luganville,Vanuatu,VUT,0,0,0,0,0,0,0,0,0,0,0,0,0,0,0,0,0,0,0,0,0
2019-07-14 00:00:00+00:00,2019,7,14,port980,Port Vila,Vanuatu,VUT,0,0,0,0,0,0,0,0,0,0,0,0,0,0,0,0,0,0,0,0,0
2019-07-13 00:00:00+00:00,2019,7,13,port669,Luganville,Vanuatu,VUT,0,0,0,0,0,0,0,0,0,0,0,0,0,0,0,0,0,0,0,0,0
2019-07-13 00:00:00+00:00,2019,7,13,port980,Port Vila,Vanuatu,VUT,0,0,0,0,0,0,0,0,0,0,0,0,0,0,0,0,0,0,0,0,0
2019-07-12 00:00:00+00:00,2019,7,12,port669,Luganville,Vanuatu,VUT,0,0,0,0,0,0,0,0,0,0,0,0,0,0,0,0,0,0,0,0,0
2019-07-12 00:00:00+00:00,2019,7,12,port980,Port Vila,Vanuatu,VUT,0,0,0,0,0,0,0,0,0,0,0,0,0,0,0,0,0,0,0,0,0
2019-07-11 00:00:00+00:00,2019,7,11,port669,Luganville,Vanuatu,VUT,1,0,0,0,0,1,1,828,0,0,0,0,828,828,146,0,0,0,0,146,146
2019-07-11 00:00:00+00:00,2019,7,11,port980,Port Vila,Vanuatu,VUT,0,0,0,0,0,0,0,0,0,0,0,0,0,0,0,0,0,0,0,0,0
2019-07-10 00:00:00+00:00,2019,7,10,port669,Luganville,Vanuatu,VUT,0,0,0,0,0,0,0,0,0,0,0,0,0,0,0,0,0,0,0,0,0
2019-07-10 00:00:00+00:00,2019,7,10,port980,Port Vila,Vanuatu,VUT,0,0,0,0,0,0,0,0,0,0,0,0,0,0,0,0,0,0,0,0,0
2019-07-09 00:00:00+00:00,2019,7,9,port669,Luganville,Vanuatu,VUT,1,0,0,0,0,1,1,404,0,0,0,0,404,404,0,0,0,0,0,0,0
2019-07-09 00:00:00+00:00,2019,7,9,port980,Port Vila,Vanuatu,VUT,1,0,0,0,0,1,1,0,0,0,0,0,0,0,0,0,0,0,0,0,0
2019-07-08 00:00:00+00:00,2019,7,8,port669,Luganville,Vanuatu,VUT,0,0,0,0,0,0,0,0,0,0,0,0,0,0,0,0,0,0,0,0,0
2019-07-08 00:00:00+00:00,2019,7,8,port980,Port Vila,Vanuatu,VUT,0,0,0,0,0,0,0,0,0,0,0,0,0,0,0,0,0,0,0,0,0
2019-07-07 00:00:00+00:00,2019,7,7,port669,Luganville,Vanuatu,VUT,0,0,0,0,0,0,0,0,0,0,0,0,0,0,0,0,0,0,0,0,0
2019-07-07 00:00:00+00:00,2019,7,7,port980,Port Vila,Vanuatu,VUT,1,0,1,0,0,2,2,389,0,832,0,0,1222,1222,0,0,183,0,0,183,183
2019-07-06 00:00:00+00:00,2019,7,6,port669,Luganville,Vanuatu,VUT,0,0,0,0,0,0,0,0,0,0,0,0,0,0,0,0,0,0,0,0,0
2019-07-06 00:00:00+00:00,2019,7,6,port980,Port Vila,Vanuatu,VUT,0,0,0,0,0,0,0,0,0,0,0,0,0,0,0,0,0,0,0,0,0
2019-07-05 00:00:00+00:00,2019,7,5,port669,Luganville,Vanuatu,VUT,0,0,0,0,0,0,0,0,0,0,0,0,0,0,0,0,0,0,0,0,0
2019-07-05 00:00:00+00:00,2019,7,5,port980,Port Vila,Vanuatu,VUT,0,0,0,0,0,0,0,0,0,0,0,0,0,0,0,0,0,0,0,0,0
2019-07-04 00:00:00+00:00,2019,7,4,port669,Luganville,Vanuatu,VUT,0,0,1,0,0,1,1,0,0,883,0,0,883,883,0,0,314,0,0,314,314
2019-07-04 00:00:00+00:00,2019,7,4,port980,Port Vila,Vanuatu,VUT,0,0,0,0,1,0,1,0,0,0,0,35052,0,35052,0,0,0,0,0,0,0
2019-07-03 00:00:00+00:00,2019,7,3,port669,Luganville,Vanuatu,VUT,0,0,0,0,0,0,0,0,0,0,0,0,0,0,0,0,0,0,0,0,0
2019-07-03 00:00:00+00:00,2019,7,3,port980,Port Vila,Vanuatu,VUT,0,0,0,0,0,0,0,0,0,0,0,0,0,0,0,0,0,0,0,0,0
2019-07-02 00:00:00+00:00,2019,7,2,port669,Luganville,Vanuatu,VUT,0,0,0,0,0,0,0,0,0,0,0,0,0,0,0,0,0,0,0,0,0
2019-07-02 00:00:00+00:00,2019,7,2,port980,Port Vila,Vanuatu,VUT,1,0,0,0,0,1,1,550,0,0,0,0,550,550,0,0,0,0,0,0,0
2019-07-01 00:00:00+00:00,2019,7,1,port669,Luganville,Vanuatu,VUT,0,0,0,0,0,0,0,0,0,0,0,0,0,0,0,0,0,0,0,0,0
2019-07-01 00:00:00+00:00,2019,7,1,port980,Port Vila,Vanuatu,VUT,0,0,0,0,0,0,0,0,0,0,0,0,0,0,0,0,0,0,0,0,0
2019-06-30 00:00:00+00:00,2019,6,30,port669,Luganville,Vanuatu,VUT,0,0,0,0,0,0,0,0,0,0,0,0,0,0,0,0,0,0,0,0,0
2019-06-30 00:00:00+00:00,2019,6,30,port980,Port Vila,Vanuatu,VUT,0,0,0,0,1,0,1,0,0,0,0,311,0,311,0,0,0,0,175,0,175
2019-06-29 00:00:00+00:00,2019,6,29,port669,Luganville,Vanuatu,VUT,0,0,0,0,0,0,0,0,0,0,0,0,0,0,0,0,0,0,0,0,0
2019-06-29 00:00:00+00:00,2019,6,29,port980,Port Vila,Vanuatu,VUT,0,0,0,0,0,0,0,0,0,0,0,0,0,0,0,0,0,0,0,0,0
2019-06-28 00:00:00+00:00,2019,6,28,port669,Luganville,Vanuatu,VUT,0,0,0,0,0,0,0,0,0,0,0,0,0,0,0,0,0,0,0,0,0
2019-06-28 00:00:00+00:00,2019,6,28,port980,Port Vila,Vanuatu,VUT,0,0,0,0,0,0,0,0,0,0,0,0,0,0,0,0,0,0,0,0,0
2019-06-27 00:00:00+00:00,2019,6,27,port669,Luganville,Vanuatu,VUT,0,0,1,0,0,1,1,0,0,883,0,0,883,883,0,0,314,0,0,314,314
2019-06-27 00:00:00+00:00,2019,6,27,port980,Port Vila,Vanuatu,VUT,0,0,0,0,0,0,0,0,0,0,0,0,0,0,0,0,0,0,0,0,0
2019-06-26 00:00:00+00:00,2019,6,26,port669,Luganville,Vanuatu,VUT,0,0,0,0,0,0,0,0,0,0,0,0,0,0,0,0,0,0,0,0,0
2019-06-26 00:00:00+00:00,2019,6,26,port980,Port Vila,Vanuatu,VUT,0,0,1,0,0,1,1,0,0,0,0,0,0,0,0,0,314,0,0,314,314
2019-06-25 00:00:00+00:00,2019,6,25,port669,Luganville,Vanuatu,VUT,0,0,0,0,0,0,0,0,0,0,0,0,0,0,0,0,0,0,0,0,0
2019-06-25 00:00:00+00:00,2019,6,25,port980,Port Vila,Vanuatu,VUT,0,0,0,0,0,0,0,0,0,0,0,0,0,0,0,0,0,0,0,0,0
2019-06-24 00:00:00+00:00,2019,6,24,port669,Luganville,Vanuatu,VUT,0,0,0,0,0,0,0,0,0,0,0,0,0,0,0,0,0,0,0,0,0
2019-06-24 00:00:00+00:00,2019,6,24,port980,Port Vila,Vanuatu,VUT,0,0,0,0,0,0,0,0,0,0,0,0,0,0,0,0,0,0,0,0,0
2019-06-23 00:00:00+00:00,2019,6,23,port669,Luganville,Vanuatu,VUT,0,0,0,0,0,0,0,0,0,0,0,0,0,0,0,0,0,0,0,0,0
2019-06-23 00:00:00+00:00,2019,6,23,port980,Port Vila,Vanuatu,VUT,0,0,0,0,0,0,0,0,0,0,0,0,0,0,0,0,0,0,0,0,0
2019-06-22 00:00:00+00:00,2019,6,22,port669,Luganville,Vanuatu,VUT,0,0,0,0,0,0,0,0,0,0,0,0,0,0,0,0,0,0,0,0,0
2019-06-22 00:00:00+00:00,2019,6,22,port980,Port Vila,Vanuatu,VUT,0,0,0,0,0,0,0,0,0,0,0,0,0,0,0,0,0,0,0,0,0
2019-06-21 00:00:00+00:00,2019,6,21,port669,Luganville,Vanuatu,VUT,0,0,0,0,0,0,0,0,0,0,0,0,0,0,0,0,0,0,0,0,0
2019-06-21 00:00:00+00:00,2019,6,21,port980,Port Vila,Vanuatu,VUT,0,0,0,0,0,0,0,0,0,0,0,0,0,0,0,0,0,0,0,0,0
2019-06-20 00:00:00+00:00,2019,6,20,port669,Luganville,Vanuatu,VUT,1,0,0,0,0,1,1,828,0,0,0,0,828,828,146,0,0,0,0,146,146
2019-06-20 00:00:00+00:00,2019,6,20,port980,Port Vila,Vanuatu,VUT,1,0,0,0,0,1,1,1032,0,0,0,0,1032,1032,377,0,0,0,0,377,377
2019-06-19 00:00:00+00:00,2019,6,19,port669,Luganville,Vanuatu,VUT,0,0,0,0,0,0,0,0,0,0,0,0,0,0,0,0,0,0,0,0,0
2019-06-19 00:00:00+00:00,2019,6,19,port980,Port Vila,Vanuatu,VUT,0,0,0,0,0,0,0,0,0,0,0,0,0,0,0,0,0,0,0,0,0
2019-06-18 00:00:00+00:00,2019,6,18,port669,Luganville,Vanuatu,VUT,0,0,0,0,0,0,0,0,0,0,0,0,0,0,0,0,0,0,0,0,0
2019-06-18 00:00:00+00:00,2019,6,18,port980,Port Vila,Vanuatu,VUT,1,0,0,0,0,1,1,2278,0,0,0,0,2278,2278,0,0,0,0,0,0,0
2019-06-17 00:00:00+00:00,2019,6,17,port669,Luganville,Vanuatu,VUT,1,0,0,0,0,1,1,0,0,0,0,0,0,0,0,0,0,0,0,0,0
2019-06-17 00:00:00+00:00,2019,6,17,port980,Port Vila,Vanuatu,VUT,0,0,1,0,0,1,1,0,0,832,0,0,832,832,0,0,183,0,0,183,183
2019-06-16 00:00:00+00:00,2019,6,16,port669,Luganville,Vanuatu,VUT,0,0,0,0,0,0,0,0,0,0,0,0,0,0,0,0,0,0,0,0,0
2019-06-16 00:00:00+00:00,2019,6,16,port980,Port Vila,Vanuatu,VUT,1,0,0,0,0,1,1,1240,0,0,0,0,1240,1240,125,0,0,0,0,125,125
2019-06-15 00:00:00+00:00,2019,6,15,port669,Luganville,Vanuatu,VUT,0,0,1,0,0,1,1,0,0,883,0,0,883,883,0,0,314,0,0,314,314
2019-06-15 00:00:00+00:00,2019,6,15,port980,Port Vila,Vanuatu,VUT,0,0,0,0,0,0,0,0,0,0,0,0,0,0,0,0,0,0,0,0,0
2019-06-14 00:00:00+00:00,2019,6,14,port669,Luganville,Vanuatu,VUT,0,0,0,0,0,0,0,0,0,0,0,0,0,0,0,0,0,0,0,0,0
2019-06-14 00:00:00+00:00,2019,6,14,port980,Port Vila,Vanuatu,VUT,0,0,0,0,0,0,0,0,0,0,0,0,0,0,0,0,0,0,0,0,0
2019-06-13 00:00:00+00:00,2019,6,13,port669,Luganville,Vanuatu,VUT,0,0,0,0,0,0,0,0,0,0,0,0,0,0,0,0,0,0,0,0,0
2019-06-13 00:00:00+00:00,2019,6,13,port980,Port Vila,Vanuatu,VUT,0,0,1,0,0,1,1,0,0,832,0,0,832,832,0,0,183,0,0,183,183
2019-06-12 00:00:00+00:00,2019,6,12,port669,Luganville,Vanuatu,VUT,0,0,0,0,0,0,0,0,0,0,0,0,0,0,0,0,0,0,0,0,0
2019-06-12 00:00:00+00:00,2019,6,12,port980,Port Vila,Vanuatu,VUT,0,0,0,0,0,0,0,0,0,0,0,0,0,0,0,0,0,0,0,0,0
2019-06-11 00:00:00+00:00,2019,6,11,port669,Luganville,Vanuatu,VUT,0,0,0,0,0,0,0,0,0,0,0,0,0,0,0,0,0,0,0,0,0
2019-06-11 00:00:00+00:00,2019,6,11,port980,Port Vila,Vanuatu,VUT,0,0,0,0,0,0,0,0,0,0,0,0,0,0,0,0,0,0,0,0,0
2019-06-10 00:00:00+00:00,2019,6,10,port669,Luganville,Vanuatu,VUT,0,0,0,0,0,0,0,0,0,0,0,0,0,0,0,0,0,0,0,0,0
2019-06-10 00:00:00+00:00,2019,6,10,port980,Port Vila,Vanuatu,VUT,0,0,0,0,0,0,0,0,0,0,0,0,0,0,0,0,0,0,0,0,0
2019-06-09 00:00:00+00:00,2019,6,9,port669,Luganville,Vanuatu,VUT,0,0,0,0,0,0,0,0,0,0,0,0,0,0,0,0,0,0,0,0,0
2019-06-09 00:00:00+00:00,2019,6,9,port980,Port Vila,Vanuatu,VUT,0,0,0,0,0,0,0,0,0,0,0,0,0,0,0,0,0,0,0,0,0
2019-06-08 00:00:00+00:00,2019,6,8,port669,Luganville,Vanuatu,VUT,0,0,0,0,0,0,0,0,0,0,0,0,0,0,0,0,0,0,0,0,0
2019-06-08 00:00:00+00:00,2019,6,8,port980,Port Vila,Vanuatu,VUT,0,0,0,0,0,0,0,0,0,0,0,0,0,0,0,0,0,0,0,0,0
2019-06-07 00:00:00+00:00,2019,6,7,port669,Luganville,Vanuatu,VUT,0,0,0,0,0,0,0,0,0,0,0,0,0,0,0,0,0,0,0,0,0
2019-06-07 00:00:00+00:00,2019,6,7,port980,Port Vila,Vanuatu,VUT,0,0,0,0,0,0,0,0,0,0,0,0,0,0,0,0,0,0,0,0,0
2019-06-06 00:00:00+00:00,2019,6,6,port669,Luganville,Vanuatu,VUT,0,0,0,0,0,0,0,0,0,0,0,0,0,0,0,0,0,0,0,0,0
2019-06-06 00:00:00+00:00,2019,6,6,port980,Port Vila,Vanuatu,VUT,0,0,0,0,0,0,0,0,0,0,0,0,0,0,0,0,0,0,0,0,0
2019-06-05 00:00:00+00:00,2019,6,5,port669,Luganville,Vanuatu,VUT,1,0,0,0,0,1,1,0,0,0,0,0,0,0,1163,0,0,0,0,1163,1163
2019-06-05 00:00:00+00:00,2019,6,5,port980,Port Vila,Vanuatu,VUT,0,0,0,0,0,0,0,0,0,0,0,0,0,0,0,0,0,0,0,0,0
2019-06-04 00:00:00+00:00,2019,6,4,port669,Luganville,Vanuatu,VUT,0,0,0,0,0,0,0,0,0,0,0,0,0,0,0,0,0,0,0,0,0
2019-06-04 00:00:00+00:00,2019,6,4,port980,Port Vila,Vanuatu,VUT,0,0,0,0,0,0,0,0,0,0,0,0,0,0,0,0,0,0,0,0,0
2019-06-03 00:00:00+00:00,2019,6,3,port669,Luganville,Vanuatu,VUT,0,0,0,0,0,0,0,0,0,0,0,0,0,0,0,0,0,0,0,0,0
2019-06-03 00:00:00+00:00,2019,6,3,port980,Port Vila,Vanuatu,VUT,0,0,0,0,0,0,0,0,0,0,0,0,0,0,0,0,0,0,0,0,0
2019-06-02 00:00:00+00:00,2019,6,2,port669,Luganville,Vanuatu,VUT,0,0,0,0,0,0,0,0,0,0,0,0,0,0,0,0,0,0,0,0,0
2019-06-02 00:00:00+00:00,2019,6,2,port980,Port Vila,Vanuatu,VUT,0,0,0,0,0,0,0,0,0,0,0,0,0,0,0,0,0,0,0,0,0
2019-06-01 00:00:00+00:00,2019,6,1,port669,Luganville,Vanuatu,VUT,0,0,0,0,0,0,0,0,0,0,0,0,0,0,0,0,0,0,0,0,0
2019-06-01 00:00:00+00:00,2019,6,1,port980,Port Vila,Vanuatu,VUT,0,0,0,0,0,0,0,0,0,0,0,0,0,0,0,0,0,0,0,0,0
2019-05-31 00:00:00+00:00,2019,5,31,port669,Luganville,Vanuatu,VUT,0,0,0,0,0,0,0,0,0,0,0,0,0,0,0,0,0,0,0,0,0
2019-05-31 00:00:00+00:00,2019,5,31,port980,Port Vila,Vanuatu,VUT,1,0,0,0,0,1,1,1533,0,0,0,0,1533,1533,0,0,0,0,0,0,0
2019-05-30 00:00:00+00:00,2019,5,30,port669,Luganville,Vanuatu,VUT,0,0,0,0,0,0,0,0,0,0,0,0,0,0,0,0,0,0,0,0,0
2019-05-30 00:00:00+00:00,2019,5,30,port980,Port Vila,Vanuatu,VUT,0,0,0,0,1,0,1,0,0,0,0,311,0,311,0,0,0,0,175,0,175
2019-05-29 00:00:00+00:00,2019,5,29,port669,Luganville,Vanuatu,VUT,1,0,0,0,0,1,1,388,0,0,0,0,388,388,0,0,0,0,0,0,0
2019-05-29 00:00:00+00:00,2019,5,29,port980,Port Vila,Vanuatu,VUT,1,0,0,0,0,1,1,496,0,0,0,0,496,496,190,0,0,0,0,190,190
2019-05-28 00:00:00+00:00,2019,5,28,port669,Luganville,Vanuatu,VUT,0,0,0,0,0,0,0,0,0,0,0,0,0,0,0,0,0,0,0,0,0
2019-05-28 00:00:00+00:00,2019,5,28,port980,Port Vila,Vanuatu,VUT,1,0,0,0,0,1,1,1095,0,0,0,0,1095,1095,0,0,0,0,0,0,0
2019-05-27 00:00:00+00:00,2019,5,27,port669,Luganville,Vanuatu,VUT,0,0,0,0,0,0,0,0,0,0,0,0,0,0,0,0,0,0,0,0,0
2019-05-27 00:00:00+00:00,2019,5,27,port980,Port Vila,Vanuatu,VUT,0,0,0,0,0,0,0,0,0,0,0,0,0,0,0,0,0,0,0,0,0
2019-05-26 00:00:00+00:00,2019,5,26,port669,Luganville,Vanuatu,VUT,0,0,0,0,0,0,0,0,0,0,0,0,0,0,0,0,0,0,0,0,0
2019-05-26 00:00:00+00:00,2019,5,26,port980,Port Vila,Vanuatu,VUT,0,0,0,0,0,0,0,0,0,0,0,0,0,0,0,0,0,0,0,0,0
2019-05-25 00:00:00+00:00,2019,5,25,port669,Luganville,Vanuatu,VUT,1,0,0,0,0,1,1,0,0,0,0,0,0,0,0,0,0,0,0,0,0
2019-05-25 00:00:00+00:00,2019,5,25,port980,Port Vila,Vanuatu,VUT,0,0,0,0,0,0,0,0,0,0,0,0,0,0,0,0,0,0,0,0,0
2019-05-24 00:00:00+00:00,2019,5,24,port669,Luganville,Vanuatu,VUT,0,0,0,0,0,0,0,0,0,0,0,0,0,0,0,0,0,0,0,0,0
2019-05-24 00:00:00+00:00,2019,5,24,port980,Port Vila,Vanuatu,VUT,0,0,0,0,0,0,0,0,0,0,0,0,0,0,0,0,0,0,0,0,0
2019-05-23 00:00:00+00:00,2019,5,23,port669,Luganville,Vanuatu,VUT,0,0,0,0,0,0,0,0,0,0,0,0,0,0,0,0,0,0,0,0,0
2019-05-23 00:00:00+00:00,2019,5,23,port980,Port Vila,Vanuatu,VUT,1,0,0,0,0,1,1,1504,0,0,0,0,1504,1504,0,0,0,0,0,0,0
2019-05-22 00:00:00+00:00,2019,5,22,port669,Luganville,Vanuatu,VUT,0,0,0,0,0,0,0,0,0,0,0,0,0,0,0,0,0,0,0,0,0
2019-05-22 00:00:00+00:00,2019,5,22,port980,Port Vila,Vanuatu,VUT,0,0,0,0,0,0,0,0,0,0,0,0,0,0,0,0,0,0,0,0,0
2019-05-21 00:00:00+00:00,2019,5,21,port669,Luganville,Vanuatu,VUT,0,0,0,0,1,0,1,0,0,0,0,0,0,0,0,0,0,0,0,0,0
2019-05-21 00:00:00+00:00,2019,5,21,port980,Port Vila,Vanuatu,VUT,0,0,1,0,0,1,1,0,0,832,0,0,832,832,0,0,183,0,0,183,183
2019-05-20 00:00:00+00:00,2019,5,20,port669,Luganville,Vanuatu,VUT,0,0,0,0,0,0,0,0,0,0,0,0,0,0,0,0,0,0,0,0,0
2019-05-20 00:00:00+00:00,2019,5,20,port980,Port Vila,Vanuatu,VUT,0,0,0,0,0,0,0,0,0,0,0,0,0,0,0,0,0,0,0,0,0
2019-05-19 00:00:00+00:00,2019,5,19,port669,Luganville,Vanuatu,VUT,0,0,0,0,0,0,0,0,0,0,0,0,0,0,0,0,0,0,0,0,0
2019-05-19 00:00:00+00:00,2019,5,19,port980,Port Vila,Vanuatu,VUT,0,0,0,0,0,0,0,0,0,0,0,0,0,0,0,0,0,0,0,0,0
2019-05-18 00:00:00+00:00,2019,5,18,port669,Luganville,Vanuatu,VUT,0,0,0,0,0,0,0,0,0,0,0,0,0,0,0,0,0,0,0,0,0
2019-05-18 00:00:00+00:00,2019,5,18,port980,Port Vila,Vanuatu,VUT,0,0,0,0,0,0,0,0,0,0,0,0,0,0,0,0,0,0,0,0,0
2019-05-17 00:00:00+00:00,2019,5,17,port669,Luganville,Vanuatu,VUT,0,0,0,0,0,0,0,0,0,0,0,0,0,0,0,0,0,0,0,0,0
2019-05-17 00:00:00+00:00,2019,5,17,port980,Port Vila,Vanuatu,VUT,1,0,0,0,0,1,1,1032,0,0,0,0,1032,1032,377,0,0,0,0,377,377
2019-05-16 00:00:00+00:00,2019,5,16,port669,Luganville,Vanuatu,VUT,0,0,0,0,0,0,0,0,0,0,0,0,0,0,0,0,0,0,0,0,0
2019-05-16 00:00:00+00:00,2019,5,16,port980,Port Vila,Vanuatu,VUT,0,0,0,0,0,0,0,0,0,0,0,0,0,0,0,0,0,0,0,0,0
2019-05-15 00:00:00+00:00,2019,5,15,port669,Luganville,Vanuatu,VUT,0,0,0,0,0,0,0,0,0,0,0,0,0,0,0,0,0,0,0,0,0
2019-05-15 00:00:00+00:00,2019,5,15,port980,Port Vila,Vanuatu,VUT,0,0,0,0,0,0,0,0,0,0,0,0,0,0,0,0,0,0,0,0,0
2019-05-14 00:00:00+00:00,2019,5,14,port669,Luganville,Vanuatu,VUT,0,0,0,0,0,0,0,0,0,0,0,0,0,0,0,0,0,0,0,0,0
2019-05-14 00:00:00+00:00,2019,5,14,port980,Port Vila,Vanuatu,VUT,0,0,0,0,1,0,1,0,0,0,0,124,0,124,0,0,0,0,0,0,0
2019-05-13 00:00:00+00:00,2019,5,13,port669,Luganville,Vanuatu,VUT,0,0,0,0,0,0,0,0,0,0,0,0,0,0,0,0,0,0,0,0,0
2019-05-13 00:00:00+00:00,2019,5,13,port980,Port Vila,Vanuatu,VUT,0,0,0,0,0,0,0,0,0,0,0,0,0,0,0,0,0,0,0,0,0
2019-05-12 00:00:00+00:00,2019,5,12,port669,Luganville,Vanuatu,VUT,0,0,0,0,0,0,0,0,0,0,0,0,0,0,0,0,0,0,0,0,0
2019-05-12 00:00:00+00:00,2019,5,12,port980,Port Vila,Vanuatu,VUT,1,0,0,0,1,1,2,1101,0,0,0,35052,1101,36154,0,0,0,0,0,0,0
2019-05-11 00:00:00+00:00,2019,5,11,port669,Luganville,Vanuatu,VUT,0,0,0,0,0,0,0,0,0,0,0,0,0,0,0,0,0,0,0,0,0
2019-05-11 00:00:00+00:00,2019,5,11,port980,Port Vila,Vanuatu,VUT,0,0,0,0,0,0,0,0,0,0,0,0,0,0,0,0,0,0,0,0,0
2019-05-10 00:00:00+00:00,2019,5,10,port669,Luganville,Vanuatu,VUT,0,0,0,0,0,0,0,0,0,0,0,0,0,0,0,0,0,0,0,0,0
2019-05-10 00:00:00+00:00,2019,5,10,port980,Port Vila,Vanuatu,VUT,0,0,0,0,0,0,0,0,0,0,0,0,0,0,0,0,0,0,0,0,0
2019-05-09 00:00:00+00:00,2019,5,9,port669,Luganville,Vanuatu,VUT,1,0,0,0,0,1,1,403,0,0,0,0,403,403,0,0,0,0,0,0,0
2019-05-09 00:00:00+00:00,2019,5,9,port980,Port Vila,Vanuatu,VUT,0,0,1,0,0,1,1,0,0,832,0,0,832,832,0,0,183,0,0,183,183
2019-05-08 00:00:00+00:00,2019,5,8,port669,Luganville,Vanuatu,VUT,0,0,1,0,0,1,1,0,0,1570,0,0,1570,1570,0,0,0,0,0,0,0
2019-05-08 00:00:00+00:00,2019,5,8,port980,Port Vila,Vanuatu,VUT,0,0,0,0,0,0,0,0,0,0,0,0,0,0,0,0,0,0,0,0,0
2019-05-07 00:00:00+00:00,2019,5,7,port669,Luganville,Vanuatu,VUT,0,0,0,0,0,0,0,0,0,0,0,0,0,0,0,0,0,0,0,0,0
2019-05-07 00:00:00+00:00,2019,5,7,port980,Port Vila,Vanuatu,VUT,0,0,0,0,0,0,0,0,0,0,0,0,0,0,0,0,0,0,0,0,0
2019-05-06 00:00:00+00:00,2019,5,6,port669,Luganville,Vanuatu,VUT,0,0,0,0,0,0,0,0,0,0,0,0,0,0,0,0,0,0,0,0,0
2019-05-06 00:00:00+00:00,2019,5,6,port980,Port Vila,Vanuatu,VUT,0,0,0,0,0,0,0,0,0,0,0,0,0,0,0,0,0,0,0,0,0
2019-05-05 00:00:00+00:00,2019,5,5,port669,Luganville,Vanuatu,VUT,0,0,0,0,0,0,0,0,0,0,0,0,0,0,0,0,0,0,0,0,0
2019-05-05 00:00:00+00:00,2019,5,5,port980,Port Vila,Vanuatu,VUT,1,0,0,0,0,1,1,1032,0,0,0,0,1032,1032,377,0,0,0,0,377,377
2019-05-04 00:00:00+00:00,2019,5,4,port669,Luganville,Vanuatu,VUT,0,0,0,0,0,0,0,0,0,0,0,0,0,0,0,0,0,0,0,0,0
2019-05-04 00:00:00+00:00,2019,5,4,port980,Port Vila,Vanuatu,VUT,0,0,1,0,0,1,1,0,0,832,0,0,832,832,0,0,183,0,0,183,183
2019-05-03 00:00:00+00:00,2019,5,3,port669,Luganville,Vanuatu,VUT,0,0,0,0,0,0,0,0,0,0,0,0,0,0,0,0,0,0,0,0,0
2019-05-03 00:00:00+00:00,2019,5,3,port980,Port Vila,Vanuatu,VUT,0,0,0,0,0,0,0,0,0,0,0,0,0,0,0,0,0,0,0,0,0
2019-05-02 00:00:00+00:00,2019,5,2,port669,Luganville,Vanuatu,VUT,0,0,0,0,0,0,0,0,0,0,0,0,0,0,0,0,0,0,0,0,0
2019-05-02 00:00:00+00:00,2019,5,2,port980,Port Vila,Vanuatu,VUT,0,0,0,0,0,0,0,0,0,0,0,0,0,0,0,0,0,0,0,0,0
2019-05-01 00:00:00+00:00,2019,5,1,port669,Luganville,Vanuatu,VUT,0,0,0,0,0,0,0,0,0,0,0,0,0,0,0,0,0,0,0,0,0
2019-05-01 00:00:00+00:00,2019,5,1,port980,Port Vila,Vanuatu,VUT,0,0,0,0,0,0,0,0,0,0,0,0,0,0,0,0,0,0,0,0,0
2019-04-30 00:00:00+00:00,2019,4,30,port669,Luganville,Vanuatu,VUT,0,0,0,0,0,0,0,0,0,0,0,0,0,0,0,0,0,0,0,0,0
2019-04-30 00:00:00+00:00,2019,4,30,port980,Port Vila,Vanuatu,VUT,0,0,0,0,0,0,0,0,0,0,0,0,0,0,0,0,0,0,0,0,0
2019-04-29 00:00:00+00:00,2019,4,29,port669,Luganville,Vanuatu,VUT,0,0,0,0,0,0,0,0,0,0,0,0,0,0,0,0,0,0,0,0,0
2019-04-29 00:00:00+00:00,2019,4,29,port980,Port Vila,Vanuatu,VUT,0,0,0,0,0,0,0,0,0,0,0,0,0,0,0,0,0,0,0,0,0
2019-04-28 00:00:00+00:00,2019,4,28,port669,Luganville,Vanuatu,VUT,0,0,0,0,0,0,0,0,0,0,0,0,0,0,0,0,0,0,0,0,0
2019-04-28 00:00:00+00:00,2019,4,28,port980,Port Vila,Vanuatu,VUT,0,0,0,0,0,0,0,0,0,0,0,0,0,0,0,0,0,0,0,0,0
2019-04-27 00:00:00+00:00,2019,4,27,port669,Luganville,Vanuatu,VUT,1,0,0,0,0,1,1,828,0,0,0,0,828,828,146,0,0,0,0,146,146
2019-04-27 00:00:00+00:00,2019,4,27,port980,Port Vila,Vanuatu,VUT,0,0,0,0,0,0,0,0,0,0,0,0,0,0,0,0,0,0,0,0,0
2019-04-26 00:00:00+00:00,2019,4,26,port669,Luganville,Vanuatu,VUT,0,0,0,0,0,0,0,0,0,0,0,0,0,0,0,0,0,0,0,0,0
2019-04-26 00:00:00+00:00,2019,4,26,port980,Port Vila,Vanuatu,VUT,0,0,0,0,0,0,0,0,0,0,0,0,0,0,0,0,0,0,0,0,0
2019-04-25 00:00:00+00:00,2019,4,25,port669,Luganville,Vanuatu,VUT,0,0,1,0,0,1,1,0,0,883,0,0,883,883,0,0,314,0,0,314,314
2019-04-25 00:00:00+00:00,2019,4,25,port980,Port Vila,Vanuatu,VUT,1,0,1,0,0,2,2,1762,0,832,0,0,2594,2594,0,0,183,0,0,183,183
2019-04-24 00:00:00+00:00,2019,4,24,port669,Luganville,Vanuatu,VUT,0,0,1,0,0,1,1,0,0,0,0,0,0,0,0,0,276,0,0,276,276
2019-04-24 00:00:00+00:00,2019,4,24,port980,Port Vila,Vanuatu,VUT,0,0,1,0,0,1,1,0,0,832,0,0,832,832,0,0,183,0,0,183,183
2019-04-23 00:00:00+00:00,2019,4,23,port669,Luganville,Vanuatu,VUT,0,0,0,0,0,0,0,0,0,0,0,0,0,0,0,0,0,0,0,0,0
2019-04-23 00:00:00+00:00,2019,4,23,port980,Port Vila,Vanuatu,VUT,0,0,0,0,0,0,0,0,0,0,0,0,0,0,0,0,0,0,0,0,0
2019-04-22 00:00:00+00:00,2019,4,22,port669,Luganville,Vanuatu,VUT,0,0,0,0,0,0,0,0,0,0,0,0,0,0,0,0,0,0,0,0,0
2019-04-22 00:00:00+00:00,2019,4,22,port980,Port Vila,Vanuatu,VUT,0,0,0,0,0,0,0,0,0,0,0,0,0,0,0,0,0,0,0,0,0
2019-04-21 00:00:00+00:00,2019,4,21,port669,Luganville,Vanuatu,VUT,0,0,0,0,0,0,0,0,0,0,0,0,0,0,0,0,0,0,0,0,0
2019-04-21 00:00:00+00:00,2019,4,21,port980,Port Vila,Vanuatu,VUT,1,0,0,0,0,1,1,818,0,0,0,0,818,818,0,0,0,0,0,0,0
2019-04-20 00:00:00+00:00,2019,4,20,port669,Luganville,Vanuatu,VUT,0,0,0,0,0,0,0,0,0,0,0,0,0,0,0,0,0,0,0,0,0
2019-04-20 00:00:00+00:00,2019,4,20,port980,Port Vila,Vanuatu,VUT,0,0,0,0,0,0,0,0,0,0,0,0,0,0,0,0,0,0,0,0,0
2019-04-19 00:00:00+00:00,2019,4,19,port669,Luganville,Vanuatu,VUT,0,0,0,0,0,0,0,0,0,0,0,0,0,0,0,0,0,0,0,0,0
2019-04-19 00:00:00+00:00,2019,4,19,port980,Port Vila,Vanuatu,VUT,0,0,0,0,1,0,1,0,0,0,0,311,0,311,0,0,0,0,175,0,175
2019-04-18 00:00:00+00:00,2019,4,18,port669,Luganville,Vanuatu,VUT,0,0,0,0,0,0,0,0,0,0,0,0,0,0,0,0,0,0,0,0,0
2019-04-18 00:00:00+00:00,2019,4,18,port980,Port Vila,Vanuatu,VUT,0,0,0,0,0,0,0,0,0,0,0,0,0,0,0,0,0,0,0,0,0
2019-04-17 00:00:00+00:00,2019,4,17,port669,Luganville,Vanuatu,VUT,0,0,0,0,0,0,0,0,0,0,0,0,0,0,0,0,0,0,0,0,0
2019-04-17 00:00:00+00:00,2019,4,17,port980,Port Vila,Vanuatu,VUT,1,0,0,0,0,1,1,0,0,0,0,0,0,0,402,0,0,0,0,402,402
2019-04-16 00:00:00+00:00,2019,4,16,port669,Luganville,Vanuatu,VUT,0,0,0,0,0,0,0,0,0,0,0,0,0,0,0,0,0,0,0,0,0
2019-04-16 00:00:00+00:00,2019,4,16,port980,Port Vila,Vanuatu,VUT,0,0,0,0,0,0,0,0,0,0,0,0,0,0,0,0,0,0,0,0,0
2019-04-15 00:00:00+00:00,2019,4,15,port669,Luganville,Vanuatu,VUT,0,0,0,0,0,0,0,0,0,0,0,0,0,0,0,0,0,0,0,0,0
2019-04-15 00:00:00+00:00,2019,4,15,port980,Port Vila,Vanuatu,VUT,0,0,1,0,0,1,1,0,0,832,0,0,832,832,0,0,183,0,0,183,183
2019-04-14 00:00:00+00:00,2019,4,14,port669,Luganville,Vanuatu,VUT,0,0,0,0,0,0,0,0,0,0,0,0,0,0,0,0,0,0,0,0,0
2019-04-14 00:00:00+00:00,2019,4,14,port980,Port Vila,Vanuatu,VUT,0,0,0,0,0,0,0,0,0,0,0,0,0,0,0,0,0,0,0,0,0
2019-04-13 00:00:00+00:00,2019,4,13,port669,Luganville,Vanuatu,VUT,0,0,0,0,0,0,0,0,0,0,0,0,0,0,0,0,0,0,0,0,0
2019-04-13 00:00:00+00:00,2019,4,13,port980,Port Vila,Vanuatu,VUT,0,0,0,0,0,0,0,0,0,0,0,0,0,0,0,0,0,0,0,0,0
2019-04-12 00:00:00+00:00,2019,4,12,port669,Luganville,Vanuatu,VUT,0,0,0,0,0,0,0,0,0,0,0,0,0,0,0,0,0,0,0,0,0
2019-04-12 00:00:00+00:00,2019,4,12,port980,Port Vila,Vanuatu,VUT,0,0,1,0,0,1,1,0,0,832,0,0,832,832,0,0,183,0,0,183,183
2019-04-11 00:00:00+00:00,2019,4,11,port669,Luganville,Vanuatu,VUT,0,0,0,0,0,0,0,0,0,0,0,0,0,0,0,0,0,0,0,0,0
2019-04-11 00:00:00+00:00,2019,4,11,port980,Port Vila,Vanuatu,VUT,0,0,0,0,0,0,0,0,0,0,0,0,0,0,0,0,0,0,0,0,0
2019-04-10 00:00:00+00:00,2019,4,10,port669,Luganville,Vanuatu,VUT,0,0,1,0,0,1,1,0,0,0,0,0,0,0,0,0,632,0,0,632,632
2019-04-10 00:00:00+00:00,2019,4,10,port980,Port Vila,Vanuatu,VUT,0,0,0,0,0,0,0,0,0,0,0,0,0,0,0,0,0,0,0,0,0
2019-04-09 00:00:00+00:00,2019,4,9,port669,Luganville,Vanuatu,VUT,0,0,0,0,0,0,0,0,0,0,0,0,0,0,0,0,0,0,0,0,0
2019-04-09 00:00:00+00:00,2019,4,9,port980,Port Vila,Vanuatu,VUT,1,0,0,0,0,1,1,551,0,0,0,0,551,551,0,0,0,0,0,0,0
2019-04-08 00:00:00+00:00,2019,4,8,port669,Luganville,Vanuatu,VUT,0,0,0,0,0,0,0,0,0,0,0,0,0,0,0,0,0,0,0,0,0
2019-04-08 00:00:00+00:00,2019,4,8,port980,Port Vila,Vanuatu,VUT,0,0,0,0,0,0,0,0,0,0,0,0,0,0,0,0,0,0,0,0,0
2019-04-07 00:00:00+00:00,2019,4,7,port669,Luganville,Vanuatu,VUT,0,0,0,0,0,0,0,0,0,0,0,0,0,0,0,0,0,0,0,0,0
2019-04-07 00:00:00+00:00,2019,4,7,port980,Port Vila,Vanuatu,VUT,0,0,0,0,0,0,0,0,0,0,0,0,0,0,0,0,0,0,0,0,0
2019-04-06 00:00:00+00:00,2019,4,6,port669,Luganville,Vanuatu,VUT,0,0,0,0,0,0,0,0,0,0,0,0,0,0,0,0,0,0,0,0,0
2019-04-06 00:00:00+00:00,2019,4,6,port980,Port Vila,Vanuatu,VUT,0,0,0,0,0,0,0,0,0,0,0,0,0,0,0,0,0,0,0,0,0
2019-04-05 00:00:00+00:00,2019,4,5,port669,Luganville,Vanuatu,VUT,0,0,0,0,0,0,0,0,0,0,0,0,0,0,0,0,0,0,0,0,0
2019-04-05 00:00:00+00:00,2019,4,5,port980,Port Vila,Vanuatu,VUT,0,0,0,0,0,0,0,0,0,0,0,0,0,0,0,0,0,0,0,0,0
2019-04-04 00:00:00+00:00,2019,4,4,port669,Luganville,Vanuatu,VUT,0,0,0,0,0,0,0,0,0,0,0,0,0,0,0,0,0,0,0,0,0
2019-04-04 00:00:00+00:00,2019,4,4,port980,Port Vila,Vanuatu,VUT,0,0,0,0,0,0,0,0,0,0,0,0,0,0,0,0,0,0,0,0,0
2019-04-03 00:00:00+00:00,2019,4,3,port669,Luganville,Vanuatu,VUT,1,0,0,0,0,1,1,5144,0,0,0,0,5144,5144,0,0,0,0,0,0,0
2019-04-03 00:00:00+00:00,2019,4,3,port980,Port Vila,Vanuatu,VUT,0,0,0,0,0,0,0,0,0,0,0,0,0,0,0,0,0,0,0,0,0
2019-04-02 00:00:00+00:00,2019,4,2,port669,Luganville,Vanuatu,VUT,0,0,0,0,0,0,0,0,0,0,0,0,0,0,0,0,0,0,0,0,0
2019-04-02 00:00:00+00:00,2019,4,2,port980,Port Vila,Vanuatu,VUT,1,0,1,0,0,2,2,1240,0,832,0,0,2073,2073,125,0,183,0,0,308,308
2019-04-01 00:00:00+00:00,2019,4,1,port669,Luganville,Vanuatu,VUT,1,0,0,0,0,1,1,1021,0,0,0,0,1021,1021,243,0,0,0,0,243,243
2019-04-01 00:00:00+00:00,2019,4,1,port980,Port Vila,Vanuatu,VUT,0,0,0,0,0,0,0,0,0,0,0,0,0,0,0,0,0,0,0,0,0
2019-03-31 00:00:00+00:00,2019,3,31,port669,Luganville,Vanuatu,VUT,0,0,0,0,0,0,0,0,0,0,0,0,0,0,0,0,0,0,0,0,0
2019-03-31 00:00:00+00:00,2019,3,31,port980,Port Vila,Vanuatu,VUT,0,0,0,0,0,0,0,0,0,0,0,0,0,0,0,0,0,0,0,0,0
2019-03-30 00:00:00+00:00,2019,3,30,port669,Luganville,Vanuatu,VUT,0,0,0,0,0,0,0,0,0,0,0,0,0,0,0,0,0,0,0,0,0
2019-03-30 00:00:00+00:00,2019,3,30,port980,Port Vila,Vanuatu,VUT,0,0,0,0,0,0,0,0,0,0,0,0,0,0,0,0,0,0,0,0,0
2019-03-29 00:00:00+00:00,2019,3,29,port669,Luganville,Vanuatu,VUT,0,0,0,0,0,0,0,0,0,0,0,0,0,0,0,0,0,0,0,0,0
2019-03-29 00:00:00+00:00,2019,3,29,port980,Port Vila,Vanuatu,VUT,0,0,0,0,1,0,1,0,0,0,0,34531,0,34531,0,0,0,0,0,0,0
2019-03-28 00:00:00+00:00,2019,3,28,port669,Luganville,Vanuatu,VUT,0,0,0,0,0,0,0,0,0,0,0,0,0,0,0,0,0,0,0,0,0
2019-03-28 00:00:00+00:00,2019,3,28,port980,Port Vila,Vanuatu,VUT,1,0,0,0,0,1,1,953,0,0,0,0,953,953,0,0,0,0,0,0,0
2019-03-27 00:00:00+00:00,2019,3,27,port669,Luganville,Vanuatu,VUT,0,0,0,0,0,0,0,0,0,0,0,0,0,0,0,0,0,0,0,0,0
2019-03-27 00:00:00+00:00,2019,3,27,port980,Port Vila,Vanuatu,VUT,0,0,1,0,0,1,1,0,0,832,0,0,832,832,0,0,183,0,0,183,183
2019-03-26 00:00:00+00:00,2019,3,26,port669,Luganville,Vanuatu,VUT,0,0,0,0,0,0,0,0,0,0,0,0,0,0,0,0,0,0,0,0,0
2019-03-26 00:00:00+00:00,2019,3,26,port980,Port Vila,Vanuatu,VUT,0,0,0,0,0,0,0,0,0,0,0,0,0,0,0,0,0,0,0,0,0
2019-03-25 00:00:00+00:00,2019,3,25,port669,Luganville,Vanuatu,VUT,0,0,0,0,0,0,0,0,0,0,0,0,0,0,0,0,0,0,0,0,0
2019-03-25 00:00:00+00:00,2019,3,25,port980,Port Vila,Vanuatu,VUT,0,0,0,0,0,0,0,0,0,0,0,0,0,0,0,0,0,0,0,0,0
2019-03-24 00:00:00+00:00,2019,3,24,port669,Luganville,Vanuatu,VUT,0,0,0,0,0,0,0,0,0,0,0,0,0,0,0,0,0,0,0,0,0
2019-03-24 00:00:00+00:00,2019,3,24,port980,Port Vila,Vanuatu,VUT,0,0,0,0,0,0,0,0,0,0,0,0,0,0,0,0,0,0,0,0,0
2019-03-23 00:00:00+00:00,2019,3,23,port669,Luganville,Vanuatu,VUT,0,0,0,0,0,0,0,0,0,0,0,0,0,0,0,0,0,0,0,0,0
2019-03-23 00:00:00+00:00,2019,3,23,port980,Port Vila,Vanuatu,VUT,0,0,0,0,0,0,0,0,0,0,0,0,0,0,0,0,0,0,0,0,0
2019-03-22 00:00:00+00:00,2019,3,22,port669,Luganville,Vanuatu,VUT,0,0,0,0,0,0,0,0,0,0,0,0,0,0,0,0,0,0,0,0,0
2019-03-22 00:00:00+00:00,2019,3,22,port980,Port Vila,Vanuatu,VUT,0,0,0,0,1,0,1,0,0,0,0,311,0,311,0,0,0,0,175,0,175
2019-03-21 00:00:00+00:00,2019,3,21,port669,Luganville,Vanuatu,VUT,0,0,0,0,0,0,0,0,0,0,0,0,0,0,0,0,0,0,0,0,0
2019-03-21 00:00:00+00:00,2019,3,21,port980,Port Vila,Vanuatu,VUT,0,0,0,0,0,0,0,0,0,0,0,0,0,0,0,0,0,0,0,0,0
2019-03-20 00:00:00+00:00,2019,3,20,port669,Luganville,Vanuatu,VUT,1,0,0,0,0,1,1,388,0,0,0,0,388,388,0,0,0,0,0,0,0
2019-03-20 00:00:00+00:00,2019,3,20,port980,Port Vila,Vanuatu,VUT,0,0,0,0,0,0,0,0,0,0,0,0,0,0,0,0,0,0,0,0,0
2019-03-19 00:00:00+00:00,2019,3,19,port669,Luganville,Vanuatu,VUT,0,0,0,0,0,0,0,0,0,0,0,0,0,0,0,0,0,0,0,0,0
2019-03-19 00:00:00+00:00,2019,3,19,port980,Port Vila,Vanuatu,VUT,1,0,0,0,0,1,1,1240,0,0,0,0,1240,1240,125,0,0,0,0,125,125
2019-03-18 00:00:00+00:00,2019,3,18,port669,Luganville,Vanuatu,VUT,0,0,0,0,0,0,0,0,0,0,0,0,0,0,0,0,0,0,0,0,0
2019-03-18 00:00:00+00:00,2019,3,18,port980,Port Vila,Vanuatu,VUT,0,0,0,0,0,0,0,0,0,0,0,0,0,0,0,0,0,0,0,0,0
2019-03-17 00:00:00+00:00,2019,3,17,port669,Luganville,Vanuatu,VUT,0,0,0,0,0,0,0,0,0,0,0,0,0,0,0,0,0,0,0,0,0
2019-03-17 00:00:00+00:00,2019,3,17,port980,Port Vila,Vanuatu,VUT,0,0,0,0,0,0,0,0,0,0,0,0,0,0,0,0,0,0,0,0,0
2019-03-16 00:00:00+00:00,2019,3,16,port669,Luganville,Vanuatu,VUT,0,0,0,0,0,0,0,0,0,0,0,0,0,0,0,0,0,0,0,0,0
2019-03-16 00:00:00+00:00,2019,3,16,port980,Port Vila,Vanuatu,VUT,0,0,0,0,0,0,0,0,0,0,0,0,0,0,0,0,0,0,0,0,0
2019-03-15 00:00:00+00:00,2019,3,15,port669,Luganville,Vanuatu,VUT,0,0,0,0,0,0,0,0,0,0,0,0,0,0,0,0,0,0,0,0,0
2019-03-15 00:00:00+00:00,2019,3,15,port980,Port Vila,Vanuatu,VUT,0,0,0,0,0,0,0,0,0,0,0,0,0,0,0,0,0,0,0,0,0
2019-03-14 00:00:00+00:00,2019,3,14,port669,Luganville,Vanuatu,VUT,0,0,0,0,0,0,0,0,0,0,0,0,0,0,0,0,0,0,0,0,0
2019-03-14 00:00:00+00:00,2019,3,14,port980,Port Vila,Vanuatu,VUT,0,0,0,0,0,0,0,0,0,0,0,0,0,0,0,0,0,0,0,0,0
2019-03-13 00:00:00+00:00,2019,3,13,port669,Luganville,Vanuatu,VUT,0,0,0,0,0,0,0,0,0,0,0,0,0,0,0,0,0,0,0,0,0
2019-03-13 00:00:00+00:00,2019,3,13,port980,Port Vila,Vanuatu,VUT,1,0,0,0,0,1,1,0,0,0,0,0,0,0,388,0,0,0,0,388,388
2019-03-12 00:00:00+00:00,2019,3,12,port669,Luganville,Vanuatu,VUT,0,0,0,0,0,0,0,0,0,0,0,0,0,0,0,0,0,0,0,0,0
2019-03-12 00:00:00+00:00,2019,3,12,port980,Port Vila,Vanuatu,VUT,0,0,0,0,0,0,0,0,0,0,0,0,0,0,0,0,0,0,0,0,0
2019-03-11 00:00:00+00:00,2019,3,11,port669,Luganville,Vanuatu,VUT,0,0,0,0,0,0,0,0,0,0,0,0,0,0,0,0,0,0,0,0,0
2019-03-11 00:00:00+00:00,2019,3,11,port980,Port Vila,Vanuatu,VUT,0,0,0,0,0,0,0,0,0,0,0,0,0,0,0,0,0,0,0,0,0
2019-03-10 00:00:00+00:00,2019,3,10,port669,Luganville,Vanuatu,VUT,0,0,0,0,0,0,0,0,0,0,0,0,0,0,0,0,0,0,0,0,0
2019-03-10 00:00:00+00:00,2019,3,10,port980,Port Vila,Vanuatu,VUT,0,0,0,0,0,0,0,0,0,0,0,0,0,0,0,0,0,0,0,0,0
2019-03-09 00:00:00+00:00,2019,3,9,port669,Luganville,Vanuatu,VUT,0,0,0,0,0,0,0,0,0,0,0,0,0,0,0,0,0,0,0,0,0
2019-03-09 00:00:00+00:00,2019,3,9,port980,Port Vila,Vanuatu,VUT,0,0,0,0,0,0,0,0,0,0,0,0,0,0,0,0,0,0,0,0,0
2019-03-08 00:00:00+00:00,2019,3,8,port669,Luganville,Vanuatu,VUT,1,0,0,0,0,1,1,0,0,0,0,0,0,0,0,0,0,0,0,0,0
2019-03-08 00:00:00+00:00,2019,3,8,port980,Port Vila,Vanuatu,VUT,0,0,0,0,0,0,0,0,0,0,0,0,0,0,0,0,0,0,0,0,0
2019-03-07 00:00:00+00:00,2019,3,7,port669,Luganville,Vanuatu,VUT,0,0,1,0,0,1,1,0,0,2207,0,0,2207,2207,0,0,0,0,0,0,0
2019-03-07 00:00:00+00:00,2019,3,7,port980,Port Vila,Vanuatu,VUT,1,0,1,0,0,2,2,1240,0,2207,0,0,3447,3447,125,0,0,0,0,125,125
2019-03-06 00:00:00+00:00,2019,3,6,port669,Luganville,Vanuatu,VUT,0,0,0,0,0,0,0,0,0,0,0,0,0,0,0,0,0,0,0,0,0
2019-03-06 00:00:00+00:00,2019,3,6,port980,Port Vila,Vanuatu,VUT,0,0,0,0,0,0,0,0,0,0,0,0,0,0,0,0,0,0,0,0,0
2019-03-05 00:00:00+00:00,2019,3,5,port669,Luganville,Vanuatu,VUT,0,0,0,0,0,0,0,0,0,0,0,0,0,0,0,0,0,0,0,0,0
2019-03-05 00:00:00+00:00,2019,3,5,port980,Port Vila,Vanuatu,VUT,1,0,0,0,0,1,1,2796,0,0,0,0,2796,2796,0,0,0,0,0,0,0
2019-03-04 00:00:00+00:00,2019,3,4,port669,Luganville,Vanuatu,VUT,0,0,0,0,0,0,0,0,0,0,0,0,0,0,0,0,0,0,0,0,0
2019-03-04 00:00:00+00:00,2019,3,4,port980,Port Vila,Vanuatu,VUT,0,0,0,0,0,0,0,0,0,0,0,0,0,0,0,0,0,0,0,0,0
2019-03-03 00:00:00+00:00,2019,3,3,port669,Luganville,Vanuatu,VUT,1,0,0,0,0,1,1,0,0,0,0,0,0,0,4636,0,0,0,0,4636,4636
2019-03-03 00:00:00+00:00,2019,3,3,port980,Port Vila,Vanuatu,VUT,0,0,0,0,0,0,0,0,0,0,0,0,0,0,0,0,0,0,0,0,0
2019-03-02 00:00:00+00:00,2019,3,2,port669,Luganville,Vanuatu,VUT,0,0,0,0,0,0,0,0,0,0,0,0,0,0,0,0,0,0,0,0,0
2019-03-02 00:00:00+00:00,2019,3,2,port980,Port Vila,Vanuatu,VUT,0,0,0,0,0,0,0,0,0,0,0,0,0,0,0,0,0,0,0,0,0
2019-03-01 00:00:00+00:00,2019,3,1,port669,Luganville,Vanuatu,VUT,0,0,0,0,0,0,0,0,0,0,0,0,0,0,0,0,0,0,0,0,0
2019-03-01 00:00:00+00:00,2019,3,1,port980,Port Vila,Vanuatu,VUT,1,0,0,0,0,1,1,0,0,0,0,0,0,0,3139,0,0,0,0,3139,3139
2019-02-28 00:00:00+00:00,2019,2,28,port669,Luganville,Vanuatu,VUT,0,0,0,0,0,0,0,0,0,0,0,0,0,0,0,0,0,0,0,0,0
2019-02-28 00:00:00+00:00,2019,2,28,port980,Port Vila,Vanuatu,VUT,0,0,0,0,0,0,0,0,0,0,0,0,0,0,0,0,0,0,0,0,0
2019-02-27 00:00:00+00:00,2019,2,27,port669,Luganville,Vanuatu,VUT,0,0,0,0,0,0,0,0,0,0,0,0,0,0,0,0,0,0,0,0,0
2019-02-27 00:00:00+00:00,2019,2,27,port980,Port Vila,Vanuatu,VUT,0,0,1,0,0,1,1,0,0,832,0,0,832,832,0,0,183,0,0,183,183
2019-02-26 00:00:00+00:00,2019,2,26,port669,Luganville,Vanuatu,VUT,0,0,0,0,0,0,0,0,0,0,0,0,0,0,0,0,0,0,0,0,0
2019-02-26 00:00:00+00:00,2019,2,26,port980,Port Vila,Vanuatu,VUT,0,0,0,0,0,0,0,0,0,0,0,0,0,0,0,0,0,0,0,0,0
2019-02-25 00:00:00+00:00,2019,2,25,port669,Luganville,Vanuatu,VUT,0,0,0,0,0,0,0,0,0,0,0,0,0,0,0,0,0,0,0,0,0
2019-02-25 00:00:00+00:00,2019,2,25,port980,Port Vila,Vanuatu,VUT,0,0,0,0,0,0,0,0,0,0,0,0,0,0,0,0,0,0,0,0,0
2019-02-24 00:00:00+00:00,2019,2,24,port669,Luganville,Vanuatu,VUT,0,0,0,0,0,0,0,0,0,0,0,0,0,0,0,0,0,0,0,0,0
2019-02-24 00:00:00+00:00,2019,2,24,port980,Port Vila,Vanuatu,VUT,0,0,0,0,0,0,0,0,0,0,0,0,0,0,0,0,0,0,0,0,0
2019-02-23 00:00:00+00:00,2019,2,23,port669,Luganville,Vanuatu,VUT,0,0,0,0,0,0,0,0,0,0,0,0,0,0,0,0,0,0,0,0,0
2019-02-23 00:00:00+00:00,2019,2,23,port980,Port Vila,Vanuatu,VUT,0,0,0,0,0,0,0,0,0,0,0,0,0,0,0,0,0,0,0,0,0
2019-02-22 00:00:00+00:00,2019,2,22,port669,Luganville,Vanuatu,VUT,0,0,0,0,0,0,0,0,0,0,0,0,0,0,0,0,0,0,0,0,0
2019-02-22 00:00:00+00:00,2019,2,22,port980,Port Vila,Vanuatu,VUT,0,0,0,0,0,0,0,0,0,0,0,0,0,0,0,0,0,0,0,0,0
2019-02-21 00:00:00+00:00,2019,2,21,port669,Luganville,Vanuatu,VUT,0,0,0,0,0,0,0,0,0,0,0,0,0,0,0,0,0,0,0,0,0
2019-02-21 00:00:00+00:00,2019,2,21,port980,Port Vila,Vanuatu,VUT,0,0,0,0,0,0,0,0,0,0,0,0,0,0,0,0,0,0,0,0,0
2019-02-20 00:00:00+00:00,2019,2,20,port669,Luganville,Vanuatu,VUT,0,0,0,0,0,0,0,0,0,0,0,0,0,0,0,0,0,0,0,0,0
2019-02-20 00:00:00+00:00,2019,2,20,port980,Port Vila,Vanuatu,VUT,0,0,0,0,1,0,1,0,0,0,0,311,0,311,0,0,0,0,175,0,175
2019-02-19 00:00:00+00:00,2019,2,19,port669,Luganville,Vanuatu,VUT,0,0,0,0,0,0,0,0,0,0,0,0,0,0,0,0,0,0,0,0,0
2019-02-19 00:00:00+00:00,2019,2,19,port980,Port Vila,Vanuatu,VUT,1,0,1,0,0,2,2,1032,0,832,0,0,1864,1864,377,0,183,0,0,560,560
2019-02-18 00:00:00+00:00,2019,2,18,port669,Luganville,Vanuatu,VUT,0,0,1,0,0,1,1,0,0,0,0,0,0,0,0,0,666,0,0,666,666
2019-02-18 00:00:00+00:00,2019,2,18,port980,Port Vila,Vanuatu,VUT,0,0,0,0,0,0,0,0,0,0,0,0,0,0,0,0,0,0,0,0,0
2019-02-17 00:00:00+00:00,2019,2,17,port669,Luganville,Vanuatu,VUT,0,0,0,0,0,0,0,0,0,0,0,0,0,0,0,0,0,0,0,0,0
2019-02-17 00:00:00+00:00,2019,2,17,port980,Port Vila,Vanuatu,VUT,0,0,0,0,0,0,0,0,0,0,0,0,0,0,0,0,0,0,0,0,0
2019-02-16 00:00:00+00:00,2019,2,16,port669,Luganville,Vanuatu,VUT,0,0,0,0,0,0,0,0,0,0,0,0,0,0,0,0,0,0,0,0,0
2019-02-16 00:00:00+00:00,2019,2,16,port980,Port Vila,Vanuatu,VUT,0,0,0,0,0,0,0,0,0,0,0,0,0,0,0,0,0,0,0,0,0
2019-02-15 00:00:00+00:00,2019,2,15,port669,Luganville,Vanuatu,VUT,0,0,0,0,0,0,0,0,0,0,0,0,0,0,0,0,0,0,0,0,0
2019-02-15 00:00:00+00:00,2019,2,15,port980,Port Vila,Vanuatu,VUT,0,0,0,0,0,0,0,0,0,0,0,0,0,0,0,0,0,0,0,0,0
2019-02-14 00:00:00+00:00,2019,2,14,port669,Luganville,Vanuatu,VUT,0,0,0,0,0,0,0,0,0,0,0,0,0,0,0,0,0,0,0,0,0
2019-02-14 00:00:00+00:00,2019,2,14,port980,Port Vila,Vanuatu,VUT,0,0,0,0,0,0,0,0,0,0,0,0,0,0,0,0,0,0,0,0,0
2019-02-13 00:00:00+00:00,2019,2,13,port669,Luganville,Vanuatu,VUT,0,0,0,0,0,0,0,0,0,0,0,0,0,0,0,0,0,0,0,0,0
2019-02-13 00:00:00+00:00,2019,2,13,port980,Port Vila,Vanuatu,VUT,1,0,0,0,0,1,1,2191,0,0,0,0,2191,2191,0,0,0,0,0,0,0
2019-02-12 00:00:00+00:00,2019,2,12,port669,Luganville,Vanuatu,VUT,0,0,0,0,0,0,0,0,0,0,0,0,0,0,0,0,0,0,0,0,0
2019-02-12 00:00:00+00:00,2019,2,12,port980,Port Vila,Vanuatu,VUT,0,0,0,0,0,0,0,0,0,0,0,0,0,0,0,0,0,0,0,0,0
2019-02-11 00:00:00+00:00,2019,2,11,port669,Luganville,Vanuatu,VUT,0,0,0,0,0,0,0,0,0,0,0,0,0,0,0,0,0,0,0,0,0
2019-02-11 00:00:00+00:00,2019,2,11,port980,Port Vila,Vanuatu,VUT,0,0,0,0,0,0,0,0,0,0,0,0,0,0,0,0,0,0,0,0,0
2019-02-10 00:00:00+00:00,2019,2,10,port669,Luganville,Vanuatu,VUT,0,0,0,0,0,0,0,0,0,0,0,0,0,0,0,0,0,0,0,0,0
2019-02-10 00:00:00+00:00,2019,2,10,port980,Port Vila,Vanuatu,VUT,1,0,0,0,0,1,1,2796,0,0,0,0,2796,2796,0,0,0,0,0,0,0
2019-02-09 00:00:00+00:00,2019,2,9,port669,Luganville,Vanuatu,VUT,0,0,0,0,0,0,0,0,0,0,0,0,0,0,0,0,0,0,0,0,0
2019-02-09 00:00:00+00:00,2019,2,9,port980,Port Vila,Vanuatu,VUT,0,0,0,0,0,0,0,0,0,0,0,0,0,0,0,0,0,0,0,0,0
2019-02-08 00:00:00+00:00,2019,2,8,port669,Luganville,Vanuatu,VUT,0,0,0,0,0,0,0,0,0,0,0,0,0,0,0,0,0,0,0,0,0
2019-02-08 00:00:00+00:00,2019,2,8,port980,Port Vila,Vanuatu,VUT,0,0,1,0,0,1,1,0,0,0,0,0,0,0,0,0,631,0,0,631,631
2019-02-07 00:00:00+00:00,2019,2,7,port669,Luganville,Vanuatu,VUT,1,0,0,0,0,1,1,0,0,0,0,0,0,0,259,0,0,0,0,259,259
2019-02-07 00:00:00+00:00,2019,2,7,port980,Port Vila,Vanuatu,VUT,0,0,0,0,0,0,0,0,0,0,0,0,0,0,0,0,0,0,0,0,0
2019-02-06 00:00:00+00:00,2019,2,6,port669,Luganville,Vanuatu,VUT,0,0,1,0,0,1,1,0,0,947,0,0,947,947,0,0,0,0,0,0,0
2019-02-06 00:00:00+00:00,2019,2,6,port980,Port Vila,Vanuatu,VUT,0,0,0,0,0,0,0,0,0,0,0,0,0,0,0,0,0,0,0,0,0
2019-02-05 00:00:00+00:00,2019,2,5,port669,Luganville,Vanuatu,VUT,0,0,0,0,0,0,0,0,0,0,0,0,0,0,0,0,0,0,0,0,0
2019-02-05 00:00:00+00:00,2019,2,5,port980,Port Vila,Vanuatu,VUT,0,0,0,0,0,0,0,0,0,0,0,0,0,0,0,0,0,0,0,0,0
2019-02-04 00:00:00+00:00,2019,2,4,port669,Luganville,Vanuatu,VUT,0,0,0,0,0,0,0,0,0,0,0,0,0,0,0,0,0,0,0,0,0
2019-02-04 00:00:00+00:00,2019,2,4,port980,Port Vila,Vanuatu,VUT,0,0,0,0,0,0,0,0,0,0,0,0,0,0,0,0,0,0,0,0,0
2019-02-03 00:00:00+00:00,2019,2,3,port669,Luganville,Vanuatu,VUT,0,0,0,0,0,0,0,0,0,0,0,0,0,0,0,0,0,0,0,0,0
2019-02-03 00:00:00+00:00,2019,2,3,port980,Port Vila,Vanuatu,VUT,0,0,1,0,1,1,2,0,0,832,0,2605,832,3438,0,0,183,0,0,183,183
2019-02-02 00:00:00+00:00,2019,2,2,port669,Luganville,Vanuatu,VUT,0,0,0,0,1,0,1,0,0,0,0,1570,0,1570,0,0,0,0,0,0,0
2019-02-02 00:00:00+00:00,2019,2,2,port980,Port Vila,Vanuatu,VUT,0,0,0,0,0,0,0,0,0,0,0,0,0,0,0,0,0,0,0,0,0
2019-02-01 00:00:00+00:00,2019,2,1,port669,Luganville,Vanuatu,VUT,0,0,0,0,0,0,0,0,0,0,0,0,0,0,0,0,0,0,0,0,0
2019-02-01 00:00:00+00:00,2019,2,1,port980,Port Vila,Vanuatu,VUT,1,0,0,0,0,1,1,1913,0,0,0,0,1913,1913,0,0,0,0,0,0,0
2019-01-31 00:00:00+00:00,2019,1,31,port669,Luganville,Vanuatu,VUT,0,0,0,0,0,0,0,0,0,0,0,0,0,0,0,0,0,0,0,0,0
2019-01-31 00:00:00+00:00,2019,1,31,port980,Port Vila,Vanuatu,VUT,0,0,0,0,0,0,0,0,0,0,0,0,0,0,0,0,0,0,0,0,0
2019-01-30 00:00:00+00:00,2019,1,30,port669,Luganville,Vanuatu,VUT,0,0,0,0,0,0,0,0,0,0,0,0,0,0,0,0,0,0,0,0,0
2019-01-30 00:00:00+00:00,2019,1,30,port980,Port Vila,Vanuatu,VUT,0,0,1,0,0,1,1,0,0,832,0,0,832,832,0,0,183,0,0,183,183
2019-01-29 00:00:00+00:00,2019,1,29,port669,Luganville,Vanuatu,VUT,0,0,0,0,0,0,0,0,0,0,0,0,0,0,0,0,0,0,0,0,0
2019-01-29 00:00:00+00:00,2019,1,29,port980,Port Vila,Vanuatu,VUT,0,0,0,0,0,0,0,0,0,0,0,0,0,0,0,0,0,0,0,0,0
2019-01-28 00:00:00+00:00,2019,1,28,port669,Luganville,Vanuatu,VUT,0,0,0,0,0,0,0,0,0,0,0,0,0,0,0,0,0,0,0,0,0
2019-01-28 00:00:00+00:00,2019,1,28,port980,Port Vila,Vanuatu,VUT,0,0,0,0,0,0,0,0,0,0,0,0,0,0,0,0,0,0,0,0,0
2019-01-27 00:00:00+00:00,2019,1,27,port669,Luganville,Vanuatu,VUT,0,0,0,0,0,0,0,0,0,0,0,0,0,0,0,0,0,0,0,0,0
2019-01-27 00:00:00+00:00,2019,1,27,port980,Port Vila,Vanuatu,VUT,0,0,1,0,0,1,1,0,0,832,0,0,832,832,0,0,183,0,0,183,183
2019-01-26 00:00:00+00:00,2019,1,26,port669,Luganville,Vanuatu,VUT,0,0,0,0,0,0,0,0,0,0,0,0,0,0,0,0,0,0,0,0,0
2019-01-26 00:00:00+00:00,2019,1,26,port980,Port Vila,Vanuatu,VUT,0,0,0,0,0,0,0,0,0,0,0,0,0,0,0,0,0,0,0,0,0
2019-01-25 00:00:00+00:00,2019,1,25,port669,Luganville,Vanuatu,VUT,0,0,0,0,0,0,0,0,0,0,0,0,0,0,0,0,0,0,0,0,0
2019-01-25 00:00:00+00:00,2019,1,25,port980,Port Vila,Vanuatu,VUT,1,0,0,0,0,1,1,1240,0,0,0,0,1240,1240,125,0,0,0,0,125,125
2019-01-24 00:00:00+00:00,2019,1,24,port669,Luganville,Vanuatu,VUT,0,0,0,0,0,0,0,0,0,0,0,0,0,0,0,0,0,0,0,0,0
2019-01-24 00:00:00+00:00,2019,1,24,port980,Port Vila,Vanuatu,VUT,0,0,0,0,0,0,0,0,0,0,0,0,0,0,0,0,0,0,0,0,0
2019-01-23 00:00:00+00:00,2019,1,23,port669,Luganville,Vanuatu,VUT,0,0,0,0,0,0,0,0,0,0,0,0,0,0,0,0,0,0,0,0,0
2019-01-23 00:00:00+00:00,2019,1,23,port980,Port Vila,Vanuatu,VUT,0,0,0,0,0,0,0,0,0,0,0,0,0,0,0,0,0,0,0,0,0
2019-01-22 00:00:00+00:00,2019,1,22,port669,Luganville,Vanuatu,VUT,0,0,0,0,0,0,0,0,0,0,0,0,0,0,0,0,0,0,0,0,0
2019-01-22 00:00:00+00:00,2019,1,22,port980,Port Vila,Vanuatu,VUT,0,0,1,0,0,1,1,0,0,832,0,0,832,832,0,0,183,0,0,183,183
2019-01-21 00:00:00+00:00,2019,1,21,port669,Luganville,Vanuatu,VUT,0,0,0,0,0,0,0,0,0,0,0,0,0,0,0,0,0,0,0,0,0
2019-01-21 00:00:00+00:00,2019,1,21,port980,Port Vila,Vanuatu,VUT,0,0,0,0,1,0,1,0,0,0,0,311,0,311,0,0,0,0,175,0,175
2019-01-20 00:00:00+00:00,2019,1,20,port669,Luganville,Vanuatu,VUT,1,0,0,0,0,1,1,390,0,0,0,0,390,390,0,0,0,0,0,0,0
2019-01-20 00:00:00+00:00,2019,1,20,port980,Port Vila,Vanuatu,VUT,1,0,0,0,0,1,1,0,0,0,0,0,0,0,314,0,0,0,0,314,314
2019-01-19 00:00:00+00:00,2019,1,19,port669,Luganville,Vanuatu,VUT,0,0,0,0,0,0,0,0,0,0,0,0,0,0,0,0,0,0,0,0,0
2019-01-19 00:00:00+00:00,2019,1,19,port980,Port Vila,Vanuatu,VUT,0,0,0,0,0,0,0,0,0,0,0,0,0,0,0,0,0,0,0,0,0
2019-01-18 00:00:00+00:00,2019,1,18,port669,Luganville,Vanuatu,VUT,0,0,0,0,0,0,0,0,0,0,0,0,0,0,0,0,0,0,0,0,0
2019-01-18 00:00:00+00:00,2019,1,18,port980,Port Vila,Vanuatu,VUT,0,0,0,0,0,0,0,0,0,0,0,0,0,0,0,0,0,0,0,0,0
2019-01-17 00:00:00+00:00,2019,1,17,port669,Luganville,Vanuatu,VUT,0,0,0,0,0,0,0,0,0,0,0,0,0,0,0,0,0,0,0,0,0
2019-01-17 00:00:00+00:00,2019,1,17,port980,Port Vila,Vanuatu,VUT,0,0,0,0,0,0,0,0,0,0,0,0,0,0,0,0,0,0,0,0,0
2019-01-16 00:00:00+00:00,2019,1,16,port669,Luganville,Vanuatu,VUT,0,0,0,0,0,0,0,0,0,0,0,0,0,0,0,0,0,0,0,0,0
2019-01-16 00:00:00+00:00,2019,1,16,port980,Port Vila,Vanuatu,VUT,0,0,0,0,0,0,0,0,0,0,0,0,0,0,0,0,0,0,0,0,0
2019-01-15 00:00:00+00:00,2019,1,15,port669,Luganville,Vanuatu,VUT,1,0,0,0,0,1,1,0,0,0,0,0,0,0,0,0,0,0,0,0,0
2019-01-15 00:00:00+00:00,2019,1,15,port980,Port Vila,Vanuatu,VUT,0,0,0,0,0,0,0,0,0,0,0,0,0,0,0,0,0,0,0,0,0
2019-01-14 00:00:00+00:00,2019,1,14,port669,Luganville,Vanuatu,VUT,0,0,0,0,0,0,0,0,0,0,0,0,0,0,0,0,0,0,0,0,0
2019-01-14 00:00:00+00:00,2019,1,14,port980,Port Vila,Vanuatu,VUT,1,0,0,0,0,1,1,390,0,0,0,0,390,390,0,0,0,0,0,0,0
2019-01-13 00:00:00+00:00,2019,1,13,port669,Luganville,Vanuatu,VUT,0,0,0,0,0,0,0,0,0,0,0,0,0,0,0,0,0,0,0,0,0
2019-01-13 00:00:00+00:00,2019,1,13,port980,Port Vila,Vanuatu,VUT,0,0,0,0,0,0,0,0,0,0,0,0,0,0,0,0,0,0,0,0,0
2019-01-12 00:00:00+00:00,2019,1,12,port669,Luganville,Vanuatu,VUT,0,0,0,0,0,0,0,0,0,0,0,0,0,0,0,0,0,0,0,0,0
2019-01-12 00:00:00+00:00,2019,1,12,port980,Port Vila,Vanuatu,VUT,0,0,0,0,0,0,0,0,0,0,0,0,0,0,0,0,0,0,0,0,0
2019-01-11 00:00:00+00:00,2019,1,11,port669,Luganville,Vanuatu,VUT,0,0,0,0,0,0,0,0,0,0,0,0,0,0,0,0,0,0,0,0,0
2019-01-11 00:00:00+00:00,2019,1,11,port980,Port Vila,Vanuatu,VUT,2,0,0,0,0,2,2,5188,0,0,0,0,5188,5188,0,0,0,0,0,0,0
2019-01-10 00:00:00+00:00,2019,1,10,port669,Luganville,Vanuatu,VUT,0,0,0,0,0,0,0,0,0,0,0,0,0,0,0,0,0,0,0,0,0
2019-01-10 00:00:00+00:00,2019,1,10,port980,Port Vila,Vanuatu,VUT,0,0,0,0,0,0,0,0,0,0,0,0,0,0,0,0,0,0,0,0,0
2019-01-09 00:00:00+00:00,2019,1,9,port669,Luganville,Vanuatu,VUT,0,0,0,0,0,0,0,0,0,0,0,0,0,0,0,0,0,0,0,0,0
2019-01-09 00:00:00+00:00,2019,1,9,port980,Port Vila,Vanuatu,VUT,0,0,0,0,0,0,0,0,0,0,0,0,0,0,0,0,0,0,0,0,0
2019-01-08 00:00:00+00:00,2019,1,8,port669,Luganville,Vanuatu,VUT,0,0,0,0,0,0,0,0,0,0,0,0,0,0,0,0,0,0,0,0,0
2019-01-08 00:00:00+00:00,2019,1,8,port980,Port Vila,Vanuatu,VUT,0,0,0,0,0,0,0,0,0,0,0,0,0,0,0,0,0,0,0,0,0
2019-01-07 00:00:00+00:00,2019,1,7,port669,Luganville,Vanuatu,VUT,0,0,0,0,0,0,0,0,0,0,0,0,0,0,0,0,0,0,0,0,0
2019-01-07 00:00:00+00:00,2019,1,7,port980,Port Vila,Vanuatu,VUT,0,0,2,0,0,2,2,0,0,3017,0,0,3017,3017,0,0,183,0,0,183,183
2019-01-06 00:00:00+00:00,2019,1,6,port669,Luganville,Vanuatu,VUT,0,0,1,0,0,1,1,0,0,883,0,0,883,883,0,0,314,0,0,314,314
2019-01-06 00:00:00+00:00,2019,1,6,port980,Port Vila,Vanuatu,VUT,0,0,0,0,0,0,0,0,0,0,0,0,0,0,0,0,0,0,0,0,0
2019-01-05 00:00:00+00:00,2019,1,5,port669,Luganville,Vanuatu,VUT,1,0,0,0,0,1,1,1021,0,0,0,0,1021,1021,243,0,0,0,0,243,243
2019-01-05 00:00:00+00:00,2019,1,5,port980,Port Vila,Vanuatu,VUT,0,0,0,0,0,0,0,0,0,0,0,0,0,0,0,0,0,0,0,0,0
2019-01-04 00:00:00+00:00,2019,1,4,port669,Luganville,Vanuatu,VUT,0,0,0,0,0,0,0,0,0,0,0,0,0,0,0,0,0,0,0,0,0
2019-01-04 00:00:00+00:00,2019,1,4,port980,Port Vila,Vanuatu,VUT,0,0,0,0,0,0,0,0,0,0,0,0,0,0,0,0,0,0,0,0,0
2019-01-03 00:00:00+00:00,2019,1,3,port669,Luganville,Vanuatu,VUT,0,0,0,0,0,0,0,0,0,0,0,0,0,0,0,0,0,0,0,0,0
2019-01-03 00:00:00+00:00,2019,1,3,port980,Port Vila,Vanuatu,VUT,0,0,0,0,0,0,0,0,0,0,0,0,0,0,0,0,0,0,0,0,0
2019-01-02 00:00:00+00:00,2019,1,2,port669,Luganville,Vanuatu,VUT,0,0,0,0,0,0,0,0,0,0,0,0,0,0,0,0,0,0,0,0,0
2019-01-02 00:00:00+00:00,2019,1,2,port980,Port Vila,Vanuatu,VUT,0,0,0,0,0,0,0,0,0,0,0,0,0,0,0,0,0,0,0,0,0
2019-01-01 00:00:00+00:00,2019,1,1,port669,Luganville,Vanuatu,VUT,0,0,0,0,0,0,0,0,0,0,0,0,0,0,0,0,0,0,0,0,0
2019-01-01 00:00:00+00:00,2019,1,1,port980,Port Vila,Vanuatu,VUT,0,0,0,0,0,0,0,0,0,0,0,0,0,0,0,0,0,0,0,0,0
