{
  "type": "FeatureCollection",
  "features": [
    {
      "type": "Feature",
      "geometry": {
        "type": "Point",
        "coordinates": [
          168.200683,
          -15.963969
        ]
      },
      "properties": {
        "name": "Panngi",
        "placetype": "Locality",
        "population": null,
        "country": "VU",
        "wikidata_id": "Q7131398",
        "locality_id": "421177947"
      }
    },
    {
      "type": "Feature",
      "geometry": {
        "type": "Point",
        "coordinates": [
          169.26667,
          -19.53333
        ]
      },
      "properties": {
        "name": "Lenakel",
        "placetype": "Locality",
        "population": null,
        "country": "VU",
        "wikidata_id": "Q2390976",
        "locality_id": "421202441"
      }
    },
    {
      "type": "Feature",
      "geometry": {
        "type": "Point",
        "coordinates": [
          169.308228,
          -19.542956
        ]
      },
      "properties": {
        "name": "Isangel",
        "placetype": "Locality",
        "population": null,
        "country": "VU",
        "wikidata_id": "Q1070178",
        "locality_id": "421203531"
      }
    },
    {
      "type": "Feature",
      "geometry": {
        "type": "Point",
        "coordinates": [
          167.41636,
          -16.09992
        ]
      },
      "properties": {
        "name": "Lakatoro",
        "placetype": "Locality",
        "population": 705,
        "country": "VU",
        "wikidata_id": "Q669361",
        "locality_id": "890413115"
      }
    },
    {
      "type": "Feature",
      "geometry": {
        "type": "Point",
        "coordinates": [
          167.05,
          -15.05
        ]
      },
      "properties": {
        "name": "Port-Olry",
        "placetype": "Locality",
        "population": 1951,
        "country": "VU",
        "wikidata_id": "Q1050300",
        "locality_id": "890436677"
      }
    },
    {
      "type": "Feature",
      "geometry": {
        "type": "Point",
        "coordinates": [
          167.55,
          -13.88333
        ]
      },
      "properties": {
        "name": "Sola",
        "placetype": "Locality",
        "population": 1171,
        "country": "VU",
        "wikidata_id": "Q1423143",
        "locality_id": "890438693"
      }
    },
    {
      "type": "Feature",
      "geometry": {
        "type": "Point",
        "coordinates": [
          169.26667,
          -19.55
        ]
      },
      "properties": {
        "name": "Isangel",
        "placetype": "Locality",
        "population": 1437,
        "country": "VU",
        "wikidata_id": "Q1070178",
        "locality_id": "890452723"
      }
    },
    {
      "type": "Feature",
      "geometry": {
        "type": "Point",
        "coordinates": [
          167.38333,
          -16.06667
        ]
      },
      "properties": {
        "name": "Norsup",
        "placetype": "Locality",
        "population": 2998,
        "country": "VU",
        "wikidata_id": "Q11792967",
        "locality_id": "1125822487"
      }
    },
    {
      "type": "Feature",
      "geometry": {
        "type": "Point",
        "coordinates": [
          168.458175,
          -17.557627
        ]
      },
      "properties": {
        "name": "Baofatu",
        "placetype": "Locality",
        "population": null,
        "country": "VU",
        "wikidata_id": "",
        "locality_id": "1125903183"
      }
    },
    {
      "type": "Feature",
      "geometry": {
        "type": "Point",
        "coordinates": [
          167.176607,
          -15.512556
        ]
      },
      "properties": {
        "name": "Luganville",
        "placetype": "Locality",
        "population": null,
        "country": "VU",
        "wikidata_id": "Q876557",
        "locality_id": "1141906949"
      }
    },
    {
      "type": "Feature",
      "geometry": {
        "type": "Point",
        "coordinates": [
          168.15107,
          -15.46295
        ]
      },
      "properties": {
        "name": "Atabulu",
        "placetype": "Locality",
        "population": null,
        "country": "VU",
        "wikidata_id": "",
        "locality_id": "1192982161"
      }
    },
    {
      "type": "Feature",
      "geometry": {
        "type": "Point",
        "coordinates": [
          167.98333,
          -16.31667
        ]
      },
      "properties": {
        "name": "Sesivi",
        "placetype": "Locality",
        "population": null,
        "country": "VU",
        "wikidata_id": "",
        "locality_id": "1192988127"
      }
    },
    {
      "type": "Feature",
      "geometry": {
        "type": "Point",
        "coordinates": [
          169.26667,
          -19.55
        ]
      },
      "properties": {
        "name": "Bethel",
        "placetype": "Locality",
        "population": null,
        "country": "VU",
        "wikidata_id": "",
        "locality_id": "1192988759"
      }
    },
    {
      "type": "Feature",
      "geometry": {
        "type": "Point",
        "coordinates": [
          167.93333,
          -15.28333
        ]
      },
      "properties": {
        "name": "Alowou",
        "placetype": "Locality",
        "population": null,
        "country": "VU",
        "wikidata_id": "",
        "locality_id": "1192989867"
      }
    },
    {
      "type": "Feature",
      "geometry": {
        "type": "Point",
        "coordinates": [
          168.16667,
          -15.83333
        ]
      },
      "properties": {
        "name": "Barvet",
        "placetype": "Locality",
        "population": null,
        "country": "VU",
        "wikidata_id": "",
        "locality_id": "1192989937"
      }
    },
    {
      "type": "Feature",
      "geometry": {
        "type": "Point",
        "coordinates": [
          167.81667,
          -16.45
        ]
      },
      "properties": {
        "name": "Penap",
        "placetype": "Locality",
        "population": null,
        "country": "VU",
        "wikidata_id": "",
        "locality_id": "1192990867"
      }
    },
    {
      "type": "Feature",
      "geometry": {
        "type": "Point",
        "coordinates": [
          168.16667,
          -15.53333
        ]
      },
      "properties": {
        "name": "Lolsaliwann",
        "placetype": "Locality",
        "population": null,
        "country": "VU",
        "wikidata_id": "",
        "locality_id": "1192994573"
      }
    },
    {
      "type": "Feature",
      "geometry": {
        "type": "Point",
        "coordinates": [
          166.61667,
          -14.66667
        ]
      },
      "properties": {
        "name": "Hokoua",
        "placetype": "Locality",
        "population": null,
        "country": "VU",
        "wikidata_id": "",
        "locality_id": "1192997749"
      }
    },
    {
      "type": "Feature",
      "geometry": {
        "type": "Point",
        "coordinates": [
          167.45,
          -16.6
        ]
      },
      "properties": {
        "name": "Hounnbank",
        "placetype": "Locality",
        "population": null,
        "country": "VU",
        "wikidata_id": "",
        "locality_id": "1193000453"
      }
    },
    {
      "type": "Feature",
      "geometry": {
        "type": "Point",
        "coordinates": [
          169.08388,
          -18.91416
        ]
      },
      "properties": {
        "name": "Umpon Yelongi",
        "placetype": "Locality",
        "population": null,
        "country": "VU",
        "wikidata_id": "",
        "locality_id": "1193001153"
      }
    },
    {
      "type": "Feature",
      "geometry": {
        "type": "Point",
        "coordinates": [
          167.1,
          -15.16667
        ]
      },
      "properties": {
        "name": "Loarou",
        "placetype": "Locality",
        "population": null,
        "country": "VU",
        "wikidata_id": "",
        "locality_id": "1193004497"
      }
    },
    {
      "type": "Feature",
      "geometry": {
        "type": "Point",
        "coordinates": [
          166.85,
          -15.56667
        ]
      },
      "properties": {
        "name": "Tanopousa",
        "placetype": "Locality",
        "population": null,
        "country": "VU",
        "wikidata_id": "",
        "locality_id": "1193004507"
      }
    },
    {
      "type": "Feature",
      "geometry": {
        "type": "Point",
        "coordinates": [
          166.95723,
          -15.62846
        ]
      },
      "properties": {
        "name": "Sope",
        "placetype": "Locality",
        "population": null,
        "country": "VU",
        "wikidata_id": "",
        "locality_id": "1193026391"
      }
    },
    {
      "type": "Feature",
      "geometry": {
        "type": "Point",
        "coordinates": [
          168.15,
          -16.1
        ]
      },
      "properties": {
        "name": "Lonha",
        "placetype": "Locality",
        "population": null,
        "country": "VU",
        "wikidata_id": "",
        "locality_id": "1193106755"
      }
    },
    {
      "type": "Feature",
      "geometry": {
        "type": "Point",
        "coordinates": [
          168.15,
          -16.11667
        ]
      },
      "properties": {
        "name": "Lonbarnie",
        "placetype": "Locality",
        "population": null,
        "country": "VU",
        "wikidata_id": "",
        "locality_id": "1193106791"
      }
    },
    {
      "type": "Feature",
      "geometry": {
        "type": "Point",
        "coordinates": [
          169.35,
          -19.48333
        ]
      },
      "properties": {
        "name": "Imwareupo",
        "placetype": "Locality",
        "population": null,
        "country": "VU",
        "wikidata_id": "",
        "locality_id": "1193107397"
      }
    },
    {
      "type": "Feature",
      "geometry": {
        "type": "Point",
        "coordinates": [
          168.16667,
          -15.71667
        ]
      },
      "properties": {
        "name": "Lewawa",
        "placetype": "Locality",
        "population": null,
        "country": "VU",
        "wikidata_id": "",
        "locality_id": "1193113381"
      }
    },
    {
      "type": "Feature",
      "geometry": {
        "type": "Point",
        "coordinates": [
          166.83333,
          -15.43333
        ]
      },
      "properties": {
        "name": "Bigeilan",
        "placetype": "Locality",
        "population": null,
        "country": "VU",
        "wikidata_id": "",
        "locality_id": "1193113655"
      }
    },
    {
      "type": "Feature",
      "geometry": {
        "type": "Point",
        "coordinates": [
          169.28333,
          -19.53333
        ]
      },
      "properties": {
        "name": "Ikaseukwi",
        "placetype": "Locality",
        "population": null,
        "country": "VU",
        "wikidata_id": "",
        "locality_id": "1193120059"
      }
    },
    {
      "type": "Feature",
      "geometry": {
        "type": "Point",
        "coordinates": [
          169.26667,
          -19.5
        ]
      },
      "properties": {
        "name": "Letowopom",
        "placetype": "Locality",
        "population": null,
        "country": "VU",
        "wikidata_id": "",
        "locality_id": "1193120077"
      }
    },
    {
      "type": "Feature",
      "geometry": {
        "type": "Point",
        "coordinates": [
          166.78333,
          -15.66667
        ]
      },
      "properties": {
        "name": "Kerenavura",
        "placetype": "Locality",
        "population": null,
        "country": "VU",
        "wikidata_id": "",
        "locality_id": "1193123559"
      }
    },
    {
      "type": "Feature",
      "geometry": {
        "type": "Point",
        "coordinates": [
          166.78333,
          -14.96667
        ]
      },
      "properties": {
        "name": "Pwelpitou",
        "placetype": "Locality",
        "population": null,
        "country": "VU",
        "wikidata_id": "",
        "locality_id": "1193123607"
      }
    },
    {
      "type": "Feature",
      "geometry": {
        "type": "Point",
        "coordinates": [
          167.08333,
          -15.38333
        ]
      },
      "properties": {
        "name": "Felea",
        "placetype": "Locality",
        "population": null,
        "country": "VU",
        "wikidata_id": "",
        "locality_id": "1193123641"
      }
    },
    {
      "type": "Feature",
      "geometry": {
        "type": "Point",
        "coordinates": [
          167.81667,
          -15.31667
        ]
      },
      "properties": {
        "name": "Nangire",
        "placetype": "Locality",
        "population": null,
        "country": "VU",
        "wikidata_id": "",
        "locality_id": "1193241939"
      }
    },
    {
      "type": "Feature",
      "geometry": {
        "type": "Point",
        "coordinates": [
          168.18333,
          -15.9
        ]
      },
      "properties": {
        "name": "Lonbilingdoun",
        "placetype": "Locality",
        "population": null,
        "country": "VU",
        "wikidata_id": "",
        "locality_id": "1193242015"
      }
    },
    {
      "type": "Feature",
      "geometry": {
        "type": "Point",
        "coordinates": [
          167.83333,
          -16.55
        ]
      },
      "properties": {
        "name": "Molorhai",
        "placetype": "Locality",
        "population": null,
        "country": "VU",
        "wikidata_id": "",
        "locality_id": "1193248087"
      }
    },
    {
      "type": "Feature",
      "geometry": {
        "type": "Point",
        "coordinates": [
          169.28584,
          -18.85734
        ]
      },
      "properties": {
        "name": "Ipota",
        "placetype": "Locality",
        "population": null,
        "country": "VU",
        "wikidata_id": "",
        "locality_id": "1193248767"
      }
    },
    {
      "type": "Feature",
      "geometry": {
        "type": "Point",
        "coordinates": [
          169.45,
          -19.61667
        ]
      },
      "properties": {
        "name": "Yanarbon",
        "placetype": "Locality",
        "population": null,
        "country": "VU",
        "wikidata_id": "",
        "locality_id": "1193248859"
      }
    },
    {
      "type": "Feature",
      "geometry": {
        "type": "Point",
        "coordinates": [
          168.15,
          -15.71667
        ]
      },
      "properties": {
        "name": "Wadovaga",
        "placetype": "Locality",
        "population": null,
        "country": "VU",
        "wikidata_id": "",
        "locality_id": "1193249983"
      }
    },
    {
      "type": "Feature",
      "geometry": {
        "type": "Point",
        "coordinates": [
          167.73333,
          -15.38333
        ]
      },
      "properties": {
        "name": "Longwarou",
        "placetype": "Locality",
        "population": null,
        "country": "VU",
        "wikidata_id": "",
        "locality_id": "1193250003"
      }
    },
    {
      "type": "Feature",
      "geometry": {
        "type": "Point",
        "coordinates": [
          166.88333,
          -15.56667
        ]
      },
      "properties": {
        "name": "Penantsiro",
        "placetype": "Locality",
        "population": null,
        "country": "VU",
        "wikidata_id": "",
        "locality_id": "1193254797"
      }
    },
    {
      "type": "Feature",
      "geometry": {
        "type": "Point",
        "coordinates": [
          167.28333,
          -16.13333
        ]
      },
      "properties": {
        "name": "Horrok",
        "placetype": "Locality",
        "population": null,
        "country": "VU",
        "wikidata_id": "",
        "locality_id": "1193260577"
      }
    },
    {
      "type": "Feature",
      "geometry": {
        "type": "Point",
        "coordinates": [
          169.3,
          -19.4
        ]
      },
      "properties": {
        "name": "Loounatkey",
        "placetype": "Locality",
        "population": null,
        "country": "VU",
        "wikidata_id": "",
        "locality_id": "1193261285"
      }
    },
    {
      "type": "Feature",
      "geometry": {
        "type": "Point",
        "coordinates": [
          167.08333,
          -15.65
        ]
      },
      "properties": {
        "name": "Abounatari",
        "placetype": "Locality",
        "population": null,
        "country": "VU",
        "wikidata_id": "",
        "locality_id": "1193264569"
      }
    },
    {
      "type": "Feature",
      "geometry": {
        "type": "Point",
        "coordinates": [
          166.8,
          -15.11667
        ]
      },
      "properties": {
        "name": "Piloe",
        "placetype": "Locality",
        "population": null,
        "country": "VU",
        "wikidata_id": "",
        "locality_id": "1193264651"
      }
    },
    {
      "type": "Feature",
      "geometry": {
        "type": "Point",
        "coordinates": [
          167.68333,
          -13.83333
        ]
      },
      "properties": {
        "name": "Veverao",
        "placetype": "Locality",
        "population": null,
        "country": "VU",
        "wikidata_id": "",
        "locality_id": "1193269787"
      }
    },
    {
      "type": "Feature",
      "geometry": {
        "type": "Point",
        "coordinates": [
          166.63434,
          -13.33487
        ]
      },
      "properties": {
        "name": "Lungharegi",
        "placetype": "Locality",
        "population": null,
        "country": "VU",
        "wikidata_id": "",
        "locality_id": "1209019667"
      }
    },
    {
      "type": "Feature",
      "geometry": {
        "type": "Point",
        "coordinates": [
          168.51667,
          -16.91667
        ]
      },
      "properties": {
        "name": "Lamboukouti",
        "placetype": "Locality",
        "population": null,
        "country": "VU",
        "wikidata_id": "",
        "locality_id": "1209072469"
      }
    },
    {
      "type": "Feature",
      "geometry": {
        "type": "Point",
        "coordinates": [
          169.4,
          -19.53333
        ]
      },
      "properties": {
        "name": "Yankoula",
        "placetype": "Locality",
        "population": null,
        "country": "VU",
        "wikidata_id": "",
        "locality_id": "1209076401"
      }
    },
    {
      "type": "Feature",
      "geometry": {
        "type": "Point",
        "coordinates": [
          169.23333,
          -19.5
        ]
      },
      "properties": {
        "name": "Looukas",
        "placetype": "Locality",
        "population": null,
        "country": "VU",
        "wikidata_id": "",
        "locality_id": "1209076439"
      }
    },
    {
      "type": "Feature",
      "geometry": {
        "type": "Point",
        "coordinates": [
          168.25,
          -16.36667
        ]
      },
      "properties": {
        "name": "Sae",
        "placetype": "Locality",
        "population": null,
        "country": "VU",
        "wikidata_id": "",
        "locality_id": "1209078653"
      }
    },
    {
      "type": "Feature",
      "geometry": {
        "type": "Point",
        "coordinates": [
          167.66667,
          -16.51667
        ]
      },
      "properties": {
        "name": "Louoimalakai",
        "placetype": "Locality",
        "population": null,
        "country": "VU",
        "wikidata_id": "",
        "locality_id": "1209078655"
      }
    },
    {
      "type": "Feature",
      "geometry": {
        "type": "Point",
        "coordinates": [
          168.16667,
          -16.11667
        ]
      },
      "properties": {
        "name": "Fontengro",
        "placetype": "Locality",
        "population": null,
        "country": "VU",
        "wikidata_id": "",
        "locality_id": "1209078721"
      }
    },
    {
      "type": "Feature",
      "geometry": {
        "type": "Point",
        "coordinates": [
          169.15,
          -18.66667
        ]
      },
      "properties": {
        "name": "Pontasipsip",
        "placetype": "Locality",
        "population": null,
        "country": "VU",
        "wikidata_id": "",
        "locality_id": "1209079347"
      }
    },
    {
      "type": "Feature",
      "geometry": {
        "type": "Point",
        "coordinates": [
          167.75,
          -15.36667
        ]
      },
      "properties": {
        "name": "Nabagaaki",
        "placetype": "Locality",
        "population": null,
        "country": "VU",
        "wikidata_id": "",
        "locality_id": "1209082453"
      }
    },
    {
      "type": "Feature",
      "geometry": {
        "type": "Point",
        "coordinates": [
          168.18333,
          -16.15
        ]
      },
      "properties": {
        "name": "Konkon",
        "placetype": "Locality",
        "population": null,
        "country": "VU",
        "wikidata_id": "",
        "locality_id": "1209088563"
      }
    },
    {
      "type": "Feature",
      "geometry": {
        "type": "Point",
        "coordinates": [
          166.83333,
          -15.21667
        ]
      },
      "properties": {
        "name": "Navoun",
        "placetype": "Locality",
        "population": null,
        "country": "VU",
        "wikidata_id": "",
        "locality_id": "1209092573"
      }
    },
    {
      "type": "Feature",
      "geometry": {
        "type": "Point",
        "coordinates": [
          167.16667,
          -15.21667
        ]
      },
      "properties": {
        "name": "Lourou",
        "placetype": "Locality",
        "population": null,
        "country": "VU",
        "wikidata_id": "",
        "locality_id": "1209092717"
      }
    },
    {
      "type": "Feature",
      "geometry": {
        "type": "Point",
        "coordinates": [
          168.06667,
          -15.08333
        ]
      },
      "properties": {
        "name": "Lolowarou",
        "placetype": "Locality",
        "population": null,
        "country": "VU",
        "wikidata_id": "",
        "locality_id": "1209177815"
      }
    },
    {
      "type": "Feature",
      "geometry": {
        "type": "Point",
        "coordinates": [
          167.35,
          -16.0
        ]
      },
      "properties": {
        "name": "Outer",
        "placetype": "Locality",
        "population": null,
        "country": "VU",
        "wikidata_id": "",
        "locality_id": "1209186617"
      }
    },
    {
      "type": "Feature",
      "geometry": {
        "type": "Point",
        "coordinates": [
          167.92324,
          -16.26626
        ]
      },
      "properties": {
        "name": "Wuro",
        "placetype": "Locality",
        "population": null,
        "country": "VU",
        "wikidata_id": "",
        "locality_id": "1209186691"
      }
    },
    {
      "type": "Feature",
      "geometry": {
        "type": "Point",
        "coordinates": [
          166.75,
          -15.46667
        ]
      },
      "properties": {
        "name": "Tanboun",
        "placetype": "Locality",
        "population": null,
        "country": "VU",
        "wikidata_id": "",
        "locality_id": "1209193755"
      }
    },
    {
      "type": "Feature",
      "geometry": {
        "type": "Point",
        "coordinates": [
          166.73333,
          -15.35
        ]
      },
      "properties": {
        "name": "Nokowoula",
        "placetype": "Locality",
        "population": null,
        "country": "VU",
        "wikidata_id": "",
        "locality_id": "1209200873"
      }
    },
    {
      "type": "Feature",
      "geometry": {
        "type": "Point",
        "coordinates": [
          166.8,
          -15.41667
        ]
      },
      "properties": {
        "name": "Lalaere",
        "placetype": "Locality",
        "population": null,
        "country": "VU",
        "wikidata_id": "",
        "locality_id": "1209201001"
      }
    },
    {
      "type": "Feature",
      "geometry": {
        "type": "Point",
        "coordinates": [
          168.16667,
          -15.68333
        ]
      },
      "properties": {
        "name": "Lemembleke",
        "placetype": "Locality",
        "population": null,
        "country": "VU",
        "wikidata_id": "",
        "locality_id": "1209277987"
      }
    },
    {
      "type": "Feature",
      "geometry": {
        "type": "Point",
        "coordinates": [
          168.26667,
          -15.93333
        ]
      },
      "properties": {
        "name": "Panap",
        "placetype": "Locality",
        "population": null,
        "country": "VU",
        "wikidata_id": "",
        "locality_id": "1209278015"
      }
    },
    {
      "type": "Feature",
      "geometry": {
        "type": "Point",
        "coordinates": [
          168.32222,
          -17.43333
        ]
      },
      "properties": {
        "name": "Utanlangi",
        "placetype": "Locality",
        "population": null,
        "country": "VU",
        "wikidata_id": "",
        "locality_id": "1209280723"
      }
    },
    {
      "type": "Feature",
      "geometry": {
        "type": "Point",
        "coordinates": [
          168.38333,
          -16.81667
        ]
      },
      "properties": {
        "name": "Sakao",
        "placetype": "Locality",
        "population": null,
        "country": "VU",
        "wikidata_id": "",
        "locality_id": "1209280745"
      }
    },
    {
      "type": "Feature",
      "geometry": {
        "type": "Point",
        "coordinates": [
          167.28333,
          -16.13333
        ]
      },
      "properties": {
        "name": "Brennwe",
        "placetype": "Locality",
        "population": null,
        "country": "VU",
        "wikidata_id": "",
        "locality_id": "1209283991"
      }
    },
    {
      "type": "Feature",
      "geometry": {
        "type": "Point",
        "coordinates": [
          167.55,
          -16.23333
        ]
      },
      "properties": {
        "name": "Woulele",
        "placetype": "Locality",
        "population": null,
        "country": "VU",
        "wikidata_id": "",
        "locality_id": "1209284039"
      }
    },
    {
      "type": "Feature",
      "geometry": {
        "type": "Point",
        "coordinates": [
          168.13333,
          -15.7
        ]
      },
      "properties": {
        "name": "Nokombilatata",
        "placetype": "Locality",
        "population": null,
        "country": "VU",
        "wikidata_id": "",
        "locality_id": "1209286029"
      }
    },
    {
      "type": "Feature",
      "geometry": {
        "type": "Point",
        "coordinates": [
          168.15,
          -16.13333
        ]
      },
      "properties": {
        "name": "Lolibwe",
        "placetype": "Locality",
        "population": null,
        "country": "VU",
        "wikidata_id": "",
        "locality_id": "1209287041"
      }
    },
    {
      "type": "Feature",
      "geometry": {
        "type": "Point",
        "coordinates": [
          169.4,
          -19.51667
        ]
      },
      "properties": {
        "name": "Imreang",
        "placetype": "Locality",
        "population": null,
        "country": "VU",
        "wikidata_id": "",
        "locality_id": "1209287613"
      }
    },
    {
      "type": "Feature",
      "geometry": {
        "type": "Point",
        "coordinates": [
          169.31667,
          -19.51667
        ]
      },
      "properties": {
        "name": "Yakounetikaoulil",
        "placetype": "Locality",
        "population": null,
        "country": "VU",
        "wikidata_id": "",
        "locality_id": "1209287643"
      }
    },
    {
      "type": "Feature",
      "geometry": {
        "type": "Point",
        "coordinates": [
          166.83333,
          -15.31667
        ]
      },
      "properties": {
        "name": "Malmariv",
        "placetype": "Locality",
        "population": null,
        "country": "VU",
        "wikidata_id": "",
        "locality_id": "1209293925"
      }
    },
    {
      "type": "Feature",
      "geometry": {
        "type": "Point",
        "coordinates": [
          166.68333,
          -14.76667
        ]
      },
      "properties": {
        "name": "Nakalato",
        "placetype": "Locality",
        "population": null,
        "country": "VU",
        "wikidata_id": "",
        "locality_id": "1209293983"
      }
    },
    {
      "type": "Feature",
      "geometry": {
        "type": "Point",
        "coordinates": [
          168.31667,
          -16.48333
        ]
      },
      "properties": {
        "name": "Tematou",
        "placetype": "Locality",
        "population": null,
        "country": "VU",
        "wikidata_id": "",
        "locality_id": "1209296629"
      }
    },
    {
      "type": "Feature",
      "geometry": {
        "type": "Point",
        "coordinates": [
          169.3,
          -19.48333
        ]
      },
      "properties": {
        "name": "Konaekeun",
        "placetype": "Locality",
        "population": null,
        "country": "VU",
        "wikidata_id": "",
        "locality_id": "1209297373"
      }
    },
    {
      "type": "Feature",
      "geometry": {
        "type": "Point",
        "coordinates": [
          166.88333,
          -15.46667
        ]
      },
      "properties": {
        "name": "Vousin",
        "placetype": "Locality",
        "population": null,
        "country": "VU",
        "wikidata_id": "",
        "locality_id": "1209300667"
      }
    },
    {
      "type": "Feature",
      "geometry": {
        "type": "Point",
        "coordinates": [
          166.7,
          -13.43333
        ]
      },
      "properties": {
        "name": "Kourouretapo",
        "placetype": "Locality",
        "population": null,
        "country": "VU",
        "wikidata_id": "",
        "locality_id": "1209306221"
      }
    },
    {
      "type": "Feature",
      "geometry": {
        "type": "Point",
        "coordinates": [
          167.53333,
          -13.9
        ]
      },
      "properties": {
        "name": "Mwesen (Mosina)",
        "placetype": "Locality",
        "population": null,
        "country": "VU",
        "wikidata_id": "",
        "locality_id": "1209306265"
      }
    },
    {
      "type": "Feature",
      "geometry": {
        "type": "Point",
        "coordinates": [
          167.86667,
          -15.3
        ]
      },
      "properties": {
        "name": "Lombaha",
        "placetype": "Locality",
        "population": null,
        "country": "VU",
        "wikidata_id": "",
        "locality_id": "1209378449"
      }
    },
    {
      "type": "Feature",
      "geometry": {
        "type": "Point",
        "coordinates": [
          168.13333,
          -15.71667
        ]
      },
      "properties": {
        "name": "Baga",
        "placetype": "Locality",
        "population": null,
        "country": "VU",
        "wikidata_id": "",
        "locality_id": "1209378495"
      }
    },
    {
      "type": "Feature",
      "geometry": {
        "type": "Point",
        "coordinates": [
          168.13333,
          -15.51667
        ]
      },
      "properties": {
        "name": "Arasa",
        "placetype": "Locality",
        "population": null,
        "country": "VU",
        "wikidata_id": "",
        "locality_id": "1209378525"
      }
    },
    {
      "type": "Feature",
      "geometry": {
        "type": "Point",
        "coordinates": [
          167.3719,
          -16.05959
        ]
      },
      "properties": {
        "name": "Mae",
        "placetype": "Locality",
        "population": null,
        "country": "VU",
        "wikidata_id": "",
        "locality_id": "1209384605"
      }
    },
    {
      "type": "Feature",
      "geometry": {
        "type": "Point",
        "coordinates": [
          169.25,
          -19.5
        ]
      },
      "properties": {
        "name": "Loounapkamey",
        "placetype": "Locality",
        "population": null,
        "country": "VU",
        "wikidata_id": "",
        "locality_id": "1209385325"
      }
    },
    {
      "type": "Feature",
      "geometry": {
        "type": "Point",
        "coordinates": [
          167.8,
          -15.35
        ]
      },
      "properties": {
        "name": "Fingalato",
        "placetype": "Locality",
        "population": null,
        "country": "VU",
        "wikidata_id": "",
        "locality_id": "1209386553"
      }
    },
    {
      "type": "Feature",
      "geometry": {
        "type": "Point",
        "coordinates": [
          168.15,
          -15.56667
        ]
      },
      "properties": {
        "name": "Panhavoul",
        "placetype": "Locality",
        "population": null,
        "country": "VU",
        "wikidata_id": "",
        "locality_id": "1209386585"
      }
    },
    {
      "type": "Feature",
      "geometry": {
        "type": "Point",
        "coordinates": [
          168.15,
          -15.53333
        ]
      },
      "properties": {
        "name": "Abatounbwabwa",
        "placetype": "Locality",
        "population": null,
        "country": "VU",
        "wikidata_id": "",
        "locality_id": "1209386603"
      }
    },
    {
      "type": "Feature",
      "geometry": {
        "type": "Point",
        "coordinates": [
          168.13333,
          -15.68333
        ]
      },
      "properties": {
        "name": "Leboung",
        "placetype": "Locality",
        "population": null,
        "country": "VU",
        "wikidata_id": "",
        "locality_id": "1209386621"
      }
    },
    {
      "type": "Feature",
      "geometry": {
        "type": "Point",
        "coordinates": [
          169.76667,
          -20.15
        ]
      },
      "properties": {
        "name": "Ijeptzav",
        "placetype": "Locality",
        "population": null,
        "country": "VU",
        "wikidata_id": "",
        "locality_id": "1209388213"
      }
    },
    {
      "type": "Feature",
      "geometry": {
        "type": "Point",
        "coordinates": [
          167.93333,
          -15.35
        ]
      },
      "properties": {
        "name": "Waeling",
        "placetype": "Locality",
        "population": null,
        "country": "VU",
        "wikidata_id": "",
        "locality_id": "1209391075"
      }
    },
    {
      "type": "Feature",
      "geometry": {
        "type": "Point",
        "coordinates": [
          166.81667,
          -15.51667
        ]
      },
      "properties": {
        "name": "Namatasopa",
        "placetype": "Locality",
        "population": null,
        "country": "VU",
        "wikidata_id": "",
        "locality_id": "1209391241"
      }
    },
    {
      "type": "Feature",
      "geometry": {
        "type": "Point",
        "coordinates": [
          169.03401,
          -18.8898
        ]
      },
      "properties": {
        "name": "Ounevsem",
        "placetype": "Locality",
        "population": null,
        "country": "VU",
        "wikidata_id": "",
        "locality_id": "1209397773"
      }
    },
    {
      "type": "Feature",
      "geometry": {
        "type": "Point",
        "coordinates": [
          167.1,
          -15.16667
        ]
      },
      "properties": {
        "name": "Lowenof",
        "placetype": "Locality",
        "population": null,
        "country": "VU",
        "wikidata_id": "",
        "locality_id": "1209401197"
      }
    },
    {
      "type": "Feature",
      "geometry": {
        "type": "Point",
        "coordinates": [
          167.48333,
          -13.91667
        ]
      },
      "properties": {
        "name": "Kerembitia",
        "placetype": "Locality",
        "population": null,
        "country": "VU",
        "wikidata_id": "",
        "locality_id": "1209409455"
      }
    },
    {
      "type": "Feature",
      "geometry": {
        "type": "Point",
        "coordinates": [
          168.21667,
          -17.61667
        ]
      },
      "properties": {
        "name": "Natapao",
        "placetype": "Locality",
        "population": null,
        "country": "VU",
        "wikidata_id": "",
        "locality_id": "1209478237"
      }
    },
    {
      "type": "Feature",
      "geometry": {
        "type": "Point",
        "coordinates": [
          168.18333,
          -16.81667
        ]
      },
      "properties": {
        "name": "Vovo",
        "placetype": "Locality",
        "population": null,
        "country": "VU",
        "wikidata_id": "",
        "locality_id": "1209478335"
      }
    },
    {
      "type": "Feature",
      "geometry": {
        "type": "Point",
        "coordinates": [
          167.93333,
          -15.33333
        ]
      },
      "properties": {
        "name": "Nangouer",
        "placetype": "Locality",
        "population": null,
        "country": "VU",
        "wikidata_id": "",
        "locality_id": "1209478715"
      }
    },
    {
      "type": "Feature",
      "geometry": {
        "type": "Point",
        "coordinates": [
          168.13333,
          -16.15
        ]
      },
      "properties": {
        "name": "Hawor",
        "placetype": "Locality",
        "population": null,
        "country": "VU",
        "wikidata_id": "",
        "locality_id": "1209484931"
      }
    },
    {
      "type": "Feature",
      "geometry": {
        "type": "Point",
        "coordinates": [
          168.11667,
          -16.13333
        ]
      },
      "properties": {
        "name": "Melwar",
        "placetype": "Locality",
        "population": null,
        "country": "VU",
        "wikidata_id": "",
        "locality_id": "1209484973"
      }
    },
    {
      "type": "Feature",
      "geometry": {
        "type": "Point",
        "coordinates": [
          169.25,
          -19.48333
        ]
      },
      "properties": {
        "name": "Loonekiyawileung",
        "placetype": "Locality",
        "population": null,
        "country": "VU",
        "wikidata_id": "",
        "locality_id": "1209485587"
      }
    },
    {
      "type": "Feature",
      "geometry": {
        "type": "Point",
        "coordinates": [
          169.48333,
          -19.53333
        ]
      },
      "properties": {
        "name": "Samo",
        "placetype": "Locality",
        "population": null,
        "country": "VU",
        "wikidata_id": "",
        "locality_id": "1209485685"
      }
    },
    {
      "type": "Feature",
      "geometry": {
        "type": "Point",
        "coordinates": [
          166.88333,
          -15.46667
        ]
      },
      "properties": {
        "name": "Paten",
        "placetype": "Locality",
        "population": null,
        "country": "VU",
        "wikidata_id": "",
        "locality_id": "1209486773"
      }
    },
    {
      "type": "Feature",
      "geometry": {
        "type": "Point",
        "coordinates": [
          166.98333,
          -15.03333
        ]
      },
      "properties": {
        "name": "Nareget",
        "placetype": "Locality",
        "population": null,
        "country": "VU",
        "wikidata_id": "",
        "locality_id": "1209486799"
      }
    },
    {
      "type": "Feature",
      "geometry": {
        "type": "Point",
        "coordinates": [
          168.13333,
          -15.68333
        ]
      },
      "properties": {
        "name": "Tosi",
        "placetype": "Locality",
        "population": null,
        "country": "VU",
        "wikidata_id": "",
        "locality_id": "1209486907"
      }
    },
    {
      "type": "Feature",
      "geometry": {
        "type": "Point",
        "coordinates": [
          166.88333,
          -15.36667
        ]
      },
      "properties": {
        "name": "Tombet",
        "placetype": "Locality",
        "population": null,
        "country": "VU",
        "wikidata_id": "",
        "locality_id": "1209494573"
      }
    },
    {
      "type": "Feature",
      "geometry": {
        "type": "Point",
        "coordinates": [
          167.46667,
          -16.18333
        ]
      },
      "properties": {
        "name": "Linarar",
        "placetype": "Locality",
        "population": null,
        "country": "VU",
        "wikidata_id": "",
        "locality_id": "1209497289"
      }
    },
    {
      "type": "Feature",
      "geometry": {
        "type": "Point",
        "coordinates": [
          166.8,
          -15.48333
        ]
      },
      "properties": {
        "name": "Waraparo",
        "placetype": "Locality",
        "population": null,
        "country": "VU",
        "wikidata_id": "",
        "locality_id": "1209501221"
      }
    },
    {
      "type": "Feature",
      "geometry": {
        "type": "Point",
        "coordinates": [
          166.81667,
          -15.16667
        ]
      },
      "properties": {
        "name": "Tolomako",
        "placetype": "Locality",
        "population": null,
        "country": "VU",
        "wikidata_id": "",
        "locality_id": "1209501301"
      }
    },
    {
      "type": "Feature",
      "geometry": {
        "type": "Point",
        "coordinates": [
          166.9,
          -15.6
        ]
      },
      "properties": {
        "name": "Lasoule",
        "placetype": "Locality",
        "population": null,
        "country": "VU",
        "wikidata_id": "",
        "locality_id": "1209501331"
      }
    },
    {
      "type": "Feature",
      "geometry": {
        "type": "Point",
        "coordinates": [
          166.63333,
          -15.11667
        ]
      },
      "properties": {
        "name": "Soule",
        "placetype": "Locality",
        "population": null,
        "country": "VU",
        "wikidata_id": "",
        "locality_id": "1209501359"
      }
    },
    {
      "type": "Feature",
      "geometry": {
        "type": "Point",
        "coordinates": [
          168.38333,
          -17.48333
        ]
      },
      "properties": {
        "name": "Peleworearou",
        "placetype": "Locality",
        "population": null,
        "country": "VU",
        "wikidata_id": "",
        "locality_id": "1209578767"
      }
    },
    {
      "type": "Feature",
      "geometry": {
        "type": "Point",
        "coordinates": [
          168.21667,
          -16.0
        ]
      },
      "properties": {
        "name": "Panoka",
        "placetype": "Locality",
        "population": null,
        "country": "VU",
        "wikidata_id": "",
        "locality_id": "1209579043"
      }
    },
    {
      "type": "Feature",
      "geometry": {
        "type": "Point",
        "coordinates": [
          167.66667,
          -16.3
        ]
      },
      "properties": {
        "name": "Repanbitipbonour",
        "placetype": "Locality",
        "population": null,
        "country": "VU",
        "wikidata_id": "",
        "locality_id": "1209585385"
      }
    },
    {
      "type": "Feature",
      "geometry": {
        "type": "Point",
        "coordinates": [
          168.1,
          -16.18333
        ]
      },
      "properties": {
        "name": "Fanebal",
        "placetype": "Locality",
        "population": null,
        "country": "VU",
        "wikidata_id": "",
        "locality_id": "1209585417"
      }
    },
    {
      "type": "Feature",
      "geometry": {
        "type": "Point",
        "coordinates": [
          169.08333,
          -18.91667
        ]
      },
      "properties": {
        "name": "Taiwi",
        "placetype": "Locality",
        "population": null,
        "country": "VU",
        "wikidata_id": "",
        "locality_id": "1209586049"
      }
    },
    {
      "type": "Feature",
      "geometry": {
        "type": "Point",
        "coordinates": [
          167.73333,
          -15.38333
        ]
      },
      "properties": {
        "name": "Navitora",
        "placetype": "Locality",
        "population": null,
        "country": "VU",
        "wikidata_id": "",
        "locality_id": "1209587127"
      }
    },
    {
      "type": "Feature",
      "geometry": {
        "type": "Point",
        "coordinates": [
          169.35,
          -19.6
        ]
      },
      "properties": {
        "name": "Sasia",
        "placetype": "Locality",
        "population": null,
        "country": "VU",
        "wikidata_id": "",
        "locality_id": "1209588793"
      }
    },
    {
      "type": "Feature",
      "geometry": {
        "type": "Point",
        "coordinates": [
          170.21667,
          -19.55
        ]
      },
      "properties": {
        "name": "Matin'gi",
        "placetype": "Locality",
        "population": null,
        "country": "VU",
        "wikidata_id": "",
        "locality_id": "1209588819"
      }
    },
    {
      "type": "Feature",
      "geometry": {
        "type": "Point",
        "coordinates": [
          167.73333,
          -15.38333
        ]
      },
      "properties": {
        "name": "Nanako",
        "placetype": "Locality",
        "population": null,
        "country": "VU",
        "wikidata_id": "",
        "locality_id": "1209591923"
      }
    },
    {
      "type": "Feature",
      "geometry": {
        "type": "Point",
        "coordinates": [
          166.76667,
          -15.11667
        ]
      },
      "properties": {
        "name": "Olasi",
        "placetype": "Locality",
        "population": null,
        "country": "VU",
        "wikidata_id": "",
        "locality_id": "1209592083"
      }
    },
    {
      "type": "Feature",
      "geometry": {
        "type": "Point",
        "coordinates": [
          166.63333,
          -15.15
        ]
      },
      "properties": {
        "name": "Pwele",
        "placetype": "Locality",
        "population": null,
        "country": "VU",
        "wikidata_id": "",
        "locality_id": "1209592137"
      }
    },
    {
      "type": "Feature",
      "geometry": {
        "type": "Point",
        "coordinates": [
          167.05,
          -15.0
        ]
      },
      "properties": {
        "name": "Ekar",
        "placetype": "Locality",
        "population": null,
        "country": "VU",
        "wikidata_id": "",
        "locality_id": "1209592147"
      }
    },
    {
      "type": "Feature",
      "geometry": {
        "type": "Point",
        "coordinates": [
          167.06667,
          -15.26667
        ]
      },
      "properties": {
        "name": "Grempo",
        "placetype": "Locality",
        "population": null,
        "country": "VU",
        "wikidata_id": "",
        "locality_id": "1209594887"
      }
    },
    {
      "type": "Feature",
      "geometry": {
        "type": "Point",
        "coordinates": [
          166.71667,
          -14.81667
        ]
      },
      "properties": {
        "name": "Wountavitslavo",
        "placetype": "Locality",
        "population": null,
        "country": "VU",
        "wikidata_id": "",
        "locality_id": "1209594899"
      }
    },
    {
      "type": "Feature",
      "geometry": {
        "type": "Point",
        "coordinates": [
          169.33333,
          -19.48333
        ]
      },
      "properties": {
        "name": "Lehunang",
        "placetype": "Locality",
        "population": null,
        "country": "VU",
        "wikidata_id": "",
        "locality_id": "1209598215"
      }
    },
    {
      "type": "Feature",
      "geometry": {
        "type": "Point",
        "coordinates": [
          169.25,
          -19.35
        ]
      },
      "properties": {
        "name": "Loameul",
        "placetype": "Locality",
        "population": null,
        "country": "VU",
        "wikidata_id": "",
        "locality_id": "1209598267"
      }
    },
    {
      "type": "Feature",
      "geometry": {
        "type": "Point",
        "coordinates": [
          167.56667,
          -14.2
        ]
      },
      "properties": {
        "name": "Mosol",
        "placetype": "Locality",
        "population": null,
        "country": "VU",
        "wikidata_id": "",
        "locality_id": "1209606743"
      }
    },
    {
      "type": "Feature",
      "geometry": {
        "type": "Point",
        "coordinates": [
          167.65738,
          -13.66553
        ]
      },
      "properties": {
        "name": "Lahambek",
        "placetype": "Locality",
        "population": null,
        "country": "VU",
        "wikidata_id": "",
        "locality_id": "1209636673"
      }
    },
    {
      "type": "Feature",
      "geometry": {
        "type": "Point",
        "coordinates": [
          167.93333,
          -15.38333
        ]
      },
      "properties": {
        "name": "Lolsanga",
        "placetype": "Locality",
        "population": null,
        "country": "VU",
        "wikidata_id": "",
        "locality_id": "1209679301"
      }
    },
    {
      "type": "Feature",
      "geometry": {
        "type": "Point",
        "coordinates": [
          168.28333,
          -17.71667
        ]
      },
      "properties": {
        "name": "Malapat",
        "placetype": "Locality",
        "population": null,
        "country": "VU",
        "wikidata_id": "",
        "locality_id": "1209681967"
      }
    },
    {
      "type": "Feature",
      "geometry": {
        "type": "Point",
        "coordinates": [
          168.21667,
          -16.25
        ]
      },
      "properties": {
        "name": "Ranbili",
        "placetype": "Locality",
        "population": null,
        "country": "VU",
        "wikidata_id": "",
        "locality_id": "1209685361"
      }
    },
    {
      "type": "Feature",
      "geometry": {
        "type": "Point",
        "coordinates": [
          167.78333,
          -16.43333
        ]
      },
      "properties": {
        "name": "Penicies",
        "placetype": "Locality",
        "population": null,
        "country": "VU",
        "wikidata_id": "",
        "locality_id": "1209685425"
      }
    },
    {
      "type": "Feature",
      "geometry": {
        "type": "Point",
        "coordinates": [
          168.0,
          -16.33333
        ]
      },
      "properties": {
        "name": "Sanasoup",
        "placetype": "Locality",
        "population": null,
        "country": "VU",
        "wikidata_id": "",
        "locality_id": "1209685467"
      }
    },
    {
      "type": "Feature",
      "geometry": {
        "type": "Point",
        "coordinates": [
          169.6,
          -19.26667
        ]
      },
      "properties": {
        "name": "Ikaokao",
        "placetype": "Locality",
        "population": null,
        "country": "VU",
        "wikidata_id": "",
        "locality_id": "1209686137"
      }
    },
    {
      "type": "Feature",
      "geometry": {
        "type": "Point",
        "coordinates": [
          168.11667,
          -15.71667
        ]
      },
      "properties": {
        "name": "Wawo",
        "placetype": "Locality",
        "population": null,
        "country": "VU",
        "wikidata_id": "",
        "locality_id": "1209687311"
      }
    },
    {
      "type": "Feature",
      "geometry": {
        "type": "Point",
        "coordinates": [
          166.9,
          -15.46667
        ]
      },
      "properties": {
        "name": "Taoumanouni",
        "placetype": "Locality",
        "population": null,
        "country": "VU",
        "wikidata_id": "",
        "locality_id": "1209695147"
      }
    },
    {
      "type": "Feature",
      "geometry": {
        "type": "Point",
        "coordinates": [
          166.76667,
          -15.4
        ]
      },
      "properties": {
        "name": "Latouptoup",
        "placetype": "Locality",
        "population": null,
        "country": "VU",
        "wikidata_id": "",
        "locality_id": "1209695277"
      }
    },
    {
      "type": "Feature",
      "geometry": {
        "type": "Point",
        "coordinates": [
          168.05,
          -16.31667
        ]
      },
      "properties": {
        "name": "Pesia",
        "placetype": "Locality",
        "population": null,
        "country": "VU",
        "wikidata_id": "",
        "locality_id": "1209697955"
      }
    },
    {
      "type": "Feature",
      "geometry": {
        "type": "Point",
        "coordinates": [
          168.1,
          -16.18333
        ]
      },
      "properties": {
        "name": "Ranwilinto",
        "placetype": "Locality",
        "population": null,
        "country": "VU",
        "wikidata_id": "",
        "locality_id": "1209697971"
      }
    },
    {
      "type": "Feature",
      "geometry": {
        "type": "Point",
        "coordinates": [
          166.98333,
          -15.41667
        ]
      },
      "properties": {
        "name": "Woundrpoutsour",
        "placetype": "Locality",
        "population": null,
        "country": "VU",
        "wikidata_id": "",
        "locality_id": "1209701967"
      }
    },
    {
      "type": "Feature",
      "geometry": {
        "type": "Point",
        "coordinates": [
          166.86667,
          -15.45
        ]
      },
      "properties": {
        "name": "Founpat",
        "placetype": "Locality",
        "population": null,
        "country": "VU",
        "wikidata_id": "",
        "locality_id": "1209702153"
      }
    },
    {
      "type": "Feature",
      "geometry": {
        "type": "Point",
        "coordinates": [
          167.03333,
          -15.11667
        ]
      },
      "properties": {
        "name": "Lobatmas",
        "placetype": "Locality",
        "population": null,
        "country": "VU",
        "wikidata_id": "",
        "locality_id": "1209702175"
      }
    },
    {
      "type": "Feature",
      "geometry": {
        "type": "Point",
        "coordinates": [
          167.73333,
          -15.36667
        ]
      },
      "properties": {
        "name": "Londwa",
        "placetype": "Locality",
        "population": null,
        "country": "VU",
        "wikidata_id": "",
        "locality_id": "1209779371"
      }
    },
    {
      "type": "Feature",
      "geometry": {
        "type": "Point",
        "coordinates": [
          168.23643,
          -16.43436
        ]
      },
      "properties": {
        "name": "Tabwe",
        "placetype": "Locality",
        "population": null,
        "country": "VU",
        "wikidata_id": "",
        "locality_id": "1209785419"
      }
    },
    {
      "type": "Feature",
      "geometry": {
        "type": "Point",
        "coordinates": [
          168.21667,
          -16.48333
        ]
      },
      "properties": {
        "name": "Tafouale",
        "placetype": "Locality",
        "population": null,
        "country": "VU",
        "wikidata_id": "",
        "locality_id": "1209788285"
      }
    },
    {
      "type": "Feature",
      "geometry": {
        "type": "Point",
        "coordinates": [
          167.33333,
          -15.96667
        ]
      },
      "properties": {
        "name": "Orap",
        "placetype": "Locality",
        "population": null,
        "country": "VU",
        "wikidata_id": "",
        "locality_id": "1209788315"
      }
    },
    {
      "type": "Feature",
      "geometry": {
        "type": "Point",
        "coordinates": [
          169.25,
          -19.36667
        ]
      },
      "properties": {
        "name": "Loounemeloupang",
        "placetype": "Locality",
        "population": null,
        "country": "VU",
        "wikidata_id": "",
        "locality_id": "1209788885"
      }
    },
    {
      "type": "Feature",
      "geometry": {
        "type": "Point",
        "coordinates": [
          169.25,
          -19.53333
        ]
      },
      "properties": {
        "name": "Pouillet",
        "placetype": "Locality",
        "population": null,
        "country": "VU",
        "wikidata_id": "",
        "locality_id": "1209789005"
      }
    },
    {
      "type": "Feature",
      "geometry": {
        "type": "Point",
        "coordinates": [
          168.16667,
          -15.68333
        ]
      },
      "properties": {
        "name": "Lesasa",
        "placetype": "Locality",
        "population": null,
        "country": "VU",
        "wikidata_id": "",
        "locality_id": "1209791899"
      }
    },
    {
      "type": "Feature",
      "geometry": {
        "type": "Point",
        "coordinates": [
          168.15,
          -15.46667
        ]
      },
      "properties": {
        "name": "Lavousi",
        "placetype": "Locality",
        "population": null,
        "country": "VU",
        "wikidata_id": "",
        "locality_id": "1209792001"
      }
    },
    {
      "type": "Feature",
      "geometry": {
        "type": "Point",
        "coordinates": [
          168.15,
          -16.78333
        ]
      },
      "properties": {
        "name": "Les Allobroges",
        "placetype": "Locality",
        "population": null,
        "country": "VU",
        "wikidata_id": "",
        "locality_id": "1209879435"
      }
    },
    {
      "type": "Feature",
      "geometry": {
        "type": "Point",
        "coordinates": [
          168.06667,
          -14.96667
        ]
      },
      "properties": {
        "name": "Wouta",
        "placetype": "Locality",
        "population": null,
        "country": "VU",
        "wikidata_id": "",
        "locality_id": "1209879811"
      }
    },
    {
      "type": "Feature",
      "geometry": {
        "type": "Point",
        "coordinates": [
          167.86667,
          -15.3
        ]
      },
      "properties": {
        "name": "Nobouvilevile",
        "placetype": "Locality",
        "population": null,
        "country": "VU",
        "wikidata_id": "",
        "locality_id": "1209879829"
      }
    },
    {
      "type": "Feature",
      "geometry": {
        "type": "Point",
        "coordinates": [
          168.18333,
          -16.78333
        ]
      },
      "properties": {
        "name": "Bosao",
        "placetype": "Locality",
        "population": null,
        "country": "VU",
        "wikidata_id": "",
        "locality_id": "1209882439"
      }
    },
    {
      "type": "Feature",
      "geometry": {
        "type": "Point",
        "coordinates": [
          168.26667,
          -16.35
        ]
      },
      "properties": {
        "name": "Mat",
        "placetype": "Locality",
        "population": null,
        "country": "VU",
        "wikidata_id": "",
        "locality_id": "1209885709"
      }
    },
    {
      "type": "Feature",
      "geometry": {
        "type": "Point",
        "coordinates": [
          168.16667,
          -16.13333
        ]
      },
      "properties": {
        "name": "Lonwar",
        "placetype": "Locality",
        "population": null,
        "country": "VU",
        "wikidata_id": "",
        "locality_id": "1209885781"
      }
    },
    {
      "type": "Feature",
      "geometry": {
        "type": "Point",
        "coordinates": [
          169.21666,
          -18.95638
        ]
      },
      "properties": {
        "name": "Iaosaou",
        "placetype": "Locality",
        "population": null,
        "country": "VU",
        "wikidata_id": "",
        "locality_id": "1209886373"
      }
    },
    {
      "type": "Feature",
      "geometry": {
        "type": "Point",
        "coordinates": [
          169.28333,
          -19.45
        ]
      },
      "properties": {
        "name": "Lonepeyewie",
        "placetype": "Locality",
        "population": null,
        "country": "VU",
        "wikidata_id": "",
        "locality_id": "1209886403"
      }
    },
    {
      "type": "Feature",
      "geometry": {
        "type": "Point",
        "coordinates": [
          168.08333,
          -16.16667
        ]
      },
      "properties": {
        "name": "Ranuetlam",
        "placetype": "Locality",
        "population": null,
        "country": "VU",
        "wikidata_id": "",
        "locality_id": "1209888641"
      }
    },
    {
      "type": "Feature",
      "geometry": {
        "type": "Point",
        "coordinates": [
          167.23333,
          -15.66667
        ]
      },
      "properties": {
        "name": "Matansao",
        "placetype": "Locality",
        "population": null,
        "country": "VU",
        "wikidata_id": "",
        "locality_id": "1209895521"
      }
    },
    {
      "type": "Feature",
      "geometry": {
        "type": "Point",
        "coordinates": [
          168.05,
          -16.35
        ]
      },
      "properties": {
        "name": "Lalinda",
        "placetype": "Locality",
        "population": null,
        "country": "VU",
        "wikidata_id": "",
        "locality_id": "1209898309"
      }
    },
    {
      "type": "Feature",
      "geometry": {
        "type": "Point",
        "coordinates": [
          166.86667,
          -15.46667
        ]
      },
      "properties": {
        "name": "Naerere",
        "placetype": "Locality",
        "population": null,
        "country": "VU",
        "wikidata_id": "",
        "locality_id": "1209902447"
      }
    },
    {
      "type": "Feature",
      "geometry": {
        "type": "Point",
        "coordinates": [
          167.43333,
          -13.96667
        ]
      },
      "properties": {
        "name": "Wosaga",
        "placetype": "Locality",
        "population": null,
        "country": "VU",
        "wikidata_id": "",
        "locality_id": "1209907963"
      }
    },
    {
      "type": "Feature",
      "geometry": {
        "type": "Point",
        "coordinates": [
          167.64137,
          -13.68545
        ]
      },
      "properties": {
        "name": "Limdi",
        "placetype": "Locality",
        "population": null,
        "country": "VU",
        "wikidata_id": "",
        "locality_id": "1209937789"
      }
    },
    {
      "type": "Feature",
      "geometry": {
        "type": "Point",
        "coordinates": [
          168.51667,
          -16.91667
        ]
      },
      "properties": {
        "name": "Panita",
        "placetype": "Locality",
        "population": null,
        "country": "VU",
        "wikidata_id": "",
        "locality_id": "1209979777"
      }
    },
    {
      "type": "Feature",
      "geometry": {
        "type": "Point",
        "coordinates": [
          168.1,
          -15.3
        ]
      },
      "properties": {
        "name": "Mandri",
        "placetype": "Locality",
        "population": null,
        "country": "VU",
        "wikidata_id": "",
        "locality_id": "1209980191"
      }
    },
    {
      "type": "Feature",
      "geometry": {
        "type": "Point",
        "coordinates": [
          168.26667,
          -16.81667
        ]
      },
      "properties": {
        "name": "Bumboko",
        "placetype": "Locality",
        "population": null,
        "country": "VU",
        "wikidata_id": "",
        "locality_id": "1209982787"
      }
    },
    {
      "type": "Feature",
      "geometry": {
        "type": "Point",
        "coordinates": [
          168.11667,
          -16.16667
        ]
      },
      "properties": {
        "name": "Banhoul",
        "placetype": "Locality",
        "population": null,
        "country": "VU",
        "wikidata_id": "",
        "locality_id": "1209986023"
      }
    },
    {
      "type": "Feature",
      "geometry": {
        "type": "Point",
        "coordinates": [
          169.3405,
          -19.34593
        ]
      },
      "properties": {
        "name": "Lownepina",
        "placetype": "Locality",
        "population": null,
        "country": "VU",
        "wikidata_id": "",
        "locality_id": "1209986795"
      }
    },
    {
      "type": "Feature",
      "geometry": {
        "type": "Point",
        "coordinates": [
          170.21667,
          -19.51667
        ]
      },
      "properties": {
        "name": "Ipao",
        "placetype": "Locality",
        "population": null,
        "country": "VU",
        "wikidata_id": "",
        "locality_id": "1209986817"
      }
    },
    {
      "type": "Feature",
      "geometry": {
        "type": "Point",
        "coordinates": [
          169.31667,
          -19.46667
        ]
      },
      "properties": {
        "name": "Loounihm",
        "placetype": "Locality",
        "population": null,
        "country": "VU",
        "wikidata_id": "",
        "locality_id": "1209986849"
      }
    },
    {
      "type": "Feature",
      "geometry": {
        "type": "Point",
        "coordinates": [
          166.76667,
          -15.6
        ]
      },
      "properties": {
        "name": "Tasiriki",
        "placetype": "Locality",
        "population": null,
        "country": "VU",
        "wikidata_id": "",
        "locality_id": "1209987867"
      }
    },
    {
      "type": "Feature",
      "geometry": {
        "type": "Point",
        "coordinates": [
          168.08333,
          -15.1
        ]
      },
      "properties": {
        "name": "Rowonawo",
        "placetype": "Locality",
        "population": null,
        "country": "VU",
        "wikidata_id": "",
        "locality_id": "1209987995"
      }
    },
    {
      "type": "Feature",
      "geometry": {
        "type": "Point",
        "coordinates": [
          167.9,
          -15.33333
        ]
      },
      "properties": {
        "name": "Saraerao",
        "placetype": "Locality",
        "population": null,
        "country": "VU",
        "wikidata_id": "",
        "locality_id": "1209988007"
      }
    },
    {
      "type": "Feature",
      "geometry": {
        "type": "Point",
        "coordinates": [
          166.91667,
          -15.48333
        ]
      },
      "properties": {
        "name": "Natsere",
        "placetype": "Locality",
        "population": null,
        "country": "VU",
        "wikidata_id": "",
        "locality_id": "1209995967"
      }
    },
    {
      "type": "Feature",
      "geometry": {
        "type": "Point",
        "coordinates": [
          169.43333,
          -19.51667
        ]
      },
      "properties": {
        "name": "Yanamwakel",
        "placetype": "Locality",
        "population": null,
        "country": "VU",
        "wikidata_id": "",
        "locality_id": "1209999493"
      }
    },
    {
      "type": "Feature",
      "geometry": {
        "type": "Point",
        "coordinates": [
          167.62476,
          -13.70336
        ]
      },
      "properties": {
        "name": "Toglag",
        "placetype": "Locality",
        "population": null,
        "country": "VU",
        "wikidata_id": "",
        "locality_id": "1210013317"
      }
    },
    {
      "type": "Feature",
      "geometry": {
        "type": "Point",
        "coordinates": [
          167.68333,
          -13.65
        ]
      },
      "properties": {
        "name": "Woungmouil",
        "placetype": "Locality",
        "population": null,
        "country": "VU",
        "wikidata_id": "",
        "locality_id": "1210037819"
      }
    },
    {
      "type": "Feature",
      "geometry": {
        "type": "Point",
        "coordinates": [
          168.4,
          -16.81667
        ]
      },
      "properties": {
        "name": "Filakara",
        "placetype": "Locality",
        "population": null,
        "country": "VU",
        "wikidata_id": "",
        "locality_id": "1225808395"
      }
    },
    {
      "type": "Feature",
      "geometry": {
        "type": "Point",
        "coordinates": [
          168.4,
          -17.5
        ]
      },
      "properties": {
        "name": "Pilioura",
        "placetype": "Locality",
        "population": null,
        "country": "VU",
        "wikidata_id": "",
        "locality_id": "1225808453"
      }
    },
    {
      "type": "Feature",
      "geometry": {
        "type": "Point",
        "coordinates": [
          167.63333,
          -16.51667
        ]
      },
      "properties": {
        "name": "Faroun",
        "placetype": "Locality",
        "population": null,
        "country": "VU",
        "wikidata_id": "",
        "locality_id": "1225814973"
      }
    },
    {
      "type": "Feature",
      "geometry": {
        "type": "Point",
        "coordinates": [
          167.76667,
          -15.35
        ]
      },
      "properties": {
        "name": "Saranatogoro",
        "placetype": "Locality",
        "population": null,
        "country": "VU",
        "wikidata_id": "",
        "locality_id": "1225816847"
      }
    },
    {
      "type": "Feature",
      "geometry": {
        "type": "Point",
        "coordinates": [
          168.15,
          -15.68333
        ]
      },
      "properties": {
        "name": "Laravinambosvi",
        "placetype": "Locality",
        "population": null,
        "country": "VU",
        "wikidata_id": "",
        "locality_id": "1225816855"
      }
    },
    {
      "type": "Feature",
      "geometry": {
        "type": "Point",
        "coordinates": [
          167.86667,
          -15.45
        ]
      },
      "properties": {
        "name": "Lolovotali",
        "placetype": "Locality",
        "population": null,
        "country": "VU",
        "wikidata_id": "",
        "locality_id": "1225816915"
      }
    },
    {
      "type": "Feature",
      "geometry": {
        "type": "Point",
        "coordinates": [
          168.15361,
          -15.47262
        ]
      },
      "properties": {
        "name": "Abwatunbuliva",
        "placetype": "Locality",
        "population": null,
        "country": "VU",
        "wikidata_id": "",
        "locality_id": "1225821631"
      }
    },
    {
      "type": "Feature",
      "geometry": {
        "type": "Point",
        "coordinates": [
          167.21667,
          -15.38333
        ]
      },
      "properties": {
        "name": "Matanpousa",
        "placetype": "Locality",
        "population": null,
        "country": "VU",
        "wikidata_id": "",
        "locality_id": "1225824709"
      }
    },
    {
      "type": "Feature",
      "geometry": {
        "type": "Point",
        "coordinates": [
          167.08333,
          -15.65
        ]
      },
      "properties": {
        "name": "Sanakoumbe",
        "placetype": "Locality",
        "population": null,
        "country": "VU",
        "wikidata_id": "",
        "locality_id": "1225831435"
      }
    },
    {
      "type": "Feature",
      "geometry": {
        "type": "Point",
        "coordinates": [
          167.54007,
          -13.85608
        ]
      },
      "properties": {
        "name": "Ngeregasal",
        "placetype": "Locality",
        "population": null,
        "country": "VU",
        "wikidata_id": "",
        "locality_id": "1225855345"
      }
    },
    {
      "type": "Feature",
      "geometry": {
        "type": "Point",
        "coordinates": [
          168.42908,
          -17.25763
        ]
      },
      "properties": {
        "name": "Nasanga",
        "placetype": "Locality",
        "population": null,
        "country": "VU",
        "wikidata_id": "",
        "locality_id": "1225863569"
      }
    },
    {
      "type": "Feature",
      "geometry": {
        "type": "Point",
        "coordinates": [
          167.63333,
          -13.68333
        ]
      },
      "properties": {
        "name": "Viei",
        "placetype": "Locality",
        "population": null,
        "country": "VU",
        "wikidata_id": "",
        "locality_id": "1225866107"
      }
    },
    {
      "type": "Feature",
      "geometry": {
        "type": "Point",
        "coordinates": [
          168.21667,
          -16.65
        ]
      },
      "properties": {
        "name": "Nouvi",
        "placetype": "Locality",
        "population": null,
        "country": "VU",
        "wikidata_id": "",
        "locality_id": "1225907385"
      }
    },
    {
      "type": "Feature",
      "geometry": {
        "type": "Point",
        "coordinates": [
          168.16667,
          -16.58333
        ]
      },
      "properties": {
        "name": "Lamarou",
        "placetype": "Locality",
        "population": null,
        "country": "VU",
        "wikidata_id": "",
        "locality_id": "1225910555"
      }
    },
    {
      "type": "Feature",
      "geometry": {
        "type": "Point",
        "coordinates": [
          167.71667,
          -16.38333
        ]
      },
      "properties": {
        "name": "Assourou",
        "placetype": "Locality",
        "population": null,
        "country": "VU",
        "wikidata_id": "",
        "locality_id": "1225913835"
      }
    },
    {
      "type": "Feature",
      "geometry": {
        "type": "Point",
        "coordinates": [
          169.3,
          -19.35
        ]
      },
      "properties": {
        "name": "Loounimhapeun",
        "placetype": "Locality",
        "population": null,
        "country": "VU",
        "wikidata_id": "",
        "locality_id": "1225914383"
      }
    },
    {
      "type": "Feature",
      "geometry": {
        "type": "Point",
        "coordinates": [
          169.43333,
          -19.55
        ]
      },
      "properties": {
        "name": "Lankourou",
        "placetype": "Locality",
        "population": null,
        "country": "VU",
        "wikidata_id": "",
        "locality_id": "1225914565"
      }
    },
    {
      "type": "Feature",
      "geometry": {
        "type": "Point",
        "coordinates": [
          168.11667,
          -15.15
        ]
      },
      "properties": {
        "name": "Tahouta",
        "placetype": "Locality",
        "population": null,
        "country": "VU",
        "wikidata_id": "",
        "locality_id": "1225915717"
      }
    },
    {
      "type": "Feature",
      "geometry": {
        "type": "Point",
        "coordinates": [
          168.18333,
          -15.66667
        ]
      },
      "properties": {
        "name": "Nokongiri",
        "placetype": "Locality",
        "population": null,
        "country": "VU",
        "wikidata_id": "",
        "locality_id": "1225915727"
      }
    },
    {
      "type": "Feature",
      "geometry": {
        "type": "Point",
        "coordinates": [
          167.76667,
          -16.36667
        ]
      },
      "properties": {
        "name": "Douen",
        "placetype": "Locality",
        "population": null,
        "country": "VU",
        "wikidata_id": "",
        "locality_id": "1225916657"
      }
    },
    {
      "type": "Feature",
      "geometry": {
        "type": "Point",
        "coordinates": [
          168.1,
          -16.15
        ]
      },
      "properties": {
        "name": "Ranbwe",
        "placetype": "Locality",
        "population": null,
        "country": "VU",
        "wikidata_id": "",
        "locality_id": "1225916681"
      }
    },
    {
      "type": "Feature",
      "geometry": {
        "type": "Point",
        "coordinates": [
          169.01667,
          -18.8
        ]
      },
      "properties": {
        "name": "Nounapon",
        "placetype": "Locality",
        "population": null,
        "country": "VU",
        "wikidata_id": "",
        "locality_id": "1225917353"
      }
    },
    {
      "type": "Feature",
      "geometry": {
        "type": "Point",
        "coordinates": [
          169.26667,
          -19.53333
        ]
      },
      "properties": {
        "name": "Sydney",
        "placetype": "Locality",
        "population": null,
        "country": "VU",
        "wikidata_id": "",
        "locality_id": "1225917377"
      }
    },
    {
      "type": "Feature",
      "geometry": {
        "type": "Point",
        "coordinates": [
          168.15,
          -15.45
        ]
      },
      "properties": {
        "name": "Laratava",
        "placetype": "Locality",
        "population": null,
        "country": "VU",
        "wikidata_id": "",
        "locality_id": "1225920363"
      }
    },
    {
      "type": "Feature",
      "geometry": {
        "type": "Point",
        "coordinates": [
          166.95,
          -15.4
        ]
      },
      "properties": {
        "name": "Boutmaraemojoro",
        "placetype": "Locality",
        "population": null,
        "country": "VU",
        "wikidata_id": "",
        "locality_id": "1225923439"
      }
    },
    {
      "type": "Feature",
      "geometry": {
        "type": "Point",
        "coordinates": [
          166.86667,
          -15.18333
        ]
      },
      "properties": {
        "name": "Poetsaysay",
        "placetype": "Locality",
        "population": null,
        "country": "VU",
        "wikidata_id": "",
        "locality_id": "1225923491"
      }
    },
    {
      "type": "Feature",
      "geometry": {
        "type": "Point",
        "coordinates": [
          166.75,
          -15.01667
        ]
      },
      "properties": {
        "name": "Larata",
        "placetype": "Locality",
        "population": null,
        "country": "VU",
        "wikidata_id": "",
        "locality_id": "1225923519"
      }
    },
    {
      "type": "Feature",
      "geometry": {
        "type": "Point",
        "coordinates": [
          168.28333,
          -16.33333
        ]
      },
      "properties": {
        "name": "Ulei",
        "placetype": "Locality",
        "population": null,
        "country": "VU",
        "wikidata_id": "",
        "locality_id": "1225926155"
      }
    },
    {
      "type": "Feature",
      "geometry": {
        "type": "Point",
        "coordinates": [
          167.41667,
          -14.26667
        ]
      },
      "properties": {
        "name": "Qetegaveg (gan waeae maeh)",
        "placetype": "Locality",
        "population": null,
        "country": "VU",
        "wikidata_id": "",
        "locality_id": "1225965553"
      }
    },
    {
      "type": "Feature",
      "geometry": {
        "type": "Point",
        "coordinates": [
          168.4,
          -17.5
        ]
      },
      "properties": {
        "name": "Sake",
        "placetype": "Locality",
        "population": null,
        "country": "VU",
        "wikidata_id": "",
        "locality_id": "1226007929"
      }
    },
    {
      "type": "Feature",
      "geometry": {
        "type": "Point",
        "coordinates": [
          168.06667,
          -15.01667
        ]
      },
      "properties": {
        "name": "Lakerere",
        "placetype": "Locality",
        "population": null,
        "country": "VU",
        "wikidata_id": "",
        "locality_id": "1226008375"
      }
    },
    {
      "type": "Feature",
      "geometry": {
        "type": "Point",
        "coordinates": [
          168.11667,
          -15.7
        ]
      },
      "properties": {
        "name": "Tongwe",
        "placetype": "Locality",
        "population": null,
        "country": "VU",
        "wikidata_id": "",
        "locality_id": "1226008435"
      }
    },
    {
      "type": "Feature",
      "geometry": {
        "type": "Point",
        "coordinates": [
          168.25,
          -16.26667
        ]
      },
      "properties": {
        "name": "Endou",
        "placetype": "Locality",
        "population": null,
        "country": "VU",
        "wikidata_id": "",
        "locality_id": "1226017375"
      }
    },
    {
      "type": "Feature",
      "geometry": {
        "type": "Point",
        "coordinates": [
          169.81667,
          -20.13333
        ]
      },
      "properties": {
        "name": "Anitchawo",
        "placetype": "Locality",
        "population": null,
        "country": "VU",
        "wikidata_id": "",
        "locality_id": "1226018067"
      }
    },
    {
      "type": "Feature",
      "geometry": {
        "type": "Point",
        "coordinates": [
          167.73333,
          -15.4
        ]
      },
      "properties": {
        "name": "Nagataro",
        "placetype": "Locality",
        "population": null,
        "country": "VU",
        "wikidata_id": "",
        "locality_id": "1226021155"
      }
    },
    {
      "type": "Feature",
      "geometry": {
        "type": "Point",
        "coordinates": [
          168.11667,
          -15.58333
        ]
      },
      "properties": {
        "name": "Batenfoutou",
        "placetype": "Locality",
        "population": null,
        "country": "VU",
        "wikidata_id": "",
        "locality_id": "1226021233"
      }
    },
    {
      "type": "Feature",
      "geometry": {
        "type": "Point",
        "coordinates": [
          166.75,
          -15.46667
        ]
      },
      "properties": {
        "name": "Atsoma",
        "placetype": "Locality",
        "population": null,
        "country": "VU",
        "wikidata_id": "",
        "locality_id": "1226021333"
      }
    },
    {
      "type": "Feature",
      "geometry": {
        "type": "Point",
        "coordinates": [
          166.8,
          -15.51667
        ]
      },
      "properties": {
        "name": "Tsaraepae",
        "placetype": "Locality",
        "population": null,
        "country": "VU",
        "wikidata_id": "",
        "locality_id": "1226021359"
      }
    },
    {
      "type": "Feature",
      "geometry": {
        "type": "Point",
        "coordinates": [
          166.88333,
          -15.43333
        ]
      },
      "properties": {
        "name": "Meraroua",
        "placetype": "Locality",
        "population": null,
        "country": "VU",
        "wikidata_id": "",
        "locality_id": "1226024153"
      }
    },
    {
      "type": "Feature",
      "geometry": {
        "type": "Point",
        "coordinates": [
          166.76667,
          -15.48333
        ]
      },
      "properties": {
        "name": "Namatooukou",
        "placetype": "Locality",
        "population": null,
        "country": "VU",
        "wikidata_id": "",
        "locality_id": "1226031015"
      }
    },
    {
      "type": "Feature",
      "geometry": {
        "type": "Point",
        "coordinates": [
          166.83333,
          -15.36667
        ]
      },
      "properties": {
        "name": "Lontige",
        "placetype": "Locality",
        "population": null,
        "country": "VU",
        "wikidata_id": "",
        "locality_id": "1226031041"
      }
    },
    {
      "type": "Feature",
      "geometry": {
        "type": "Point",
        "coordinates": [
          166.81667,
          -15.46667
        ]
      },
      "properties": {
        "name": "Lao",
        "placetype": "Locality",
        "population": null,
        "country": "VU",
        "wikidata_id": "",
        "locality_id": "1226031191"
      }
    },
    {
      "type": "Feature",
      "geometry": {
        "type": "Point",
        "coordinates": [
          167.45035,
          -13.95985
        ]
      },
      "properties": {
        "name": "Wasag",
        "placetype": "Locality",
        "population": null,
        "country": "VU",
        "wikidata_id": "",
        "locality_id": "1226061341"
      }
    },
    {
      "type": "Feature",
      "geometry": {
        "type": "Point",
        "coordinates": [
          168.35,
          -17.45
        ]
      },
      "properties": {
        "name": "Farealapa",
        "placetype": "Locality",
        "population": null,
        "country": "VU",
        "wikidata_id": "",
        "locality_id": "1226108647"
      }
    },
    {
      "type": "Feature",
      "geometry": {
        "type": "Point",
        "coordinates": [
          168.15,
          -15.75
        ]
      },
      "properties": {
        "name": "Laladiva",
        "placetype": "Locality",
        "population": null,
        "country": "VU",
        "wikidata_id": "",
        "locality_id": "1226113769"
      }
    },
    {
      "type": "Feature",
      "geometry": {
        "type": "Point",
        "coordinates": [
          167.18333,
          -15.9
        ]
      },
      "properties": {
        "name": "Leronron",
        "placetype": "Locality",
        "population": null,
        "country": "VU",
        "wikidata_id": "",
        "locality_id": "1226114821"
      }
    },
    {
      "type": "Feature",
      "geometry": {
        "type": "Point",
        "coordinates": [
          167.4,
          -16.26667
        ]
      },
      "properties": {
        "name": "Tisbel",
        "placetype": "Locality",
        "population": null,
        "country": "VU",
        "wikidata_id": "",
        "locality_id": "1226114823"
      }
    },
    {
      "type": "Feature",
      "geometry": {
        "type": "Point",
        "coordinates": [
          168.15,
          -16.11667
        ]
      },
      "properties": {
        "name": "Woo",
        "placetype": "Locality",
        "population": null,
        "country": "VU",
        "wikidata_id": "",
        "locality_id": "1226114833"
      }
    },
    {
      "type": "Feature",
      "geometry": {
        "type": "Point",
        "coordinates": [
          167.18333,
          -16.0
        ]
      },
      "properties": {
        "name": "Wall",
        "placetype": "Locality",
        "population": null,
        "country": "VU",
        "wikidata_id": "",
        "locality_id": "1226114857"
      }
    },
    {
      "type": "Feature",
      "geometry": {
        "type": "Point",
        "coordinates": [
          169.83333,
          -20.15
        ]
      },
      "properties": {
        "name": "Espen",
        "placetype": "Locality",
        "population": null,
        "country": "VU",
        "wikidata_id": "",
        "locality_id": "1226115601"
      }
    },
    {
      "type": "Feature",
      "geometry": {
        "type": "Point",
        "coordinates": [
          168.28333,
          -17.53333
        ]
      },
      "properties": {
        "name": "Sounai",
        "placetype": "Locality",
        "population": null,
        "country": "VU",
        "wikidata_id": "",
        "locality_id": "1226118289"
      }
    },
    {
      "type": "Feature",
      "geometry": {
        "type": "Point",
        "coordinates": [
          168.13333,
          -15.53333
        ]
      },
      "properties": {
        "name": "Lararomboha",
        "placetype": "Locality",
        "population": null,
        "country": "VU",
        "wikidata_id": "",
        "locality_id": "1226118685"
      }
    },
    {
      "type": "Feature",
      "geometry": {
        "type": "Point",
        "coordinates": [
          166.8,
          -15.16667
        ]
      },
      "properties": {
        "name": "Mae",
        "placetype": "Locality",
        "population": null,
        "country": "VU",
        "wikidata_id": "",
        "locality_id": "1226118871"
      }
    },
    {
      "type": "Feature",
      "geometry": {
        "type": "Point",
        "coordinates": [
          166.8,
          -15.4
        ]
      },
      "properties": {
        "name": "Lasoule",
        "placetype": "Locality",
        "population": null,
        "country": "VU",
        "wikidata_id": "",
        "locality_id": "1226118925"
      }
    },
    {
      "type": "Feature",
      "geometry": {
        "type": "Point",
        "coordinates": [
          167.01667,
          -15.4
        ]
      },
      "properties": {
        "name": "Falatasa",
        "placetype": "Locality",
        "population": null,
        "country": "VU",
        "wikidata_id": "",
        "locality_id": "1226121911"
      }
    },
    {
      "type": "Feature",
      "geometry": {
        "type": "Point",
        "coordinates": [
          169.31667,
          -19.51667
        ]
      },
      "properties": {
        "name": "Lenapouas",
        "placetype": "Locality",
        "population": null,
        "country": "VU",
        "wikidata_id": "",
        "locality_id": "1226125397"
      }
    },
    {
      "type": "Feature",
      "geometry": {
        "type": "Point",
        "coordinates": [
          166.78333,
          -15.35
        ]
      },
      "properties": {
        "name": "Nonona",
        "placetype": "Locality",
        "population": null,
        "country": "VU",
        "wikidata_id": "",
        "locality_id": "1226128649"
      }
    },
    {
      "type": "Feature",
      "geometry": {
        "type": "Point",
        "coordinates": [
          167.8,
          -15.33333
        ]
      },
      "properties": {
        "name": "Lolomatwi",
        "placetype": "Locality",
        "population": null,
        "country": "VU",
        "wikidata_id": "",
        "locality_id": "1226206011"
      }
    },
    {
      "type": "Feature",
      "geometry": {
        "type": "Point",
        "coordinates": [
          167.16667,
          -16.03333
        ]
      },
      "properties": {
        "name": "Pinambo",
        "placetype": "Locality",
        "population": null,
        "country": "VU",
        "wikidata_id": "",
        "locality_id": "1226212013"
      }
    },
    {
      "type": "Feature",
      "geometry": {
        "type": "Point",
        "coordinates": [
          167.95,
          -16.3
        ]
      },
      "properties": {
        "name": "Leve",
        "placetype": "Locality",
        "population": null,
        "country": "VU",
        "wikidata_id": "",
        "locality_id": "1226212041"
      }
    },
    {
      "type": "Feature",
      "geometry": {
        "type": "Point",
        "coordinates": [
          166.91667,
          -15.5
        ]
      },
      "properties": {
        "name": "Tabwimoli",
        "placetype": "Locality",
        "population": null,
        "country": "VU",
        "wikidata_id": "",
        "locality_id": "1226213943"
      }
    },
    {
      "type": "Feature",
      "geometry": {
        "type": "Point",
        "coordinates": [
          167.85,
          -15.46667
        ]
      },
      "properties": {
        "name": "Lolovele",
        "placetype": "Locality",
        "population": null,
        "country": "VU",
        "wikidata_id": "",
        "locality_id": "1226213971"
      }
    },
    {
      "type": "Feature",
      "geometry": {
        "type": "Point",
        "coordinates": [
          168.13333,
          -16.1
        ]
      },
      "properties": {
        "name": "Megam",
        "placetype": "Locality",
        "population": null,
        "country": "VU",
        "wikidata_id": "",
        "locality_id": "1226215051"
      }
    },
    {
      "type": "Feature",
      "geometry": {
        "type": "Point",
        "coordinates": [
          167.21667,
          -16.15
        ]
      },
      "properties": {
        "name": "Leviamp",
        "placetype": "Locality",
        "population": null,
        "country": "VU",
        "wikidata_id": "",
        "locality_id": "1226215069"
      }
    },
    {
      "type": "Feature",
      "geometry": {
        "type": "Point",
        "coordinates": [
          169.58333,
          -19.25
        ]
      },
      "properties": {
        "name": "Namsafoura",
        "placetype": "Locality",
        "population": null,
        "country": "VU",
        "wikidata_id": "",
        "locality_id": "1226215877"
      }
    },
    {
      "type": "Feature",
      "geometry": {
        "type": "Point",
        "coordinates": [
          166.76667,
          -15.46667
        ]
      },
      "properties": {
        "name": "Papasoule",
        "placetype": "Locality",
        "population": null,
        "country": "VU",
        "wikidata_id": "",
        "locality_id": "1226221593"
      }
    },
    {
      "type": "Feature",
      "geometry": {
        "type": "Point",
        "coordinates": [
          167.11667,
          -15.23333
        ]
      },
      "properties": {
        "name": "Lorediakarkar",
        "placetype": "Locality",
        "population": null,
        "country": "VU",
        "wikidata_id": "",
        "locality_id": "1226221679"
      }
    },
    {
      "type": "Feature",
      "geometry": {
        "type": "Point",
        "coordinates": [
          168.15,
          -16.11667
        ]
      },
      "properties": {
        "name": "Lonyemyem",
        "placetype": "Locality",
        "population": null,
        "country": "VU",
        "wikidata_id": "",
        "locality_id": "1226224307"
      }
    },
    {
      "type": "Feature",
      "geometry": {
        "type": "Point",
        "coordinates": [
          167.06667,
          -15.31667
        ]
      },
      "properties": {
        "name": "Tiouroumbo",
        "placetype": "Locality",
        "population": null,
        "country": "VU",
        "wikidata_id": "",
        "locality_id": "1226228577"
      }
    },
    {
      "type": "Feature",
      "geometry": {
        "type": "Point",
        "coordinates": [
          167.65,
          -13.7
        ]
      },
      "properties": {
        "name": "Hiyle",
        "placetype": "Locality",
        "population": null,
        "country": "VU",
        "wikidata_id": "",
        "locality_id": "1226234183"
      }
    },
    {
      "type": "Feature",
      "geometry": {
        "type": "Point",
        "coordinates": [
          167.45,
          -13.9
        ]
      },
      "properties": {
        "name": "Veutumboso",
        "placetype": "Locality",
        "population": null,
        "country": "VU",
        "wikidata_id": "",
        "locality_id": "1226239575"
      }
    },
    {
      "type": "Feature",
      "geometry": {
        "type": "Point",
        "coordinates": [
          166.68905,
          -13.39649
        ]
      },
      "properties": {
        "name": "Valikwal",
        "placetype": "Locality",
        "population": null,
        "country": "VU",
        "wikidata_id": "",
        "locality_id": "1226263917"
      }
    },
    {
      "type": "Feature",
      "geometry": {
        "type": "Point",
        "coordinates": [
          168.2,
          -16.0
        ]
      },
      "properties": {
        "name": "Lonboureoul",
        "placetype": "Locality",
        "population": null,
        "country": "VU",
        "wikidata_id": "",
        "locality_id": "1226306597"
      }
    },
    {
      "type": "Feature",
      "geometry": {
        "type": "Point",
        "coordinates": [
          168.30111,
          -17.73333
        ]
      },
      "properties": {
        "name": "Anabrou",
        "placetype": "Locality",
        "population": null,
        "country": "VU",
        "wikidata_id": "",
        "locality_id": "1226309249"
      }
    },
    {
      "type": "Feature",
      "geometry": {
        "type": "Point",
        "coordinates": [
          167.95,
          -16.23333
        ]
      },
      "properties": {
        "name": "Toou",
        "placetype": "Locality",
        "population": null,
        "country": "VU",
        "wikidata_id": "",
        "locality_id": "1226312555"
      }
    },
    {
      "type": "Feature",
      "geometry": {
        "type": "Point",
        "coordinates": [
          166.75,
          -15.55
        ]
      },
      "properties": {
        "name": "Tsinioni",
        "placetype": "Locality",
        "population": null,
        "country": "VU",
        "wikidata_id": "",
        "locality_id": "1226314315"
      }
    },
    {
      "type": "Feature",
      "geometry": {
        "type": "Point",
        "coordinates": [
          167.7,
          -15.4
        ]
      },
      "properties": {
        "name": "Amata",
        "placetype": "Locality",
        "population": null,
        "country": "VU",
        "wikidata_id": "",
        "locality_id": "1226314421"
      }
    },
    {
      "type": "Feature",
      "geometry": {
        "type": "Point",
        "coordinates": [
          167.31667,
          -15.95
        ]
      },
      "properties": {
        "name": "Lavalsal",
        "placetype": "Locality",
        "population": null,
        "country": "VU",
        "wikidata_id": "",
        "locality_id": "1226315297"
      }
    },
    {
      "type": "Feature",
      "geometry": {
        "type": "Point",
        "coordinates": [
          168.36667,
          -17.48333
        ]
      },
      "properties": {
        "name": "Woralapa",
        "placetype": "Locality",
        "population": null,
        "country": "VU",
        "wikidata_id": "",
        "locality_id": "1226318549"
      }
    },
    {
      "type": "Feature",
      "geometry": {
        "type": "Point",
        "coordinates": [
          168.15,
          -15.48333
        ]
      },
      "properties": {
        "name": "Aronbalato",
        "placetype": "Locality",
        "population": null,
        "country": "VU",
        "wikidata_id": "",
        "locality_id": "1226318905"
      }
    },
    {
      "type": "Feature",
      "geometry": {
        "type": "Point",
        "coordinates": [
          168.18333,
          -15.95
        ]
      },
      "properties": {
        "name": "Salap",
        "placetype": "Locality",
        "population": null,
        "country": "VU",
        "wikidata_id": "",
        "locality_id": "1226318929"
      }
    },
    {
      "type": "Feature",
      "geometry": {
        "type": "Point",
        "coordinates": [
          168.11667,
          -15.63333
        ]
      },
      "properties": {
        "name": "Iliwaba",
        "placetype": "Locality",
        "population": null,
        "country": "VU",
        "wikidata_id": "",
        "locality_id": "1226318987"
      }
    },
    {
      "type": "Feature",
      "geometry": {
        "type": "Point",
        "coordinates": [
          166.8,
          -15.41667
        ]
      },
      "properties": {
        "name": "Louri",
        "placetype": "Locality",
        "population": null,
        "country": "VU",
        "wikidata_id": "",
        "locality_id": "1226322103"
      }
    },
    {
      "type": "Feature",
      "geometry": {
        "type": "Point",
        "coordinates": [
          166.81667,
          -15.15
        ]
      },
      "properties": {
        "name": "Orota",
        "placetype": "Locality",
        "population": null,
        "country": "VU",
        "wikidata_id": "",
        "locality_id": "1226322157"
      }
    },
    {
      "type": "Feature",
      "geometry": {
        "type": "Point",
        "coordinates": [
          169.779,
          -20.23196
        ]
      },
      "properties": {
        "name": "Anware",
        "placetype": "Locality",
        "population": null,
        "country": "VU",
        "wikidata_id": "",
        "locality_id": "1226325457"
      }
    },
    {
      "type": "Feature",
      "geometry": {
        "type": "Point",
        "coordinates": [
          169.43333,
          -19.56667
        ]
      },
      "properties": {
        "name": "Isarkey",
        "placetype": "Locality",
        "population": null,
        "country": "VU",
        "wikidata_id": "",
        "locality_id": "1226325533"
      }
    },
    {
      "type": "Feature",
      "geometry": {
        "type": "Point",
        "coordinates": [
          167.46667,
          -14.36667
        ]
      },
      "properties": {
        "name": "Makeone",
        "placetype": "Locality",
        "population": null,
        "country": "VU",
        "wikidata_id": "",
        "locality_id": "1226334067"
      }
    },
    {
      "type": "Feature",
      "geometry": {
        "type": "Point",
        "coordinates": [
          167.62376,
          -13.70964
        ]
      },
      "properties": {
        "name": "Lahlap",
        "placetype": "Locality",
        "population": null,
        "country": "VU",
        "wikidata_id": "",
        "locality_id": "1226361145"
      }
    },
    {
      "type": "Feature",
      "geometry": {
        "type": "Point",
        "coordinates": [
          169.31667,
          -19.38333
        ]
      },
      "properties": {
        "name": "Loelafomwa",
        "placetype": "Locality",
        "population": null,
        "country": "VU",
        "wikidata_id": "",
        "locality_id": "1226412823"
      }
    },
    {
      "type": "Feature",
      "geometry": {
        "type": "Point",
        "coordinates": [
          167.9,
          -15.41667
        ]
      },
      "properties": {
        "name": "Lonhao",
        "placetype": "Locality",
        "population": null,
        "country": "VU",
        "wikidata_id": "",
        "locality_id": "1226413983"
      }
    },
    {
      "type": "Feature",
      "geometry": {
        "type": "Point",
        "coordinates": [
          168.2,
          -16.5
        ]
      },
      "properties": {
        "name": "Taal Netan",
        "placetype": "Locality",
        "population": null,
        "country": "VU",
        "wikidata_id": "",
        "locality_id": "1226415097"
      }
    },
    {
      "type": "Feature",
      "geometry": {
        "type": "Point",
        "coordinates": [
          169.45,
          -19.5
        ]
      },
      "properties": {
        "name": "Telekey",
        "placetype": "Locality",
        "population": null,
        "country": "VU",
        "wikidata_id": "",
        "locality_id": "1226415781"
      }
    },
    {
      "type": "Feature",
      "geometry": {
        "type": "Point",
        "coordinates": [
          168.4,
          -17.53333
        ]
      },
      "properties": {
        "name": "Paonangisu",
        "placetype": "Locality",
        "population": null,
        "country": "VU",
        "wikidata_id": "",
        "locality_id": "1226418449"
      }
    },
    {
      "type": "Feature",
      "geometry": {
        "type": "Point",
        "coordinates": [
          166.85,
          -15.53333
        ]
      },
      "properties": {
        "name": "Laven",
        "placetype": "Locality",
        "population": null,
        "country": "VU",
        "wikidata_id": "",
        "locality_id": "1226421925"
      }
    },
    {
      "type": "Feature",
      "geometry": {
        "type": "Point",
        "coordinates": [
          166.94472,
          -15.58112
        ]
      },
      "properties": {
        "name": "Wailapa",
        "placetype": "Locality",
        "population": null,
        "country": "VU",
        "wikidata_id": "",
        "locality_id": "1226421931"
      }
    },
    {
      "type": "Feature",
      "geometry": {
        "type": "Point",
        "coordinates": [
          166.68333,
          -14.76667
        ]
      },
      "properties": {
        "name": "Malvouko",
        "placetype": "Locality",
        "population": null,
        "country": "VU",
        "wikidata_id": "",
        "locality_id": "1226422051"
      }
    },
    {
      "type": "Feature",
      "geometry": {
        "type": "Point",
        "coordinates": [
          169.41667,
          -19.55
        ]
      },
      "properties": {
        "name": "Loanengo",
        "placetype": "Locality",
        "population": null,
        "country": "VU",
        "wikidata_id": "",
        "locality_id": "1226425341"
      }
    },
    {
      "type": "Feature",
      "geometry": {
        "type": "Point",
        "coordinates": [
          166.96667,
          -15.41667
        ]
      },
      "properties": {
        "name": "Ropoutsoum",
        "placetype": "Locality",
        "population": null,
        "country": "VU",
        "wikidata_id": "",
        "locality_id": "1226428699"
      }
    },
    {
      "type": "Feature",
      "geometry": {
        "type": "Point",
        "coordinates": [
          167.45,
          -13.96667
        ]
      },
      "properties": {
        "name": "Wasaka",
        "placetype": "Locality",
        "population": null,
        "country": "VU",
        "wikidata_id": "",
        "locality_id": "1226434317"
      }
    },
    {
      "type": "Feature",
      "geometry": {
        "type": "Point",
        "coordinates": [
          166.58254,
          -13.14847
        ]
      },
      "properties": {
        "name": "Yaqane",
        "placetype": "Locality",
        "population": null,
        "country": "VU",
        "wikidata_id": "",
        "locality_id": "1226452883"
      }
    },
    {
      "type": "Feature",
      "geometry": {
        "type": "Point",
        "coordinates": [
          167.18333,
          -15.98333
        ]
      },
      "properties": {
        "name": "Oroni",
        "placetype": "Locality",
        "population": null,
        "country": "VU",
        "wikidata_id": "",
        "locality_id": "1226511931"
      }
    },
    {
      "type": "Feature",
      "geometry": {
        "type": "Point",
        "coordinates": [
          167.95,
          -15.35
        ]
      },
      "properties": {
        "name": "Lavonda",
        "placetype": "Locality",
        "population": null,
        "country": "VU",
        "wikidata_id": "",
        "locality_id": "1226513805"
      }
    },
    {
      "type": "Feature",
      "geometry": {
        "type": "Point",
        "coordinates": [
          167.36667,
          -16.0
        ]
      },
      "properties": {
        "name": "Worlembraki",
        "placetype": "Locality",
        "population": null,
        "country": "VU",
        "wikidata_id": "",
        "locality_id": "1226514817"
      }
    },
    {
      "type": "Feature",
      "geometry": {
        "type": "Point",
        "coordinates": [
          167.41667,
          -16.5
        ]
      },
      "properties": {
        "name": "Benehour",
        "placetype": "Locality",
        "population": null,
        "country": "VU",
        "wikidata_id": "",
        "locality_id": "1226514835"
      }
    },
    {
      "type": "Feature",
      "geometry": {
        "type": "Point",
        "coordinates": [
          167.8,
          -16.43333
        ]
      },
      "properties": {
        "name": "Lamap",
        "placetype": "Locality",
        "population": null,
        "country": "VU",
        "wikidata_id": "",
        "locality_id": "1226514849"
      }
    },
    {
      "type": "Feature",
      "geometry": {
        "type": "Point",
        "coordinates": [
          168.15,
          -15.71667
        ]
      },
      "properties": {
        "name": "Metarouk",
        "placetype": "Locality",
        "population": null,
        "country": "VU",
        "wikidata_id": "",
        "locality_id": "1226518501"
      }
    },
    {
      "type": "Feature",
      "geometry": {
        "type": "Point",
        "coordinates": [
          168.08333,
          -14.95
        ]
      },
      "properties": {
        "name": "Patembiou",
        "placetype": "Locality",
        "population": null,
        "country": "VU",
        "wikidata_id": "",
        "locality_id": "1226518597"
      }
    },
    {
      "type": "Feature",
      "geometry": {
        "type": "Point",
        "coordinates": [
          166.81667,
          -15.46667
        ]
      },
      "properties": {
        "name": "Koulouwan",
        "placetype": "Locality",
        "population": null,
        "country": "VU",
        "wikidata_id": "",
        "locality_id": "1226518717"
      }
    },
    {
      "type": "Feature",
      "geometry": {
        "type": "Point",
        "coordinates": [
          167.03333,
          -15.58333
        ]
      },
      "properties": {
        "name": "Neafou",
        "placetype": "Locality",
        "population": null,
        "country": "VU",
        "wikidata_id": "",
        "locality_id": "1226521789"
      }
    },
    {
      "type": "Feature",
      "geometry": {
        "type": "Point",
        "coordinates": [
          167.41667,
          -16.1
        ]
      },
      "properties": {
        "name": "Oussele",
        "placetype": "Locality",
        "population": null,
        "country": "VU",
        "wikidata_id": "",
        "locality_id": "1226524521"
      }
    },
    {
      "type": "Feature",
      "geometry": {
        "type": "Point",
        "coordinates": [
          168.23333,
          -16.36667
        ]
      },
      "properties": {
        "name": "Tetavale",
        "placetype": "Locality",
        "population": null,
        "country": "VU",
        "wikidata_id": "",
        "locality_id": "1226524541"
      }
    },
    {
      "type": "Feature",
      "geometry": {
        "type": "Point",
        "coordinates": [
          167.41667,
          -14.25
        ]
      },
      "properties": {
        "name": "Olwaa",
        "placetype": "Locality",
        "population": null,
        "country": "VU",
        "wikidata_id": "",
        "locality_id": "1226533879"
      }
    },
    {
      "type": "Feature",
      "geometry": {
        "type": "Point",
        "coordinates": [
          168.41667,
          -17.06667
        ]
      },
      "properties": {
        "name": "Tongamea",
        "placetype": "Locality",
        "population": null,
        "country": "VU",
        "wikidata_id": "",
        "locality_id": "1226608313"
      }
    },
    {
      "type": "Feature",
      "geometry": {
        "type": "Point",
        "coordinates": [
          167.91667,
          -15.38333
        ]
      },
      "properties": {
        "name": "Lowosi",
        "placetype": "Locality",
        "population": null,
        "country": "VU",
        "wikidata_id": "",
        "locality_id": "1226608725"
      }
    },
    {
      "type": "Feature",
      "geometry": {
        "type": "Point",
        "coordinates": [
          167.93333,
          -15.35
        ]
      },
      "properties": {
        "name": "Lolimari",
        "placetype": "Locality",
        "population": null,
        "country": "VU",
        "wikidata_id": "",
        "locality_id": "1226608781"
      }
    },
    {
      "type": "Feature",
      "geometry": {
        "type": "Point",
        "coordinates": [
          168.11667,
          -16.71667
        ]
      },
      "properties": {
        "name": "Bouroumba",
        "placetype": "Locality",
        "population": null,
        "country": "VU",
        "wikidata_id": "",
        "locality_id": "1226611775"
      }
    },
    {
      "type": "Feature",
      "geometry": {
        "type": "Point",
        "coordinates": [
          168.35,
          -16.53333
        ]
      },
      "properties": {
        "name": "Halos",
        "placetype": "Locality",
        "population": null,
        "country": "VU",
        "wikidata_id": "",
        "locality_id": "1226615429"
      }
    },
    {
      "type": "Feature",
      "geometry": {
        "type": "Point",
        "coordinates": [
          169.82969,
          -20.13837
        ]
      },
      "properties": {
        "name": "Port Patrick",
        "placetype": "Locality",
        "population": null,
        "country": "VU",
        "wikidata_id": "",
        "locality_id": "1226616157"
      }
    },
    {
      "type": "Feature",
      "geometry": {
        "type": "Point",
        "coordinates": [
          169.46667,
          -19.56667
        ]
      },
      "properties": {
        "name": "Tatouira",
        "placetype": "Locality",
        "population": null,
        "country": "VU",
        "wikidata_id": "",
        "locality_id": "1226616301"
      }
    },
    {
      "type": "Feature",
      "geometry": {
        "type": "Point",
        "coordinates": [
          168.11667,
          -16.11667
        ]
      },
      "properties": {
        "name": "Bwehaltalam",
        "placetype": "Locality",
        "population": null,
        "country": "VU",
        "wikidata_id": "",
        "locality_id": "1226618619"
      }
    },
    {
      "type": "Feature",
      "geometry": {
        "type": "Point",
        "coordinates": [
          167.56667,
          -16.55
        ]
      },
      "properties": {
        "name": "Malfakal",
        "placetype": "Locality",
        "population": null,
        "country": "VU",
        "wikidata_id": "",
        "locality_id": "1226618659"
      }
    },
    {
      "type": "Feature",
      "geometry": {
        "type": "Point",
        "coordinates": [
          168.38333,
          -16.25
        ]
      },
      "properties": {
        "name": "Panmouwouom",
        "placetype": "Locality",
        "population": null,
        "country": "VU",
        "wikidata_id": "",
        "locality_id": "1226618669"
      }
    },
    {
      "type": "Feature",
      "geometry": {
        "type": "Point",
        "coordinates": [
          166.95,
          -15.48333
        ]
      },
      "properties": {
        "name": "Taboutsoui",
        "placetype": "Locality",
        "population": null,
        "country": "VU",
        "wikidata_id": "",
        "locality_id": "1226622531"
      }
    },
    {
      "type": "Feature",
      "geometry": {
        "type": "Point",
        "coordinates": [
          166.85,
          -15.43333
        ]
      },
      "properties": {
        "name": "Oroibao",
        "placetype": "Locality",
        "population": null,
        "country": "VU",
        "wikidata_id": "",
        "locality_id": "1226625563"
      }
    },
    {
      "type": "Feature",
      "geometry": {
        "type": "Point",
        "coordinates": [
          166.75,
          -14.85
        ]
      },
      "properties": {
        "name": "Laone",
        "placetype": "Locality",
        "population": null,
        "country": "VU",
        "wikidata_id": "",
        "locality_id": "1226625599"
      }
    },
    {
      "type": "Feature",
      "geometry": {
        "type": "Point",
        "coordinates": [
          167.33333,
          -15.95
        ]
      },
      "properties": {
        "name": "Naous",
        "placetype": "Locality",
        "population": null,
        "country": "VU",
        "wikidata_id": "",
        "locality_id": "1226628475"
      }
    },
    {
      "type": "Feature",
      "geometry": {
        "type": "Point",
        "coordinates": [
          167.16667,
          -16.03333
        ]
      },
      "properties": {
        "name": "Tenmarou",
        "placetype": "Locality",
        "population": null,
        "country": "VU",
        "wikidata_id": "",
        "locality_id": "1226628485"
      }
    },
    {
      "type": "Feature",
      "geometry": {
        "type": "Point",
        "coordinates": [
          169.43333,
          -19.56667
        ]
      },
      "properties": {
        "name": "Yanavatang",
        "placetype": "Locality",
        "population": null,
        "country": "VU",
        "wikidata_id": "",
        "locality_id": "1226629045"
      }
    },
    {
      "type": "Feature",
      "geometry": {
        "type": "Point",
        "coordinates": [
          169.45,
          -19.51667
        ]
      },
      "properties": {
        "name": "Ipeukel",
        "placetype": "Locality",
        "population": null,
        "country": "VU",
        "wikidata_id": "",
        "locality_id": "1226629209"
      }
    },
    {
      "type": "Feature",
      "geometry": {
        "type": "Point",
        "coordinates": [
          166.76667,
          -15.58333
        ]
      },
      "properties": {
        "name": "Losoue",
        "placetype": "Locality",
        "population": null,
        "country": "VU",
        "wikidata_id": "",
        "locality_id": "1226632547"
      }
    },
    {
      "type": "Feature",
      "geometry": {
        "type": "Point",
        "coordinates": [
          166.70464,
          -13.42916
        ]
      },
      "properties": {
        "name": "Kwururetokwa",
        "placetype": "Locality",
        "population": null,
        "country": "VU",
        "wikidata_id": "",
        "locality_id": "1226655901"
      }
    },
    {
      "type": "Feature",
      "geometry": {
        "type": "Point",
        "coordinates": [
          167.7067,
          -13.65452
        ]
      },
      "properties": {
        "name": "Telvet",
        "placetype": "Locality",
        "population": null,
        "country": "VU",
        "wikidata_id": "",
        "locality_id": "1226656407"
      }
    },
    {
      "type": "Feature",
      "geometry": {
        "type": "Point",
        "coordinates": [
          167.43466,
          -14.31443
        ]
      },
      "properties": {
        "name": "Qtevut",
        "placetype": "Locality",
        "population": null,
        "country": "VU",
        "wikidata_id": "",
        "locality_id": "1226656429"
      }
    },
    {
      "type": "Feature",
      "geometry": {
        "type": "Point",
        "coordinates": [
          168.35,
          -17.48333
        ]
      },
      "properties": {
        "name": "Nikapa",
        "placetype": "Locality",
        "population": null,
        "country": "VU",
        "wikidata_id": "",
        "locality_id": "1226713345"
      }
    },
    {
      "type": "Feature",
      "geometry": {
        "type": "Point",
        "coordinates": [
          168.36667,
          -17.05
        ]
      },
      "properties": {
        "name": "Marae",
        "placetype": "Locality",
        "population": null,
        "country": "VU",
        "wikidata_id": "",
        "locality_id": "1226716165"
      }
    },
    {
      "type": "Feature",
      "geometry": {
        "type": "Point",
        "coordinates": [
          167.21667,
          -16.06667
        ]
      },
      "properties": {
        "name": "Amok",
        "placetype": "Locality",
        "population": null,
        "country": "VU",
        "wikidata_id": "",
        "locality_id": "1226719633"
      }
    },
    {
      "type": "Feature",
      "geometry": {
        "type": "Point",
        "coordinates": [
          169.33422,
          -19.4015
        ]
      },
      "properties": {
        "name": "Enpeklapen",
        "placetype": "Locality",
        "population": null,
        "country": "VU",
        "wikidata_id": "",
        "locality_id": "1226720391"
      }
    },
    {
      "type": "Feature",
      "geometry": {
        "type": "Point",
        "coordinates": [
          167.2,
          -15.9
        ]
      },
      "properties": {
        "name": "Lesarmalras",
        "placetype": "Locality",
        "population": null,
        "country": "VU",
        "wikidata_id": "",
        "locality_id": "1226722503"
      }
    },
    {
      "type": "Feature",
      "geometry": {
        "type": "Point",
        "coordinates": [
          167.18333,
          -15.95
        ]
      },
      "properties": {
        "name": "Tenmial",
        "placetype": "Locality",
        "population": null,
        "country": "VU",
        "wikidata_id": "",
        "locality_id": "1226722565"
      }
    },
    {
      "type": "Feature",
      "geometry": {
        "type": "Point",
        "coordinates": [
          167.16667,
          -15.93333
        ]
      },
      "properties": {
        "name": "Tentaressak",
        "placetype": "Locality",
        "population": null,
        "country": "VU",
        "wikidata_id": "",
        "locality_id": "1226722575"
      }
    },
    {
      "type": "Feature",
      "geometry": {
        "type": "Point",
        "coordinates": [
          168.16667,
          -16.6
        ]
      },
      "properties": {
        "name": "Lowekewou",
        "placetype": "Locality",
        "population": null,
        "country": "VU",
        "wikidata_id": "",
        "locality_id": "1226725691"
      }
    },
    {
      "type": "Feature",
      "geometry": {
        "type": "Point",
        "coordinates": [
          166.86667,
          -15.43333
        ]
      },
      "properties": {
        "name": "Boutnavaga",
        "placetype": "Locality",
        "population": null,
        "country": "VU",
        "wikidata_id": "",
        "locality_id": "1226726411"
      }
    },
    {
      "type": "Feature",
      "geometry": {
        "type": "Point",
        "coordinates": [
          166.83333,
          -15.5
        ]
      },
      "properties": {
        "name": "Kerentavou",
        "placetype": "Locality",
        "population": null,
        "country": "VU",
        "wikidata_id": "",
        "locality_id": "1226729121"
      }
    },
    {
      "type": "Feature",
      "geometry": {
        "type": "Point",
        "coordinates": [
          166.71667,
          -15.51667
        ]
      },
      "properties": {
        "name": "Bouisourou",
        "placetype": "Locality",
        "population": null,
        "country": "VU",
        "wikidata_id": "",
        "locality_id": "1226735965"
      }
    },
    {
      "type": "Feature",
      "geometry": {
        "type": "Point",
        "coordinates": [
          167.03333,
          -15.58333
        ]
      },
      "properties": {
        "name": "Benavoue",
        "placetype": "Locality",
        "population": null,
        "country": "VU",
        "wikidata_id": "",
        "locality_id": "1226736147"
      }
    },
    {
      "type": "Feature",
      "geometry": {
        "type": "Point",
        "coordinates": [
          167.58333,
          -13.88333
        ]
      },
      "properties": {
        "name": "Kerepoua",
        "placetype": "Locality",
        "population": null,
        "country": "VU",
        "wikidata_id": "",
        "locality_id": "1226744385"
      }
    },
    {
      "type": "Feature",
      "geometry": {
        "type": "Point",
        "coordinates": [
          166.63405,
          -13.33502
        ]
      },
      "properties": {
        "name": "Lungharigi",
        "placetype": "Locality",
        "population": null,
        "country": "VU",
        "wikidata_id": "",
        "locality_id": "1226744457"
      }
    },
    {
      "type": "Feature",
      "geometry": {
        "type": "Point",
        "coordinates": [
          168.28333,
          -16.68333
        ]
      },
      "properties": {
        "name": "Leppa",
        "placetype": "Locality",
        "population": null,
        "country": "VU",
        "wikidata_id": "",
        "locality_id": "1226812349"
      }
    },
    {
      "type": "Feature",
      "geometry": {
        "type": "Point",
        "coordinates": [
          168.11667,
          -15.7
        ]
      },
      "properties": {
        "name": "Linen",
        "placetype": "Locality",
        "population": null,
        "country": "VU",
        "wikidata_id": "",
        "locality_id": "1226812791"
      }
    },
    {
      "type": "Feature",
      "geometry": {
        "type": "Point",
        "coordinates": [
          167.8,
          -15.33333
        ]
      },
      "properties": {
        "name": "Loloarou",
        "placetype": "Locality",
        "population": null,
        "country": "VU",
        "wikidata_id": "",
        "locality_id": "1226812793"
      }
    },
    {
      "type": "Feature",
      "geometry": {
        "type": "Point",
        "coordinates": [
          167.91667,
          -15.41667
        ]
      },
      "properties": {
        "name": "Lomateiwei",
        "placetype": "Locality",
        "population": null,
        "country": "VU",
        "wikidata_id": "",
        "locality_id": "1226812807"
      }
    },
    {
      "type": "Feature",
      "geometry": {
        "type": "Point",
        "coordinates": [
          168.15,
          -16.63333
        ]
      },
      "properties": {
        "name": "Ringdove",
        "placetype": "Locality",
        "population": null,
        "country": "VU",
        "wikidata_id": "",
        "locality_id": "1226815453"
      }
    },
    {
      "type": "Feature",
      "geometry": {
        "type": "Point",
        "coordinates": [
          167.85,
          -15.31667
        ]
      },
      "properties": {
        "name": "Lolombivounie",
        "placetype": "Locality",
        "population": null,
        "country": "VU",
        "wikidata_id": "",
        "locality_id": "1226820565"
      }
    },
    {
      "type": "Feature",
      "geometry": {
        "type": "Point",
        "coordinates": [
          167.48333,
          -16.16667
        ]
      },
      "properties": {
        "name": "Barik",
        "placetype": "Locality",
        "population": null,
        "country": "VU",
        "wikidata_id": "",
        "locality_id": "1226821559"
      }
    },
    {
      "type": "Feature",
      "geometry": {
        "type": "Point",
        "coordinates": [
          169.25,
          -19.51667
        ]
      },
      "properties": {
        "name": "Loouanapouta",
        "placetype": "Locality",
        "population": null,
        "country": "VU",
        "wikidata_id": "",
        "locality_id": "1226822241"
      }
    },
    {
      "type": "Feature",
      "geometry": {
        "type": "Point",
        "coordinates": [
          168.48333,
          -17.5
        ]
      },
      "properties": {
        "name": "Wiana",
        "placetype": "Locality",
        "population": null,
        "country": "VU",
        "wikidata_id": "",
        "locality_id": "1226824963"
      }
    },
    {
      "type": "Feature",
      "geometry": {
        "type": "Point",
        "coordinates": [
          168.15,
          -15.5
        ]
      },
      "properties": {
        "name": "Atangouroua",
        "placetype": "Locality",
        "population": null,
        "country": "VU",
        "wikidata_id": "",
        "locality_id": "1226825373"
      }
    },
    {
      "type": "Feature",
      "geometry": {
        "type": "Point",
        "coordinates": [
          167.06667,
          -15.1
        ]
      },
      "properties": {
        "name": "Aala",
        "placetype": "Locality",
        "population": null,
        "country": "VU",
        "wikidata_id": "",
        "locality_id": "1226825573"
      }
    },
    {
      "type": "Feature",
      "geometry": {
        "type": "Point",
        "coordinates": [
          168.11667,
          -16.15
        ]
      },
      "properties": {
        "name": "Ranon",
        "placetype": "Locality",
        "population": null,
        "country": "VU",
        "wikidata_id": "",
        "locality_id": "1226831179"
      }
    },
    {
      "type": "Feature",
      "geometry": {
        "type": "Point",
        "coordinates": [
          167.53333,
          -13.8
        ]
      },
      "properties": {
        "name": "Qanglav",
        "placetype": "Locality",
        "population": null,
        "country": "VU",
        "wikidata_id": "",
        "locality_id": "1242569489"
      }
    },
    {
      "type": "Feature",
      "geometry": {
        "type": "Point",
        "coordinates": [
          167.4287,
          -13.89253
        ]
      },
      "properties": {
        "name": "Vera'a",
        "placetype": "Locality",
        "population": null,
        "country": "VU",
        "wikidata_id": "",
        "locality_id": "1242592647"
      }
    },
    {
      "type": "Feature",
      "geometry": {
        "type": "Point",
        "coordinates": [
          168.55,
          -17.75
        ]
      },
      "properties": {
        "name": "Eton",
        "placetype": "Locality",
        "population": null,
        "country": "VU",
        "wikidata_id": "",
        "locality_id": "1242640663"
      }
    },
    {
      "type": "Feature",
      "geometry": {
        "type": "Point",
        "coordinates": [
          168.1,
          -16.16667
        ]
      },
      "properties": {
        "name": "Melibwe",
        "placetype": "Locality",
        "population": null,
        "country": "VU",
        "wikidata_id": "",
        "locality_id": "1242646897"
      }
    },
    {
      "type": "Feature",
      "geometry": {
        "type": "Point",
        "coordinates": [
          168.13333,
          -15.71667
        ]
      },
      "properties": {
        "name": "Houbikou",
        "placetype": "Locality",
        "population": null,
        "country": "VU",
        "wikidata_id": "",
        "locality_id": "1242648807"
      }
    },
    {
      "type": "Feature",
      "geometry": {
        "type": "Point",
        "coordinates": [
          168.15,
          -15.55
        ]
      },
      "properties": {
        "name": "Lamorountoa",
        "placetype": "Locality",
        "population": null,
        "country": "VU",
        "wikidata_id": "",
        "locality_id": "1242648811"
      }
    },
    {
      "type": "Feature",
      "geometry": {
        "type": "Point",
        "coordinates": [
          168.21667,
          -16.36667
        ]
      },
      "properties": {
        "name": "Bowe",
        "placetype": "Locality",
        "population": null,
        "country": "VU",
        "wikidata_id": "",
        "locality_id": "1242650049"
      }
    },
    {
      "type": "Feature",
      "geometry": {
        "type": "Point",
        "coordinates": [
          168.13333,
          -15.76667
        ]
      },
      "properties": {
        "name": "Varabibi",
        "placetype": "Locality",
        "population": null,
        "country": "VU",
        "wikidata_id": "",
        "locality_id": "1242653741"
      }
    },
    {
      "type": "Feature",
      "geometry": {
        "type": "Point",
        "coordinates": [
          168.13333,
          -15.73333
        ]
      },
      "properties": {
        "name": "Ilamre",
        "placetype": "Locality",
        "population": null,
        "country": "VU",
        "wikidata_id": "",
        "locality_id": "1242653757"
      }
    },
    {
      "type": "Feature",
      "geometry": {
        "type": "Point",
        "coordinates": [
          167.98333,
          -15.3
        ]
      },
      "properties": {
        "name": "Lowatmemer",
        "placetype": "Locality",
        "population": null,
        "country": "VU",
        "wikidata_id": "",
        "locality_id": "1242653803"
      }
    },
    {
      "type": "Feature",
      "geometry": {
        "type": "Point",
        "coordinates": [
          168.16667,
          -15.78333
        ]
      },
      "properties": {
        "name": "Waterfall",
        "placetype": "Locality",
        "population": null,
        "country": "VU",
        "wikidata_id": "",
        "locality_id": "1242653829"
      }
    },
    {
      "type": "Feature",
      "geometry": {
        "type": "Point",
        "coordinates": [
          166.81667,
          -15.63333
        ]
      },
      "properties": {
        "name": "Valae",
        "placetype": "Locality",
        "population": null,
        "country": "VU",
        "wikidata_id": "",
        "locality_id": "1242653995"
      }
    },
    {
      "type": "Feature",
      "geometry": {
        "type": "Point",
        "coordinates": [
          166.66667,
          -15.26667
        ]
      },
      "properties": {
        "name": "Wounapaka",
        "placetype": "Locality",
        "population": null,
        "country": "VU",
        "wikidata_id": "",
        "locality_id": "1242653999"
      }
    },
    {
      "type": "Feature",
      "geometry": {
        "type": "Point",
        "coordinates": [
          167.75,
          -15.48333
        ]
      },
      "properties": {
        "name": "Lolobanga",
        "placetype": "Locality",
        "population": null,
        "country": "VU",
        "wikidata_id": "",
        "locality_id": "1242741509"
      }
    },
    {
      "type": "Feature",
      "geometry": {
        "type": "Point",
        "coordinates": [
          168.26667,
          -17.56667
        ]
      },
      "properties": {
        "name": "Port-Havannah",
        "placetype": "Locality",
        "population": null,
        "country": "VU",
        "wikidata_id": "",
        "locality_id": "1242744179"
      }
    },
    {
      "type": "Feature",
      "geometry": {
        "type": "Point",
        "coordinates": [
          168.2,
          -17.63333
        ]
      },
      "properties": {
        "name": "Malaliou",
        "placetype": "Locality",
        "population": null,
        "country": "VU",
        "wikidata_id": "",
        "locality_id": "1242744251"
      }
    },
    {
      "type": "Feature",
      "geometry": {
        "type": "Point",
        "coordinates": [
          168.3848,
          -17.06685
        ]
      },
      "properties": {
        "name": "Worarana",
        "placetype": "Locality",
        "population": null,
        "country": "VU",
        "wikidata_id": "",
        "locality_id": "1242747631"
      }
    },
    {
      "type": "Feature",
      "geometry": {
        "type": "Point",
        "coordinates": [
          167.21667,
          -15.7
        ]
      },
      "properties": {
        "name": "Aroka",
        "placetype": "Locality",
        "population": null,
        "country": "VU",
        "wikidata_id": "",
        "locality_id": "1242749317"
      }
    },
    {
      "type": "Feature",
      "geometry": {
        "type": "Point",
        "coordinates": [
          168.26667,
          -16.3
        ]
      },
      "properties": {
        "name": "Ase",
        "placetype": "Locality",
        "population": null,
        "country": "VU",
        "wikidata_id": "",
        "locality_id": "1242750427"
      }
    },
    {
      "type": "Feature",
      "geometry": {
        "type": "Point",
        "coordinates": [
          166.76667,
          -14.9
        ]
      },
      "properties": {
        "name": "Tabalabalaran",
        "placetype": "Locality",
        "population": null,
        "country": "VU",
        "wikidata_id": "",
        "locality_id": "1242757255"
      }
    },
    {
      "type": "Feature",
      "geometry": {
        "type": "Point",
        "coordinates": [
          166.76667,
          -15.65
        ]
      },
      "properties": {
        "name": "Tanbouipil",
        "placetype": "Locality",
        "population": null,
        "country": "VU",
        "wikidata_id": "",
        "locality_id": "1242764005"
      }
    },
    {
      "type": "Feature",
      "geometry": {
        "type": "Point",
        "coordinates": [
          166.61667,
          -15.05
        ]
      },
      "properties": {
        "name": "Wounsoule",
        "placetype": "Locality",
        "population": null,
        "country": "VU",
        "wikidata_id": "",
        "locality_id": "1242764033"
      }
    },
    {
      "type": "Feature",
      "geometry": {
        "type": "Point",
        "coordinates": [
          169.14388,
          -18.92577
        ]
      },
      "properties": {
        "name": "umpon Mompu",
        "placetype": "Locality",
        "population": null,
        "country": "VU",
        "wikidata_id": "",
        "locality_id": "1242792803"
      }
    },
    {
      "type": "Feature",
      "geometry": {
        "type": "Point",
        "coordinates": [
          168.18333,
          -15.96667
        ]
      },
      "properties": {
        "name": "Pantevamal",
        "placetype": "Locality",
        "population": null,
        "country": "VU",
        "wikidata_id": "",
        "locality_id": "1242837983"
      }
    },
    {
      "type": "Feature",
      "geometry": {
        "type": "Point",
        "coordinates": [
          168.39174,
          -17.81734
        ]
      },
      "properties": {
        "name": "Temaonu",
        "placetype": "Locality",
        "population": null,
        "country": "VU",
        "wikidata_id": "",
        "locality_id": "1242840533"
      }
    },
    {
      "type": "Feature",
      "geometry": {
        "type": "Point",
        "coordinates": [
          167.16667,
          -15.93333
        ]
      },
      "properties": {
        "name": "Matanvat",
        "placetype": "Locality",
        "population": null,
        "country": "VU",
        "wikidata_id": "",
        "locality_id": "1242844067"
      }
    },
    {
      "type": "Feature",
      "geometry": {
        "type": "Point",
        "coordinates": [
          167.96667,
          -15.31667
        ]
      },
      "properties": {
        "name": "Nagap",
        "placetype": "Locality",
        "population": null,
        "country": "VU",
        "wikidata_id": "",
        "locality_id": "1242845863"
      }
    },
    {
      "type": "Feature",
      "geometry": {
        "type": "Point",
        "coordinates": [
          168.33333,
          -17.55
        ]
      },
      "properties": {
        "name": "Wara Kapa",
        "placetype": "Locality",
        "population": null,
        "country": "VU",
        "wikidata_id": "",
        "locality_id": "1242850327"
      }
    },
    {
      "type": "Feature",
      "geometry": {
        "type": "Point",
        "coordinates": [
          166.76667,
          -15.5
        ]
      },
      "properties": {
        "name": "Poporonous",
        "placetype": "Locality",
        "population": null,
        "country": "VU",
        "wikidata_id": "",
        "locality_id": "1242850871"
      }
    },
    {
      "type": "Feature",
      "geometry": {
        "type": "Point",
        "coordinates": [
          167.1,
          -15.13333
        ]
      },
      "properties": {
        "name": "Hog Harbour",
        "placetype": "Locality",
        "population": null,
        "country": "VU",
        "wikidata_id": "",
        "locality_id": "1242850907"
      }
    },
    {
      "type": "Feature",
      "geometry": {
        "type": "Point",
        "coordinates": [
          167.18333,
          -16.03333
        ]
      },
      "properties": {
        "name": "Karo",
        "placetype": "Locality",
        "population": null,
        "country": "VU",
        "wikidata_id": "",
        "locality_id": "1242856591"
      }
    },
    {
      "type": "Feature",
      "geometry": {
        "type": "Point",
        "coordinates": [
          169.28333,
          -19.45
        ]
      },
      "properties": {
        "name": "Lenepin",
        "placetype": "Locality",
        "population": null,
        "country": "VU",
        "wikidata_id": "",
        "locality_id": "1242857309"
      }
    },
    {
      "type": "Feature",
      "geometry": {
        "type": "Point",
        "coordinates": [
          168.38333,
          -17.08333
        ]
      },
      "properties": {
        "name": "Sang'hava",
        "placetype": "Locality",
        "population": null,
        "country": "VU",
        "wikidata_id": "",
        "locality_id": "1242936373"
      }
    },
    {
      "type": "Feature",
      "geometry": {
        "type": "Point",
        "coordinates": [
          168.6,
          -17.7
        ]
      },
      "properties": {
        "name": "Manuro",
        "placetype": "Locality",
        "population": null,
        "country": "VU",
        "wikidata_id": "",
        "locality_id": "1242936381"
      }
    },
    {
      "type": "Feature",
      "geometry": {
        "type": "Point",
        "coordinates": [
          167.91667,
          -15.28333
        ]
      },
      "properties": {
        "name": "Taemammavi",
        "placetype": "Locality",
        "population": null,
        "country": "VU",
        "wikidata_id": "",
        "locality_id": "1242936721"
      }
    },
    {
      "type": "Feature",
      "geometry": {
        "type": "Point",
        "coordinates": [
          169.26667,
          -19.33333
        ]
      },
      "properties": {
        "name": "Lowiteul",
        "placetype": "Locality",
        "population": null,
        "country": "VU",
        "wikidata_id": "",
        "locality_id": "1242943293"
      }
    },
    {
      "type": "Feature",
      "geometry": {
        "type": "Point",
        "coordinates": [
          166.96667,
          -15.58333
        ]
      },
      "properties": {
        "name": "Nanoe",
        "placetype": "Locality",
        "population": null,
        "country": "VU",
        "wikidata_id": "",
        "locality_id": "1242944481"
      }
    },
    {
      "type": "Feature",
      "geometry": {
        "type": "Point",
        "coordinates": [
          168.11667,
          -15.61667
        ]
      },
      "properties": {
        "name": "Soamal",
        "placetype": "Locality",
        "population": null,
        "country": "VU",
        "wikidata_id": "",
        "locality_id": "1242944517"
      }
    },
    {
      "type": "Feature",
      "geometry": {
        "type": "Point",
        "coordinates": [
          167.91667,
          -16.26667
        ]
      },
      "properties": {
        "name": "Fali",
        "placetype": "Locality",
        "population": null,
        "country": "VU",
        "wikidata_id": "",
        "locality_id": "1242945483"
      }
    },
    {
      "type": "Feature",
      "geometry": {
        "type": "Point",
        "coordinates": [
          167.93333,
          -15.28333
        ]
      },
      "properties": {
        "name": "Ambao",
        "placetype": "Locality",
        "population": null,
        "country": "VU",
        "wikidata_id": "",
        "locality_id": "1242949291"
      }
    },
    {
      "type": "Feature",
      "geometry": {
        "type": "Point",
        "coordinates": [
          168.13333,
          -15.48333
        ]
      },
      "properties": {
        "name": "Aviliana",
        "placetype": "Locality",
        "population": null,
        "country": "VU",
        "wikidata_id": "",
        "locality_id": "1242949423"
      }
    },
    {
      "type": "Feature",
      "geometry": {
        "type": "Point",
        "coordinates": [
          166.6741,
          -15.2668
        ]
      },
      "properties": {
        "name": "Elia",
        "placetype": "Locality",
        "population": null,
        "country": "VU",
        "wikidata_id": "",
        "locality_id": "1242949551"
      }
    },
    {
      "type": "Feature",
      "geometry": {
        "type": "Point",
        "coordinates": [
          167.3,
          -15.91667
        ]
      },
      "properties": {
        "name": "Lamniat",
        "placetype": "Locality",
        "population": null,
        "country": "VU",
        "wikidata_id": "",
        "locality_id": "1242955187"
      }
    },
    {
      "type": "Feature",
      "geometry": {
        "type": "Point",
        "coordinates": [
          167.65957,
          -16.29137
        ]
      },
      "properties": {
        "name": "Tisman",
        "placetype": "Locality",
        "population": null,
        "country": "VU",
        "wikidata_id": "",
        "locality_id": "1242955267"
      }
    },
    {
      "type": "Feature",
      "geometry": {
        "type": "Point",
        "coordinates": [
          169.2,
          -18.78333
        ]
      },
      "properties": {
        "name": "Lawisa",
        "placetype": "Locality",
        "population": null,
        "country": "VU",
        "wikidata_id": "",
        "locality_id": "1242955855"
      }
    },
    {
      "type": "Feature",
      "geometry": {
        "type": "Point",
        "coordinates": [
          166.5481,
          -13.13047
        ]
      },
      "properties": {
        "name": "Yawe",
        "placetype": "Locality",
        "population": null,
        "country": "VU",
        "wikidata_id": "",
        "locality_id": "1242967721"
      }
    },
    {
      "type": "Feature",
      "geometry": {
        "type": "Point",
        "coordinates": [
          168.16667,
          -15.71667
        ]
      },
      "properties": {
        "name": "Barksal",
        "placetype": "Locality",
        "population": null,
        "country": "VU",
        "wikidata_id": "",
        "locality_id": "1243031567"
      }
    },
    {
      "type": "Feature",
      "geometry": {
        "type": "Point",
        "coordinates": [
          168.06667,
          -15.06667
        ]
      },
      "properties": {
        "name": "Nandouha",
        "placetype": "Locality",
        "population": null,
        "country": "VU",
        "wikidata_id": "",
        "locality_id": "1243031667"
      }
    },
    {
      "type": "Feature",
      "geometry": {
        "type": "Point",
        "coordinates": [
          168.58333,
          -16.9
        ]
      },
      "properties": {
        "name": "Itakoma",
        "placetype": "Locality",
        "population": null,
        "country": "VU",
        "wikidata_id": "",
        "locality_id": "1243034335"
      }
    },
    {
      "type": "Feature",
      "geometry": {
        "type": "Point",
        "coordinates": [
          168.38333,
          -17.48333
        ]
      },
      "properties": {
        "name": "Tikilasoa",
        "placetype": "Locality",
        "population": null,
        "country": "VU",
        "wikidata_id": "",
        "locality_id": "1243034373"
      }
    },
    {
      "type": "Feature",
      "geometry": {
        "type": "Point",
        "coordinates": [
          169.28333,
          -19.53333
        ]
      },
      "properties": {
        "name": "Yanaouhiya",
        "placetype": "Locality",
        "population": null,
        "country": "VU",
        "wikidata_id": "",
        "locality_id": "1243038281"
      }
    },
    {
      "type": "Feature",
      "geometry": {
        "type": "Point",
        "coordinates": [
          167.68333,
          -15.41667
        ]
      },
      "properties": {
        "name": "Vilakalaka",
        "placetype": "Locality",
        "population": null,
        "country": "VU",
        "wikidata_id": "",
        "locality_id": "1243039333"
      }
    },
    {
      "type": "Feature",
      "geometry": {
        "type": "Point",
        "coordinates": [
          167.85,
          -15.31667
        ]
      },
      "properties": {
        "name": "Fwimberougou",
        "placetype": "Locality",
        "population": null,
        "country": "VU",
        "wikidata_id": "",
        "locality_id": "1243039377"
      }
    },
    {
      "type": "Feature",
      "geometry": {
        "type": "Point",
        "coordinates": [
          167.46667,
          -16.6
        ]
      },
      "properties": {
        "name": "Lenor",
        "placetype": "Locality",
        "population": null,
        "country": "VU",
        "wikidata_id": "",
        "locality_id": "1243040461"
      }
    },
    {
      "type": "Feature",
      "geometry": {
        "type": "Point",
        "coordinates": [
          166.61667,
          -15.03333
        ]
      },
      "properties": {
        "name": "Bounahatsa",
        "placetype": "Locality",
        "population": null,
        "country": "VU",
        "wikidata_id": "",
        "locality_id": "1243044445"
      }
    },
    {
      "type": "Feature",
      "geometry": {
        "type": "Point",
        "coordinates": [
          166.88333,
          -15.18333
        ]
      },
      "properties": {
        "name": "Worovok",
        "placetype": "Locality",
        "population": null,
        "country": "VU",
        "wikidata_id": "",
        "locality_id": "1243054393"
      }
    },
    {
      "type": "Feature",
      "geometry": {
        "type": "Point",
        "coordinates": [
          167.68333,
          -13.83333
        ]
      },
      "properties": {
        "name": "Napor",
        "placetype": "Locality",
        "population": null,
        "country": "VU",
        "wikidata_id": "",
        "locality_id": "1243059409"
      }
    },
    {
      "type": "Feature",
      "geometry": {
        "type": "Point",
        "coordinates": [
          168.6,
          -17.01667
        ]
      },
      "properties": {
        "name": "Erata",
        "placetype": "Locality",
        "population": null,
        "country": "VU",
        "wikidata_id": "",
        "locality_id": "1243135261"
      }
    },
    {
      "type": "Feature",
      "geometry": {
        "type": "Point",
        "coordinates": [
          168.16667,
          -15.7
        ]
      },
      "properties": {
        "name": "Enkoul",
        "placetype": "Locality",
        "population": null,
        "country": "VU",
        "wikidata_id": "",
        "locality_id": "1243135729"
      }
    },
    {
      "type": "Feature",
      "geometry": {
        "type": "Point",
        "coordinates": [
          168.18333,
          -15.71667
        ]
      },
      "properties": {
        "name": "Lemwelmwel",
        "placetype": "Locality",
        "population": null,
        "country": "VU",
        "wikidata_id": "",
        "locality_id": "1243135749"
      }
    },
    {
      "type": "Feature",
      "geometry": {
        "type": "Point",
        "coordinates": [
          168.08979,
          -15.0073
        ]
      },
      "properties": {
        "name": "Tanrik",
        "placetype": "Locality",
        "population": null,
        "country": "VU",
        "wikidata_id": "",
        "locality_id": "1243135765"
      }
    },
    {
      "type": "Feature",
      "geometry": {
        "type": "Point",
        "coordinates": [
          168.16667,
          -15.8
        ]
      },
      "properties": {
        "name": "Vanaia",
        "placetype": "Locality",
        "population": null,
        "country": "VU",
        "wikidata_id": "",
        "locality_id": "1243135775"
      }
    },
    {
      "type": "Feature",
      "geometry": {
        "type": "Point",
        "coordinates": [
          168.13333,
          -15.73333
        ]
      },
      "properties": {
        "name": "Winougap",
        "placetype": "Locality",
        "population": null,
        "country": "VU",
        "wikidata_id": "",
        "locality_id": "1243135795"
      }
    },
    {
      "type": "Feature",
      "geometry": {
        "type": "Point",
        "coordinates": [
          167.8,
          -16.43333
        ]
      },
      "properties": {
        "name": "Lovis",
        "placetype": "Locality",
        "population": null,
        "country": "VU",
        "wikidata_id": "",
        "locality_id": "1243141735"
      }
    },
    {
      "type": "Feature",
      "geometry": {
        "type": "Point",
        "coordinates": [
          167.6,
          -16.23333
        ]
      },
      "properties": {
        "name": "Rongetra",
        "placetype": "Locality",
        "population": null,
        "country": "VU",
        "wikidata_id": "",
        "locality_id": "1243141789"
      }
    },
    {
      "type": "Feature",
      "geometry": {
        "type": "Point",
        "coordinates": [
          167.4,
          -16.05
        ]
      },
      "properties": {
        "name": "Tivel",
        "placetype": "Locality",
        "population": null,
        "country": "VU",
        "wikidata_id": "",
        "locality_id": "1243141807"
      }
    },
    {
      "type": "Feature",
      "geometry": {
        "type": "Point",
        "coordinates": [
          168.15,
          -15.51667
        ]
      },
      "properties": {
        "name": "Lavoutou",
        "placetype": "Locality",
        "population": null,
        "country": "VU",
        "wikidata_id": "",
        "locality_id": "1243143573"
      }
    },
    {
      "type": "Feature",
      "geometry": {
        "type": "Point",
        "coordinates": [
          168.33333,
          -17.73333
        ]
      },
      "properties": {
        "name": "Les Lagunes",
        "placetype": "Locality",
        "population": null,
        "country": "VU",
        "wikidata_id": "",
        "locality_id": "1243148035"
      }
    },
    {
      "type": "Feature",
      "geometry": {
        "type": "Point",
        "coordinates": [
          167.91667,
          -15.35
        ]
      },
      "properties": {
        "name": "Naingama",
        "placetype": "Locality",
        "population": null,
        "country": "VU",
        "wikidata_id": "",
        "locality_id": "1243148495"
      }
    },
    {
      "type": "Feature",
      "geometry": {
        "type": "Point",
        "coordinates": [
          166.85,
          -15.41667
        ]
      },
      "properties": {
        "name": "Batouitano",
        "placetype": "Locality",
        "population": null,
        "country": "VU",
        "wikidata_id": "",
        "locality_id": "1243151455"
      }
    },
    {
      "type": "Feature",
      "geometry": {
        "type": "Point",
        "coordinates": [
          167.2,
          -15.88333
        ]
      },
      "properties": {
        "name": "Wowo",
        "placetype": "Locality",
        "population": null,
        "country": "VU",
        "wikidata_id": "",
        "locality_id": "1243154309"
      }
    },
    {
      "type": "Feature",
      "geometry": {
        "type": "Point",
        "coordinates": [
          169.28333,
          -19.48333
        ]
      },
      "properties": {
        "name": "Kaounomeikeur",
        "placetype": "Locality",
        "population": null,
        "country": "VU",
        "wikidata_id": "",
        "locality_id": "1243154985"
      }
    },
    {
      "type": "Feature",
      "geometry": {
        "type": "Point",
        "coordinates": [
          167.01667,
          -15.58333
        ]
      },
      "properties": {
        "name": "Tangis",
        "placetype": "Locality",
        "population": null,
        "country": "VU",
        "wikidata_id": "",
        "locality_id": "1243158515"
      }
    },
    {
      "type": "Feature",
      "geometry": {
        "type": "Point",
        "coordinates": [
          166.81667,
          -15.41667
        ]
      },
      "properties": {
        "name": "Langoutoitoli",
        "placetype": "Locality",
        "population": null,
        "country": "VU",
        "wikidata_id": "",
        "locality_id": "1243158535"
      }
    },
    {
      "type": "Feature",
      "geometry": {
        "type": "Point",
        "coordinates": [
          166.8,
          -15.45
        ]
      },
      "properties": {
        "name": "Tanoi",
        "placetype": "Locality",
        "population": null,
        "country": "VU",
        "wikidata_id": "",
        "locality_id": "1243158607"
      }
    },
    {
      "type": "Feature",
      "geometry": {
        "type": "Point",
        "coordinates": [
          168.26034,
          -17.66357
        ]
      },
      "properties": {
        "name": "Tamale",
        "placetype": "Locality",
        "population": null,
        "country": "VU",
        "wikidata_id": "",
        "locality_id": "1243182745"
      }
    },
    {
      "type": "Feature",
      "geometry": {
        "type": "Point",
        "coordinates": [
          167.45,
          -13.93333
        ]
      },
      "properties": {
        "name": "Foreas",
        "placetype": "Locality",
        "population": null,
        "country": "VU",
        "wikidata_id": "",
        "locality_id": "1243193563"
      }
    },
    {
      "type": "Feature",
      "geometry": {
        "type": "Point",
        "coordinates": [
          167.66667,
          -15.43333
        ]
      },
      "properties": {
        "name": "Matnavora",
        "placetype": "Locality",
        "population": null,
        "country": "VU",
        "wikidata_id": "",
        "locality_id": "1243227337"
      }
    },
    {
      "type": "Feature",
      "geometry": {
        "type": "Point",
        "coordinates": [
          167.16667,
          -15.91667
        ]
      },
      "properties": {
        "name": "Tentaressoup",
        "placetype": "Locality",
        "population": null,
        "country": "VU",
        "wikidata_id": "",
        "locality_id": "1243233345"
      }
    },
    {
      "type": "Feature",
      "geometry": {
        "type": "Point",
        "coordinates": [
          168.21667,
          -16.5
        ]
      },
      "properties": {
        "name": "Wailep",
        "placetype": "Locality",
        "population": null,
        "country": "VU",
        "wikidata_id": "",
        "locality_id": "1243236203"
      }
    },
    {
      "type": "Feature",
      "geometry": {
        "type": "Point",
        "coordinates": [
          167.95,
          -15.35
        ]
      },
      "properties": {
        "name": "Boueboue",
        "placetype": "Locality",
        "population": null,
        "country": "VU",
        "wikidata_id": "",
        "locality_id": "1243239775"
      }
    },
    {
      "type": "Feature",
      "geometry": {
        "type": "Point",
        "coordinates": [
          166.91667,
          -15.48333
        ]
      },
      "properties": {
        "name": "Ariaou",
        "placetype": "Locality",
        "population": null,
        "country": "VU",
        "wikidata_id": "",
        "locality_id": "1243240051"
      }
    },
    {
      "type": "Feature",
      "geometry": {
        "type": "Point",
        "coordinates": [
          166.76667,
          -14.98333
        ]
      },
      "properties": {
        "name": "Souleoutoubari",
        "placetype": "Locality",
        "population": null,
        "country": "VU",
        "wikidata_id": "",
        "locality_id": "1243242867"
      }
    },
    {
      "type": "Feature",
      "geometry": {
        "type": "Point",
        "coordinates": [
          167.16667,
          -15.23333
        ]
      },
      "properties": {
        "name": "Kole",
        "placetype": "Locality",
        "population": null,
        "country": "VU",
        "wikidata_id": "",
        "locality_id": "1243243005"
      }
    },
    {
      "type": "Feature",
      "geometry": {
        "type": "Point",
        "coordinates": [
          169.35,
          -19.56667
        ]
      },
      "properties": {
        "name": "Ikounala",
        "placetype": "Locality",
        "population": null,
        "country": "VU",
        "wikidata_id": "",
        "locality_id": "1243246457"
      }
    },
    {
      "type": "Feature",
      "geometry": {
        "type": "Point",
        "coordinates": [
          166.88333,
          -15.45
        ]
      },
      "properties": {
        "name": "Fortsenal",
        "placetype": "Locality",
        "population": null,
        "country": "VU",
        "wikidata_id": "",
        "locality_id": "1243249813"
      }
    },
    {
      "type": "Feature",
      "geometry": {
        "type": "Point",
        "coordinates": [
          167.4,
          -13.86667
        ]
      },
      "properties": {
        "name": "Tigalga",
        "placetype": "Locality",
        "population": null,
        "country": "VU",
        "wikidata_id": "",
        "locality_id": "1243260615"
      }
    },
    {
      "type": "Feature",
      "geometry": {
        "type": "Point",
        "coordinates": [
          167.81667,
          -15.45
        ]
      },
      "properties": {
        "name": "Napila",
        "placetype": "Locality",
        "population": null,
        "country": "VU",
        "wikidata_id": "",
        "locality_id": "1243327087"
      }
    },
    {
      "type": "Feature",
      "geometry": {
        "type": "Point",
        "coordinates": [
          168.26667,
          -15.9
        ]
      },
      "properties": {
        "name": "Rantas",
        "placetype": "Locality",
        "population": null,
        "country": "VU",
        "wikidata_id": "",
        "locality_id": "1243327187"
      }
    },
    {
      "type": "Feature",
      "geometry": {
        "type": "Point",
        "coordinates": [
          168.13333,
          -15.51667
        ]
      },
      "properties": {
        "name": "Lolmambweo",
        "placetype": "Locality",
        "population": null,
        "country": "VU",
        "wikidata_id": "",
        "locality_id": "1243327191"
      }
    },
    {
      "type": "Feature",
      "geometry": {
        "type": "Point",
        "coordinates": [
          168.29411,
          -17.75531
        ]
      },
      "properties": {
        "name": "Worowloa",
        "placetype": "Locality",
        "population": null,
        "country": "VU",
        "wikidata_id": "",
        "locality_id": "1243329825"
      }
    },
    {
      "type": "Feature",
      "geometry": {
        "type": "Point",
        "coordinates": [
          167.66667,
          -15.45
        ]
      },
      "properties": {
        "name": "Naone",
        "placetype": "Locality",
        "population": null,
        "country": "VU",
        "wikidata_id": "",
        "locality_id": "1243335003"
      }
    },
    {
      "type": "Feature",
      "geometry": {
        "type": "Point",
        "coordinates": [
          168.1,
          -16.16667
        ]
      },
      "properties": {
        "name": "Lonwel",
        "placetype": "Locality",
        "population": null,
        "country": "VU",
        "wikidata_id": "",
        "locality_id": "1243336017"
      }
    },
    {
      "type": "Feature",
      "geometry": {
        "type": "Point",
        "coordinates": [
          169.33333,
          -19.5
        ]
      },
      "properties": {
        "name": "Laminaora",
        "placetype": "Locality",
        "population": null,
        "country": "VU",
        "wikidata_id": "",
        "locality_id": "1243336699"
      }
    },
    {
      "type": "Feature",
      "geometry": {
        "type": "Point",
        "coordinates": [
          167.76667,
          -15.36667
        ]
      },
      "properties": {
        "name": "Saranamoundou",
        "placetype": "Locality",
        "population": null,
        "country": "VU",
        "wikidata_id": "",
        "locality_id": "1243339809"
      }
    },
    {
      "type": "Feature",
      "geometry": {
        "type": "Point",
        "coordinates": [
          166.73333,
          -15.08333
        ]
      },
      "properties": {
        "name": "Laborha",
        "placetype": "Locality",
        "population": null,
        "country": "VU",
        "wikidata_id": "",
        "locality_id": "1243342815"
      }
    },
    {
      "type": "Feature",
      "geometry": {
        "type": "Point",
        "coordinates": [
          168.26089,
          -17.67796
        ]
      },
      "properties": {
        "name": "Mele Maat",
        "placetype": "Locality",
        "population": null,
        "country": "VU",
        "wikidata_id": "",
        "locality_id": "1243417499"
      }
    },
    {
      "type": "Feature",
      "geometry": {
        "type": "Point",
        "coordinates": [
          168.48333,
          -17.48333
        ]
      },
      "properties": {
        "name": "Mapoua",
        "placetype": "Locality",
        "population": null,
        "country": "VU",
        "wikidata_id": "",
        "locality_id": "1243420649"
      }
    },
    {
      "type": "Feature",
      "geometry": {
        "type": "Point",
        "coordinates": [
          168.25,
          -16.36667
        ]
      },
      "properties": {
        "name": "Petel",
        "placetype": "Locality",
        "population": null,
        "country": "VU",
        "wikidata_id": "",
        "locality_id": "1243423945"
      }
    },
    {
      "type": "Feature",
      "geometry": {
        "type": "Point",
        "coordinates": [
          167.78333,
          -16.43333
        ]
      },
      "properties": {
        "name": "Meriver",
        "placetype": "Locality",
        "population": null,
        "country": "VU",
        "wikidata_id": "",
        "locality_id": "1243426935"
      }
    },
    {
      "type": "Feature",
      "geometry": {
        "type": "Point",
        "coordinates": [
          169.35,
          -19.58333
        ]
      },
      "properties": {
        "name": "Enfitana",
        "placetype": "Locality",
        "population": null,
        "country": "VU",
        "wikidata_id": "",
        "locality_id": "1243427667"
      }
    },
    {
      "type": "Feature",
      "geometry": {
        "type": "Point",
        "coordinates": [
          168.11667,
          -15.71667
        ]
      },
      "properties": {
        "name": "Boulhak",
        "placetype": "Locality",
        "population": null,
        "country": "VU",
        "wikidata_id": "",
        "locality_id": "1243430681"
      }
    },
    {
      "type": "Feature",
      "geometry": {
        "type": "Point",
        "coordinates": [
          168.11667,
          -15.65
        ]
      },
      "properties": {
        "name": "Kamel Lewawa",
        "placetype": "Locality",
        "population": null,
        "country": "VU",
        "wikidata_id": "",
        "locality_id": "1243430761"
      }
    },
    {
      "type": "Feature",
      "geometry": {
        "type": "Point",
        "coordinates": [
          166.95,
          -15.41667
        ]
      },
      "properties": {
        "name": "Winbou",
        "placetype": "Locality",
        "population": null,
        "country": "VU",
        "wikidata_id": "",
        "locality_id": "1243430825"
      }
    },
    {
      "type": "Feature",
      "geometry": {
        "type": "Point",
        "coordinates": [
          166.8,
          -15.1
        ]
      },
      "properties": {
        "name": "Tsureviu",
        "placetype": "Locality",
        "population": null,
        "country": "VU",
        "wikidata_id": "",
        "locality_id": "1243430879"
      }
    },
    {
      "type": "Feature",
      "geometry": {
        "type": "Point",
        "coordinates": [
          166.86667,
          -15.58333
        ]
      },
      "properties": {
        "name": "Vias",
        "placetype": "Locality",
        "population": null,
        "country": "VU",
        "wikidata_id": "",
        "locality_id": "1243433617"
      }
    },
    {
      "type": "Feature",
      "geometry": {
        "type": "Point",
        "coordinates": [
          169.35548,
          -19.63197
        ]
      },
      "properties": {
        "name": "Green Point",
        "placetype": "Locality",
        "population": null,
        "country": "VU",
        "wikidata_id": "",
        "locality_id": "1243437251"
      }
    },
    {
      "type": "Feature",
      "geometry": {
        "type": "Point",
        "coordinates": [
          170.2,
          -19.51667
        ]
      },
      "properties": {
        "name": "Mohoun'gha",
        "placetype": "Locality",
        "population": null,
        "country": "VU",
        "wikidata_id": "",
        "locality_id": "1243464929"
      }
    },
    {
      "type": "Feature",
      "geometry": {
        "type": "Point",
        "coordinates": [
          168.33003,
          -17.53782
        ]
      },
      "properties": {
        "name": "Saint Lawrence",
        "placetype": "Locality",
        "population": null,
        "country": "VU",
        "wikidata_id": "",
        "locality_id": "1243473123"
      }
    },
    {
      "type": "Feature",
      "geometry": {
        "type": "Point",
        "coordinates": [
          168.22605,
          -16.45078
        ]
      },
      "properties": {
        "name": "Liro",
        "placetype": "Locality",
        "population": null,
        "country": "VU",
        "wikidata_id": "",
        "locality_id": "1243524183"
      }
    },
    {
      "type": "Feature",
      "geometry": {
        "type": "Point",
        "coordinates": [
          166.73333,
          -15.11667
        ]
      },
      "properties": {
        "name": "Wounawati",
        "placetype": "Locality",
        "population": null,
        "country": "VU",
        "wikidata_id": "",
        "locality_id": "1243526005"
      }
    },
    {
      "type": "Feature",
      "geometry": {
        "type": "Point",
        "coordinates": [
          167.96667,
          -16.28333
        ]
      },
      "properties": {
        "name": "Yelowouwou",
        "placetype": "Locality",
        "population": null,
        "country": "VU",
        "wikidata_id": "",
        "locality_id": "1243526989"
      }
    },
    {
      "type": "Feature",
      "geometry": {
        "type": "Point",
        "coordinates": [
          167.93333,
          -16.26667
        ]
      },
      "properties": {
        "name": "Melten",
        "placetype": "Locality",
        "population": null,
        "country": "VU",
        "wikidata_id": "",
        "locality_id": "1243526999"
      }
    },
    {
      "type": "Feature",
      "geometry": {
        "type": "Point",
        "coordinates": [
          166.96667,
          -15.55
        ]
      },
      "properties": {
        "name": "Navolou",
        "placetype": "Locality",
        "population": null,
        "country": "VU",
        "wikidata_id": "",
        "locality_id": "1243530863"
      }
    },
    {
      "type": "Feature",
      "geometry": {
        "type": "Point",
        "coordinates": [
          166.83333,
          -15.31667
        ]
      },
      "properties": {
        "name": "Bakakara",
        "placetype": "Locality",
        "population": null,
        "country": "VU",
        "wikidata_id": "",
        "locality_id": "1243530899"
      }
    },
    {
      "type": "Feature",
      "geometry": {
        "type": "Point",
        "coordinates": [
          168.15,
          -16.63333
        ]
      },
      "properties": {
        "name": "Membremo",
        "placetype": "Locality",
        "population": null,
        "country": "VU",
        "wikidata_id": "",
        "locality_id": "1259348995"
      }
    },
    {
      "type": "Feature",
      "geometry": {
        "type": "Point",
        "coordinates": [
          168.35,
          -17.73333
        ]
      },
      "properties": {
        "name": "Bellevue",
        "placetype": "Locality",
        "population": null,
        "country": "VU",
        "wikidata_id": "",
        "locality_id": "1259349067"
      }
    },
    {
      "type": "Feature",
      "geometry": {
        "type": "Point",
        "coordinates": [
          167.16667,
          -16.03333
        ]
      },
      "properties": {
        "name": "Poutoumiel",
        "placetype": "Locality",
        "population": null,
        "country": "VU",
        "wikidata_id": "",
        "locality_id": "1259352607"
      }
    },
    {
      "type": "Feature",
      "geometry": {
        "type": "Point",
        "coordinates": [
          168.21667,
          -16.01667
        ]
      },
      "properties": {
        "name": "Pancros",
        "placetype": "Locality",
        "population": null,
        "country": "VU",
        "wikidata_id": "",
        "locality_id": "1259354435"
      }
    },
    {
      "type": "Feature",
      "geometry": {
        "type": "Point",
        "coordinates": [
          167.86667,
          -15.31667
        ]
      },
      "properties": {
        "name": "Nasagoro",
        "placetype": "Locality",
        "population": null,
        "country": "VU",
        "wikidata_id": "",
        "locality_id": "1259354509"
      }
    },
    {
      "type": "Feature",
      "geometry": {
        "type": "Point",
        "coordinates": [
          167.25,
          -15.9
        ]
      },
      "properties": {
        "name": "Anap",
        "placetype": "Locality",
        "population": null,
        "country": "VU",
        "wikidata_id": "",
        "locality_id": "1259355451"
      }
    },
    {
      "type": "Feature",
      "geometry": {
        "type": "Point",
        "coordinates": [
          168.28333,
          -16.35
        ]
      },
      "properties": {
        "name": "Toak",
        "placetype": "Locality",
        "population": null,
        "country": "VU",
        "wikidata_id": "",
        "locality_id": "1259355475"
      }
    },
    {
      "type": "Feature",
      "geometry": {
        "type": "Point",
        "coordinates": [
          166.6,
          -14.98333
        ]
      },
      "properties": {
        "name": "Papoulasmel",
        "placetype": "Locality",
        "population": null,
        "country": "VU",
        "wikidata_id": "",
        "locality_id": "1259359489"
      }
    },
    {
      "type": "Feature",
      "geometry": {
        "type": "Point",
        "coordinates": [
          168.13333,
          -16.13333
        ]
      },
      "properties": {
        "name": "Nehatlin",
        "placetype": "Locality",
        "population": null,
        "country": "VU",
        "wikidata_id": "",
        "locality_id": "1259365025"
      }
    },
    {
      "type": "Feature",
      "geometry": {
        "type": "Point",
        "coordinates": [
          167.95,
          -16.3
        ]
      },
      "properties": {
        "name": "Poliba",
        "placetype": "Locality",
        "population": null,
        "country": "VU",
        "wikidata_id": "",
        "locality_id": "1259365045"
      }
    },
    {
      "type": "Feature",
      "geometry": {
        "type": "Point",
        "coordinates": [
          167.11667,
          -15.18333
        ]
      },
      "properties": {
        "name": "Lorieno",
        "placetype": "Locality",
        "population": null,
        "country": "VU",
        "wikidata_id": "",
        "locality_id": "1259369257"
      }
    },
    {
      "type": "Feature",
      "geometry": {
        "type": "Point",
        "coordinates": [
          167.62267,
          -13.7071
        ]
      },
      "properties": {
        "name": "Wovet",
        "placetype": "Locality",
        "population": null,
        "country": "VU",
        "wikidata_id": "",
        "locality_id": "1259397753"
      }
    },
    {
      "type": "Feature",
      "geometry": {
        "type": "Point",
        "coordinates": [
          166.58713,
          -13.15757
        ]
      },
      "properties": {
        "name": "Yakwane",
        "placetype": "Locality",
        "population": null,
        "country": "VU",
        "wikidata_id": "",
        "locality_id": "1259401137"
      }
    },
    {
      "type": "Feature",
      "geometry": {
        "type": "Point",
        "coordinates": [
          167.48333,
          -16.16667
        ]
      },
      "properties": {
        "name": "Metaven",
        "placetype": "Locality",
        "population": null,
        "country": "VU",
        "wikidata_id": "",
        "locality_id": "1259455503"
      }
    },
    {
      "type": "Feature",
      "geometry": {
        "type": "Point",
        "coordinates": [
          167.76667,
          -16.35
        ]
      },
      "properties": {
        "name": "Remep",
        "placetype": "Locality",
        "population": null,
        "country": "VU",
        "wikidata_id": "",
        "locality_id": "1259455507"
      }
    },
    {
      "type": "Feature",
      "geometry": {
        "type": "Point",
        "coordinates": [
          168.23333,
          -16.36667
        ]
      },
      "properties": {
        "name": "Taviac",
        "placetype": "Locality",
        "population": null,
        "country": "VU",
        "wikidata_id": "",
        "locality_id": "1259455595"
      }
    },
    {
      "type": "Feature",
      "geometry": {
        "type": "Point",
        "coordinates": [
          169.36667,
          -19.63333
        ]
      },
      "properties": {
        "name": "Ikahakahak",
        "placetype": "Locality",
        "population": null,
        "country": "VU",
        "wikidata_id": "",
        "locality_id": "1259456135"
      }
    },
    {
      "type": "Feature",
      "geometry": {
        "type": "Point",
        "coordinates": [
          168.55,
          -16.88333
        ]
      },
      "properties": {
        "name": "Pourao",
        "placetype": "Locality",
        "population": null,
        "country": "VU",
        "wikidata_id": "",
        "locality_id": "1259458697"
      }
    },
    {
      "type": "Feature",
      "geometry": {
        "type": "Point",
        "coordinates": [
          168.05,
          -14.95
        ]
      },
      "properties": {
        "name": "Veroue",
        "placetype": "Locality",
        "population": null,
        "country": "VU",
        "wikidata_id": "",
        "locality_id": "1259459085"
      }
    },
    {
      "type": "Feature",
      "geometry": {
        "type": "Point",
        "coordinates": [
          166.91667,
          -15.3
        ]
      },
      "properties": {
        "name": "Loptoro",
        "placetype": "Locality",
        "population": null,
        "country": "VU",
        "wikidata_id": "",
        "locality_id": "1259459309"
      }
    },
    {
      "type": "Feature",
      "geometry": {
        "type": "Point",
        "coordinates": [
          166.63333,
          -14.68333
        ]
      },
      "properties": {
        "name": "Porao",
        "placetype": "Locality",
        "population": null,
        "country": "VU",
        "wikidata_id": "",
        "locality_id": "1259459311"
      }
    },
    {
      "type": "Feature",
      "geometry": {
        "type": "Point",
        "coordinates": [
          167.15,
          -15.41667
        ]
      },
      "properties": {
        "name": "Mon Exil",
        "placetype": "Locality",
        "population": null,
        "country": "VU",
        "wikidata_id": "",
        "locality_id": "1259462361"
      }
    },
    {
      "type": "Feature",
      "geometry": {
        "type": "Point",
        "coordinates": [
          168.11667,
          -16.15
        ]
      },
      "properties": {
        "name": "Fanrereo",
        "placetype": "Locality",
        "population": null,
        "country": "VU",
        "wikidata_id": "",
        "locality_id": "1259465197"
      }
    },
    {
      "type": "Feature",
      "geometry": {
        "type": "Point",
        "coordinates": [
          167.95,
          -16.28333
        ]
      },
      "properties": {
        "name": "Baalap",
        "placetype": "Locality",
        "population": null,
        "country": "VU",
        "wikidata_id": "",
        "locality_id": "1259465225"
      }
    },
    {
      "type": "Feature",
      "geometry": {
        "type": "Point",
        "coordinates": [
          166.61667,
          -15.08333
        ]
      },
      "properties": {
        "name": "Ounavahe",
        "placetype": "Locality",
        "population": null,
        "country": "VU",
        "wikidata_id": "",
        "locality_id": "1259469159"
      }
    },
    {
      "type": "Feature",
      "geometry": {
        "type": "Point",
        "coordinates": [
          168.28333,
          -17.73333
        ]
      },
      "properties": {
        "name": "Saouma",
        "placetype": "Locality",
        "population": null,
        "country": "VU",
        "wikidata_id": "",
        "locality_id": "1259549715"
      }
    },
    {
      "type": "Feature",
      "geometry": {
        "type": "Point",
        "coordinates": [
          167.48333,
          -16.58333
        ]
      },
      "properties": {
        "name": "Melip",
        "placetype": "Locality",
        "population": null,
        "country": "VU",
        "wikidata_id": "",
        "locality_id": "1259553001"
      }
    },
    {
      "type": "Feature",
      "geometry": {
        "type": "Point",
        "coordinates": [
          169.3,
          -19.55
        ]
      },
      "properties": {
        "name": "Yoknaeka",
        "placetype": "Locality",
        "population": null,
        "country": "VU",
        "wikidata_id": "",
        "locality_id": "1259553809"
      }
    },
    {
      "type": "Feature",
      "geometry": {
        "type": "Point",
        "coordinates": [
          167.73333,
          -15.46667
        ]
      },
      "properties": {
        "name": "Tobotoumbo",
        "placetype": "Locality",
        "population": null,
        "country": "VU",
        "wikidata_id": "",
        "locality_id": "1259555003"
      }
    },
    {
      "type": "Feature",
      "geometry": {
        "type": "Point",
        "coordinates": [
          169.81667,
          -20.25
        ]
      },
      "properties": {
        "name": "Anaouya",
        "placetype": "Locality",
        "population": null,
        "country": "VU",
        "wikidata_id": "",
        "locality_id": "1259556787"
      }
    },
    {
      "type": "Feature",
      "geometry": {
        "type": "Point",
        "coordinates": [
          167.21667,
          -15.4
        ]
      },
      "properties": {
        "name": "Amseran",
        "placetype": "Locality",
        "population": null,
        "country": "VU",
        "wikidata_id": "",
        "locality_id": "1259562641"
      }
    },
    {
      "type": "Feature",
      "geometry": {
        "type": "Point",
        "coordinates": [
          167.08333,
          -15.68333
        ]
      },
      "properties": {
        "name": "Abounanbay",
        "placetype": "Locality",
        "population": null,
        "country": "VU",
        "wikidata_id": "",
        "locality_id": "1259562679"
      }
    },
    {
      "type": "Feature",
      "geometry": {
        "type": "Point",
        "coordinates": [
          167.6,
          -14.26667
        ]
      },
      "properties": {
        "name": "Mbarevit",
        "placetype": "Locality",
        "population": null,
        "country": "VU",
        "wikidata_id": "",
        "locality_id": "1259574991"
      }
    },
    {
      "type": "Feature",
      "geometry": {
        "type": "Point",
        "coordinates": [
          167.31994,
          -15.96351
        ]
      },
      "properties": {
        "name": "Wormet",
        "placetype": "Locality",
        "population": null,
        "country": "VU",
        "wikidata_id": "",
        "locality_id": "1259598055"
      }
    },
    {
      "type": "Feature",
      "geometry": {
        "type": "Point",
        "coordinates": [
          168.35,
          -17.08333
        ]
      },
      "properties": {
        "name": "Vaitini",
        "placetype": "Locality",
        "population": null,
        "country": "VU",
        "wikidata_id": "",
        "locality_id": "1259646875"
      }
    },
    {
      "type": "Feature",
      "geometry": {
        "type": "Point",
        "coordinates": [
          167.78333,
          -15.35
        ]
      },
      "properties": {
        "name": "Lonwaditari",
        "placetype": "Locality",
        "population": null,
        "country": "VU",
        "wikidata_id": "",
        "locality_id": "1259647225"
      }
    },
    {
      "type": "Feature",
      "geometry": {
        "type": "Point",
        "coordinates": [
          168.28444,
          -17.75056
        ]
      },
      "properties": {
        "name": "Tokofe",
        "placetype": "Locality",
        "population": null,
        "country": "VU",
        "wikidata_id": "",
        "locality_id": "1259649883"
      }
    },
    {
      "type": "Feature",
      "geometry": {
        "type": "Point",
        "coordinates": [
          169.38333,
          -19.65
        ]
      },
      "properties": {
        "name": "Yarouareung",
        "placetype": "Locality",
        "population": null,
        "country": "VU",
        "wikidata_id": "",
        "locality_id": "1259654011"
      }
    },
    {
      "type": "Feature",
      "geometry": {
        "type": "Point",
        "coordinates": [
          166.83333,
          -15.48333
        ]
      },
      "properties": {
        "name": "Winia",
        "placetype": "Locality",
        "population": null,
        "country": "VU",
        "wikidata_id": "",
        "locality_id": "1259655107"
      }
    },
    {
      "type": "Feature",
      "geometry": {
        "type": "Point",
        "coordinates": [
          168.13333,
          -15.46667
        ]
      },
      "properties": {
        "name": "Lolbwavato",
        "placetype": "Locality",
        "population": null,
        "country": "VU",
        "wikidata_id": "",
        "locality_id": "1259655187"
      }
    },
    {
      "type": "Feature",
      "geometry": {
        "type": "Point",
        "coordinates": [
          167.76667,
          -15.4
        ]
      },
      "properties": {
        "name": "Ndui Ndui",
        "placetype": "Locality",
        "population": null,
        "country": "VU",
        "wikidata_id": "",
        "locality_id": "1259655207"
      }
    },
    {
      "type": "Feature",
      "geometry": {
        "type": "Point",
        "coordinates": [
          167.81667,
          -15.48333
        ]
      },
      "properties": {
        "name": "Natarimboe",
        "placetype": "Locality",
        "population": null,
        "country": "VU",
        "wikidata_id": "",
        "locality_id": "1259655217"
      }
    },
    {
      "type": "Feature",
      "geometry": {
        "type": "Point",
        "coordinates": [
          168.25,
          -15.95
        ]
      },
      "properties": {
        "name": "Sai",
        "placetype": "Locality",
        "population": null,
        "country": "VU",
        "wikidata_id": "",
        "locality_id": "1259655271"
      }
    },
    {
      "type": "Feature",
      "geometry": {
        "type": "Point",
        "coordinates": [
          169.10414,
          -18.92675
        ]
      },
      "properties": {
        "name": "Potlouzi",
        "placetype": "Locality",
        "population": null,
        "country": "VU",
        "wikidata_id": "",
        "locality_id": "1259656861"
      }
    },
    {
      "type": "Feature",
      "geometry": {
        "type": "Point",
        "coordinates": [
          169.33333,
          -19.35
        ]
      },
      "properties": {
        "name": "Loonelangat",
        "placetype": "Locality",
        "population": null,
        "country": "VU",
        "wikidata_id": "",
        "locality_id": "1259656903"
      }
    },
    {
      "type": "Feature",
      "geometry": {
        "type": "Point",
        "coordinates": [
          168.30056,
          -17.73417
        ]
      },
      "properties": {
        "name": "Centre",
        "placetype": "Locality",
        "population": null,
        "country": "VU",
        "wikidata_id": "",
        "locality_id": "1259659553"
      }
    },
    {
      "type": "Feature",
      "geometry": {
        "type": "Point",
        "coordinates": [
          168.11667,
          -15.7
        ]
      },
      "properties": {
        "name": "Varewerep",
        "placetype": "Locality",
        "population": null,
        "country": "VU",
        "wikidata_id": "",
        "locality_id": "1259659983"
      }
    },
    {
      "type": "Feature",
      "geometry": {
        "type": "Point",
        "coordinates": [
          166.86667,
          -15.41667
        ]
      },
      "properties": {
        "name": "Batvoubarav",
        "placetype": "Locality",
        "population": null,
        "country": "VU",
        "wikidata_id": "",
        "locality_id": "1259660195"
      }
    },
    {
      "type": "Feature",
      "geometry": {
        "type": "Point",
        "coordinates": [
          166.6,
          -14.7
        ]
      },
      "properties": {
        "name": "Taktak",
        "placetype": "Locality",
        "population": null,
        "country": "VU",
        "wikidata_id": "",
        "locality_id": "1259663171"
      }
    },
    {
      "type": "Feature",
      "geometry": {
        "type": "Point",
        "coordinates": [
          166.83333,
          -15.43333
        ]
      },
      "properties": {
        "name": "Batounaere",
        "placetype": "Locality",
        "population": null,
        "country": "VU",
        "wikidata_id": "",
        "locality_id": "1259669985"
      }
    },
    {
      "type": "Feature",
      "geometry": {
        "type": "Point",
        "coordinates": [
          167.6,
          -14.23333
        ]
      },
      "properties": {
        "name": "Beweto",
        "placetype": "Locality",
        "population": null,
        "country": "VU",
        "wikidata_id": "",
        "locality_id": "1259675285"
      }
    },
    {
      "type": "Feature",
      "geometry": {
        "type": "Point",
        "coordinates": [
          168.28333,
          -17.78333
        ]
      },
      "properties": {
        "name": "Pango",
        "placetype": "Locality",
        "population": null,
        "country": "VU",
        "wikidata_id": "",
        "locality_id": "1259746449"
      }
    },
    {
      "type": "Feature",
      "geometry": {
        "type": "Point",
        "coordinates": [
          167.78333,
          -15.35
        ]
      },
      "properties": {
        "name": "Longwarou",
        "placetype": "Locality",
        "population": null,
        "country": "VU",
        "wikidata_id": "",
        "locality_id": "1259746761"
      }
    },
    {
      "type": "Feature",
      "geometry": {
        "type": "Point",
        "coordinates": [
          167.68333,
          -15.4
        ]
      },
      "properties": {
        "name": "Masalato",
        "placetype": "Locality",
        "population": null,
        "country": "VU",
        "wikidata_id": "",
        "locality_id": "1259746797"
      }
    },
    {
      "type": "Feature",
      "geometry": {
        "type": "Point",
        "coordinates": [
          166.61667,
          -14.96667
        ]
      },
      "properties": {
        "name": "Pourtihe",
        "placetype": "Locality",
        "population": null,
        "country": "VU",
        "wikidata_id": "",
        "locality_id": "1259754595"
      }
    },
    {
      "type": "Feature",
      "geometry": {
        "type": "Point",
        "coordinates": [
          168.26667,
          -15.9
        ]
      },
      "properties": {
        "name": "Ponof",
        "placetype": "Locality",
        "population": null,
        "country": "VU",
        "wikidata_id": "",
        "locality_id": "1259754695"
      }
    },
    {
      "type": "Feature",
      "geometry": {
        "type": "Point",
        "coordinates": [
          168.14399,
          -15.45591
        ]
      },
      "properties": {
        "name": "Labwaru",
        "placetype": "Locality",
        "population": null,
        "country": "VU",
        "wikidata_id": "",
        "locality_id": "1259754699"
      }
    },
    {
      "type": "Feature",
      "geometry": {
        "type": "Point",
        "coordinates": [
          168.13333,
          -16.13333
        ]
      },
      "properties": {
        "name": "Metamli",
        "placetype": "Locality",
        "population": null,
        "country": "VU",
        "wikidata_id": "",
        "locality_id": "1259755769"
      }
    },
    {
      "type": "Feature",
      "geometry": {
        "type": "Point",
        "coordinates": [
          168.2,
          -16.58333
        ]
      },
      "properties": {
        "name": "Paia",
        "placetype": "Locality",
        "population": null,
        "country": "VU",
        "wikidata_id": "",
        "locality_id": "1259759137"
      }
    },
    {
      "type": "Feature",
      "geometry": {
        "type": "Point",
        "coordinates": [
          167.85,
          -15.31667
        ]
      },
      "properties": {
        "name": "Lolonwele",
        "placetype": "Locality",
        "population": null,
        "country": "VU",
        "wikidata_id": "",
        "locality_id": "1259759417"
      }
    },
    {
      "type": "Feature",
      "geometry": {
        "type": "Point",
        "coordinates": [
          166.7,
          -14.78333
        ]
      },
      "properties": {
        "name": "Pelol",
        "placetype": "Locality",
        "population": null,
        "country": "VU",
        "wikidata_id": "",
        "locality_id": "1259759623"
      }
    },
    {
      "type": "Feature",
      "geometry": {
        "type": "Point",
        "coordinates": [
          166.55509,
          -14.87146
        ]
      },
      "properties": {
        "name": "Olpoi",
        "placetype": "Locality",
        "population": null,
        "country": "VU",
        "wikidata_id": "",
        "locality_id": "1259759629"
      }
    },
    {
      "type": "Feature",
      "geometry": {
        "type": "Point",
        "coordinates": [
          167.03333,
          -15.6
        ]
      },
      "properties": {
        "name": "Beer",
        "placetype": "Locality",
        "population": null,
        "country": "VU",
        "wikidata_id": "",
        "locality_id": "1259759681"
      }
    },
    {
      "type": "Feature",
      "geometry": {
        "type": "Point",
        "coordinates": [
          167.4,
          -16.08333
        ]
      },
      "properties": {
        "name": "Aop",
        "placetype": "Locality",
        "population": null,
        "country": "VU",
        "wikidata_id": "",
        "locality_id": "1259765365"
      }
    },
    {
      "type": "Feature",
      "geometry": {
        "type": "Point",
        "coordinates": [
          166.8,
          -15.13333
        ]
      },
      "properties": {
        "name": "Naano",
        "placetype": "Locality",
        "population": null,
        "country": "VU",
        "wikidata_id": "",
        "locality_id": "1259769477"
      }
    },
    {
      "type": "Feature",
      "geometry": {
        "type": "Point",
        "coordinates": [
          166.55,
          -14.8
        ]
      },
      "properties": {
        "name": "Pouilipoe",
        "placetype": "Locality",
        "population": null,
        "country": "VU",
        "wikidata_id": "",
        "locality_id": "1259769571"
      }
    },
    {
      "type": "Feature",
      "geometry": {
        "type": "Point",
        "coordinates": [
          169.05466,
          -18.89354
        ]
      },
      "properties": {
        "name": "Demsal",
        "placetype": "Locality",
        "population": null,
        "country": "VU",
        "wikidata_id": "",
        "locality_id": "1259794117"
      }
    },
    {
      "type": "Feature",
      "geometry": {
        "type": "Point",
        "coordinates": [
          167.43308,
          -14.30957
        ]
      },
      "properties": {
        "name": "Dolap",
        "placetype": "Locality",
        "population": null,
        "country": "VU",
        "wikidata_id": "",
        "locality_id": "1259798621"
      }
    },
    {
      "type": "Feature",
      "geometry": {
        "type": "Point",
        "coordinates": [
          168.35,
          -16.76667
        ]
      },
      "properties": {
        "name": "Noul",
        "placetype": "Locality",
        "population": null,
        "country": "VU",
        "wikidata_id": "",
        "locality_id": "1259842733"
      }
    },
    {
      "type": "Feature",
      "geometry": {
        "type": "Point",
        "coordinates": [
          167.9,
          -15.3
        ]
      },
      "properties": {
        "name": "Tavalavala",
        "placetype": "Locality",
        "population": null,
        "country": "VU",
        "wikidata_id": "",
        "locality_id": "1259843017"
      }
    },
    {
      "type": "Feature",
      "geometry": {
        "type": "Point",
        "coordinates": [
          168.18333,
          -15.91667
        ]
      },
      "properties": {
        "name": "Panas",
        "placetype": "Locality",
        "population": null,
        "country": "VU",
        "wikidata_id": "",
        "locality_id": "1259843047"
      }
    },
    {
      "type": "Feature",
      "geometry": {
        "type": "Point",
        "coordinates": [
          168.13333,
          -15.7
        ]
      },
      "properties": {
        "name": "Leratowo",
        "placetype": "Locality",
        "population": null,
        "country": "VU",
        "wikidata_id": "",
        "locality_id": "1259843129"
      }
    },
    {
      "type": "Feature",
      "geometry": {
        "type": "Point",
        "coordinates": [
          168.61667,
          -17.01667
        ]
      },
      "properties": {
        "name": "Leiwoma",
        "placetype": "Locality",
        "population": null,
        "country": "VU",
        "wikidata_id": "",
        "locality_id": "1259845851"
      }
    },
    {
      "type": "Feature",
      "geometry": {
        "type": "Point",
        "coordinates": [
          169.4,
          -19.48333
        ]
      },
      "properties": {
        "name": "Waesisi",
        "placetype": "Locality",
        "population": null,
        "country": "VU",
        "wikidata_id": "",
        "locality_id": "1259849883"
      }
    },
    {
      "type": "Feature",
      "geometry": {
        "type": "Point",
        "coordinates": [
          169.3,
          -19.51667
        ]
      },
      "properties": {
        "name": "Lomteuheakal",
        "placetype": "Locality",
        "population": null,
        "country": "VU",
        "wikidata_id": "",
        "locality_id": "1259849945"
      }
    },
    {
      "type": "Feature",
      "geometry": {
        "type": "Point",
        "coordinates": [
          168.11667,
          -15.7
        ]
      },
      "properties": {
        "name": "Wadounbaba",
        "placetype": "Locality",
        "population": null,
        "country": "VU",
        "wikidata_id": "",
        "locality_id": "1259851111"
      }
    },
    {
      "type": "Feature",
      "geometry": {
        "type": "Point",
        "coordinates": [
          169.76667,
          -20.23333
        ]
      },
      "properties": {
        "name": "Anowounamalo",
        "placetype": "Locality",
        "population": null,
        "country": "VU",
        "wikidata_id": "",
        "locality_id": "1259852855"
      }
    },
    {
      "type": "Feature",
      "geometry": {
        "type": "Point",
        "coordinates": [
          167.8,
          -15.35
        ]
      },
      "properties": {
        "name": "Nandoro",
        "placetype": "Locality",
        "population": null,
        "country": "VU",
        "wikidata_id": "",
        "locality_id": "1259855771"
      }
    },
    {
      "type": "Feature",
      "geometry": {
        "type": "Point",
        "coordinates": [
          168.13333,
          -16.1
        ]
      },
      "properties": {
        "name": "Ranmouhou",
        "placetype": "Locality",
        "population": null,
        "country": "VU",
        "wikidata_id": "",
        "locality_id": "1259861693"
      }
    },
    {
      "type": "Feature",
      "geometry": {
        "type": "Point",
        "coordinates": [
          169.31667,
          -19.55
        ]
      },
      "properties": {
        "name": "Yakoukak",
        "placetype": "Locality",
        "population": null,
        "country": "VU",
        "wikidata_id": "",
        "locality_id": "1259862319"
      }
    },
    {
      "type": "Feature",
      "geometry": {
        "type": "Point",
        "coordinates": [
          167.56667,
          -14.2
        ]
      },
      "properties": {
        "name": "Avira",
        "placetype": "Locality",
        "population": null,
        "country": "VU",
        "wikidata_id": "",
        "locality_id": "1259876683"
      }
    },
    {
      "type": "Feature",
      "geometry": {
        "type": "Point",
        "coordinates": [
          168.2203,
          -15.70901
        ]
      },
      "properties": {
        "name": "Nokonkaop",
        "placetype": "Locality",
        "population": null,
        "country": "VU",
        "wikidata_id": "",
        "locality_id": "1259894419"
      }
    },
    {
      "type": "Feature",
      "geometry": {
        "type": "Point",
        "coordinates": [
          167.73333,
          -16.55
        ]
      },
      "properties": {
        "name": "Marembako",
        "placetype": "Locality",
        "population": null,
        "country": "VU",
        "wikidata_id": "",
        "locality_id": "1259952415"
      }
    },
    {
      "type": "Feature",
      "geometry": {
        "type": "Point",
        "coordinates": [
          168.15,
          -15.75
        ]
      },
      "properties": {
        "name": "Taraibe",
        "placetype": "Locality",
        "population": null,
        "country": "VU",
        "wikidata_id": "",
        "locality_id": "1259956115"
      }
    },
    {
      "type": "Feature",
      "geometry": {
        "type": "Point",
        "coordinates": [
          167.1,
          -14.96667
        ]
      },
      "properties": {
        "name": "Rip",
        "placetype": "Locality",
        "population": null,
        "country": "VU",
        "wikidata_id": "",
        "locality_id": "1259956279"
      }
    },
    {
      "type": "Feature",
      "geometry": {
        "type": "Point",
        "coordinates": [
          166.9,
          -15.46667
        ]
      },
      "properties": {
        "name": "Tataikalo",
        "placetype": "Locality",
        "population": null,
        "country": "VU",
        "wikidata_id": "",
        "locality_id": "1259966091"
      }
    },
    {
      "type": "Feature",
      "geometry": {
        "type": "Point",
        "coordinates": [
          167.73333,
          -14.31667
        ]
      },
      "properties": {
        "name": "Levolvol",
        "placetype": "Locality",
        "population": null,
        "country": "VU",
        "wikidata_id": "",
        "locality_id": "1259971427"
      }
    },
    {
      "type": "Feature",
      "geometry": {
        "type": "Point",
        "coordinates": [
          169.22692,
          -18.96044
        ]
      },
      "properties": {
        "name": "Yawisaghui",
        "placetype": "Locality",
        "population": null,
        "country": "VU",
        "wikidata_id": "",
        "locality_id": "1259994781"
      }
    },
    {
      "type": "Feature",
      "geometry": {
        "type": "Point",
        "coordinates": [
          167.18333,
          -15.98333
        ]
      },
      "properties": {
        "name": "Pepeksal",
        "placetype": "Locality",
        "population": null,
        "country": "VU",
        "wikidata_id": "",
        "locality_id": "1260049559"
      }
    },
    {
      "type": "Feature",
      "geometry": {
        "type": "Point",
        "coordinates": [
          168.2,
          -16.16667
        ]
      },
      "properties": {
        "name": "Fonwor",
        "placetype": "Locality",
        "population": null,
        "country": "VU",
        "wikidata_id": "",
        "locality_id": "1260049575"
      }
    },
    {
      "type": "Feature",
      "geometry": {
        "type": "Point",
        "coordinates": [
          167.01667,
          -15.08333
        ]
      },
      "properties": {
        "name": "Weilberi",
        "placetype": "Locality",
        "population": null,
        "country": "VU",
        "wikidata_id": "",
        "locality_id": "1260051349"
      }
    },
    {
      "type": "Feature",
      "geometry": {
        "type": "Point",
        "coordinates": [
          169.28333,
          -19.5
        ]
      },
      "properties": {
        "name": "Loounapkiko",
        "placetype": "Locality",
        "population": null,
        "country": "VU",
        "wikidata_id": "",
        "locality_id": "1260053311"
      }
    },
    {
      "type": "Feature",
      "geometry": {
        "type": "Point",
        "coordinates": [
          168.18333,
          -15.98333
        ]
      },
      "properties": {
        "name": "Ranpoutor",
        "placetype": "Locality",
        "population": null,
        "country": "VU",
        "wikidata_id": "",
        "locality_id": "1260056253"
      }
    },
    {
      "type": "Feature",
      "geometry": {
        "type": "Point",
        "coordinates": [
          167.81667,
          -15.31667
        ]
      },
      "properties": {
        "name": "Fandoue",
        "placetype": "Locality",
        "population": null,
        "country": "VU",
        "wikidata_id": "",
        "locality_id": "1260056345"
      }
    },
    {
      "type": "Feature",
      "geometry": {
        "type": "Point",
        "coordinates": [
          166.95,
          -15.48333
        ]
      },
      "properties": {
        "name": "Tavoni",
        "placetype": "Locality",
        "population": null,
        "country": "VU",
        "wikidata_id": "",
        "locality_id": "1260059531"
      }
    },
    {
      "type": "Feature",
      "geometry": {
        "type": "Point",
        "coordinates": [
          166.95,
          -15.46667
        ]
      },
      "properties": {
        "name": "Malouibakaranae",
        "placetype": "Locality",
        "population": null,
        "country": "VU",
        "wikidata_id": "",
        "locality_id": "1260066743"
      }
    },
    {
      "type": "Feature",
      "geometry": {
        "type": "Point",
        "coordinates": [
          167.52457,
          -14.20884
        ]
      },
      "properties": {
        "name": "Masevono",
        "placetype": "Locality",
        "population": null,
        "country": "VU",
        "wikidata_id": "",
        "locality_id": "1260098549"
      }
    },
    {
      "type": "Feature",
      "geometry": {
        "type": "Point",
        "coordinates": [
          167.46667,
          -13.9
        ]
      },
      "properties": {
        "name": "Koimarama",
        "placetype": "Locality",
        "population": null,
        "country": "VU",
        "wikidata_id": "",
        "locality_id": "1260101603"
      }
    },
    {
      "type": "Feature",
      "geometry": {
        "type": "Point",
        "coordinates": [
          168.26667,
          -15.88333
        ]
      },
      "properties": {
        "name": "Varsare",
        "placetype": "Locality",
        "population": null,
        "country": "VU",
        "wikidata_id": "",
        "locality_id": "1260143877"
      }
    },
    {
      "type": "Feature",
      "geometry": {
        "type": "Point",
        "coordinates": [
          168.53333,
          -16.93333
        ]
      },
      "properties": {
        "name": "Bongabonga",
        "placetype": "Locality",
        "population": null,
        "country": "VU",
        "wikidata_id": "",
        "locality_id": "1260146657"
      }
    },
    {
      "type": "Feature",
      "geometry": {
        "type": "Point",
        "coordinates": [
          167.98333,
          -16.28333
        ]
      },
      "properties": {
        "name": "Mapkinkin",
        "placetype": "Locality",
        "population": null,
        "country": "VU",
        "wikidata_id": "",
        "locality_id": "1260150281"
      }
    },
    {
      "type": "Feature",
      "geometry": {
        "type": "Point",
        "coordinates": [
          167.76667,
          -16.38333
        ]
      },
      "properties": {
        "name": "Bourbar",
        "placetype": "Locality",
        "population": null,
        "country": "VU",
        "wikidata_id": "",
        "locality_id": "1260153231"
      }
    },
    {
      "type": "Feature",
      "geometry": {
        "type": "Point",
        "coordinates": [
          169.76514,
          -20.22395
        ]
      },
      "properties": {
        "name": "Etpouleo",
        "placetype": "Locality",
        "population": null,
        "country": "VU",
        "wikidata_id": "",
        "locality_id": "1260153935"
      }
    },
    {
      "type": "Feature",
      "geometry": {
        "type": "Point",
        "coordinates": [
          166.66667,
          -15.23333
        ]
      },
      "properties": {
        "name": "Pakaroro",
        "placetype": "Locality",
        "population": null,
        "country": "VU",
        "wikidata_id": "",
        "locality_id": "1260157339"
      }
    },
    {
      "type": "Feature",
      "geometry": {
        "type": "Point",
        "coordinates": [
          167.03333,
          -15.45
        ]
      },
      "properties": {
        "name": "Fwimatal",
        "placetype": "Locality",
        "population": null,
        "country": "VU",
        "wikidata_id": "",
        "locality_id": "1260160211"
      }
    },
    {
      "type": "Feature",
      "geometry": {
        "type": "Point",
        "coordinates": [
          167.0,
          -15.58333
        ]
      },
      "properties": {
        "name": "Wounaouss",
        "placetype": "Locality",
        "population": null,
        "country": "VU",
        "wikidata_id": "",
        "locality_id": "1260160333"
      }
    },
    {
      "type": "Feature",
      "geometry": {
        "type": "Point",
        "coordinates": [
          166.8,
          -15.13333
        ]
      },
      "properties": {
        "name": "Maloeta",
        "placetype": "Locality",
        "population": null,
        "country": "VU",
        "wikidata_id": "",
        "locality_id": "1260160351"
      }
    },
    {
      "type": "Feature",
      "geometry": {
        "type": "Point",
        "coordinates": [
          167.16667,
          -16.1
        ]
      },
      "properties": {
        "name": "Wilir",
        "placetype": "Locality",
        "population": null,
        "country": "VU",
        "wikidata_id": "",
        "locality_id": "1260163117"
      }
    },
    {
      "type": "Feature",
      "geometry": {
        "type": "Point",
        "coordinates": [
          169.35,
          -19.46667
        ]
      },
      "properties": {
        "name": "Lawenata",
        "placetype": "Locality",
        "population": null,
        "country": "VU",
        "wikidata_id": "",
        "locality_id": "1260163933"
      }
    },
    {
      "type": "Feature",
      "geometry": {
        "type": "Point",
        "coordinates": [
          166.85,
          -15.4
        ]
      },
      "properties": {
        "name": "Tabwimol",
        "placetype": "Locality",
        "population": null,
        "country": "VU",
        "wikidata_id": "",
        "locality_id": "1260167611"
      }
    },
    {
      "type": "Feature",
      "geometry": {
        "type": "Point",
        "coordinates": [
          167.68333,
          -13.83333
        ]
      },
      "properties": {
        "name": "Tuqetap",
        "placetype": "Locality",
        "population": null,
        "country": "VU",
        "wikidata_id": "",
        "locality_id": "1260176341"
      }
    },
    {
      "type": "Feature",
      "geometry": {
        "type": "Point",
        "coordinates": [
          167.51667,
          -13.75
        ]
      },
      "properties": {
        "name": "Metesari",
        "placetype": "Locality",
        "population": null,
        "country": "VU",
        "wikidata_id": "",
        "locality_id": "1260204751"
      }
    },
    {
      "type": "Feature",
      "geometry": {
        "type": "Point",
        "coordinates": [
          168.16667,
          -15.71667
        ]
      },
      "properties": {
        "name": "Lalda",
        "placetype": "Locality",
        "population": null,
        "country": "VU",
        "wikidata_id": "",
        "locality_id": "1260245423"
      }
    },
    {
      "type": "Feature",
      "geometry": {
        "type": "Point",
        "coordinates": [
          167.85,
          -15.31667
        ]
      },
      "properties": {
        "name": "Walourigi",
        "placetype": "Locality",
        "population": null,
        "country": "VU",
        "wikidata_id": "",
        "locality_id": "1260245441"
      }
    },
    {
      "type": "Feature",
      "geometry": {
        "type": "Point",
        "coordinates": [
          167.88333,
          -15.31667
        ]
      },
      "properties": {
        "name": "Lolovange",
        "placetype": "Locality",
        "population": null,
        "country": "VU",
        "wikidata_id": "",
        "locality_id": "1260245485"
      }
    },
    {
      "type": "Feature",
      "geometry": {
        "type": "Point",
        "coordinates": [
          168.35827,
          -17.7379
        ]
      },
      "properties": {
        "name": "Montmartre",
        "placetype": "Locality",
        "population": null,
        "country": "VU",
        "wikidata_id": "",
        "locality_id": "1260258567"
      }
    },
    {
      "type": "Feature",
      "geometry": {
        "type": "Point",
        "coordinates": [
          168.13333,
          -15.46667
        ]
      },
      "properties": {
        "name": "Lamorou",
        "placetype": "Locality",
        "population": null,
        "country": "VU",
        "wikidata_id": "",
        "locality_id": "1260258925"
      }
    },
    {
      "type": "Feature",
      "geometry": {
        "type": "Point",
        "coordinates": [
          167.23333,
          -15.65
        ]
      },
      "properties": {
        "name": "Empaoura",
        "placetype": "Locality",
        "population": null,
        "country": "VU",
        "wikidata_id": "",
        "locality_id": "1260259241"
      }
    },
    {
      "type": "Feature",
      "geometry": {
        "type": "Point",
        "coordinates": [
          166.8,
          -15.5
        ]
      },
      "properties": {
        "name": "Tsarapao",
        "placetype": "Locality",
        "population": null,
        "country": "VU",
        "wikidata_id": "",
        "locality_id": "1260269275"
      }
    },
    {
      "type": "Feature",
      "geometry": {
        "type": "Point",
        "coordinates": [
          167.38333,
          -13.83333
        ]
      },
      "properties": {
        "name": "Lovonolivo",
        "placetype": "Locality",
        "population": null,
        "country": "VU",
        "wikidata_id": "",
        "locality_id": "1260307397"
      }
    },
    {
      "type": "Feature",
      "geometry": {
        "type": "Point",
        "coordinates": [
          168.21667,
          -16.65
        ]
      },
      "properties": {
        "name": "Nikaoura",
        "placetype": "Locality",
        "population": null,
        "country": "VU",
        "wikidata_id": "",
        "locality_id": "1260352263"
      }
    },
    {
      "type": "Feature",
      "geometry": {
        "type": "Point",
        "coordinates": [
          168.15,
          -15.7
        ]
      },
      "properties": {
        "name": "Vanis",
        "placetype": "Locality",
        "population": null,
        "country": "VU",
        "wikidata_id": "",
        "locality_id": "1260352667"
      }
    },
    {
      "type": "Feature",
      "geometry": {
        "type": "Point",
        "coordinates": [
          168.13333,
          -16.63333
        ]
      },
      "properties": {
        "name": "Yapana",
        "placetype": "Locality",
        "population": null,
        "country": "VU",
        "wikidata_id": "",
        "locality_id": "1260355559"
      }
    },
    {
      "type": "Feature",
      "geometry": {
        "type": "Point",
        "coordinates": [
          168.15,
          -16.11667
        ]
      },
      "properties": {
        "name": "Tawor",
        "placetype": "Locality",
        "population": null,
        "country": "VU",
        "wikidata_id": "",
        "locality_id": "1260359151"
      }
    },
    {
      "type": "Feature",
      "geometry": {
        "type": "Point",
        "coordinates": [
          168.03333,
          -16.33333
        ]
      },
      "properties": {
        "name": "Port-Vato",
        "placetype": "Locality",
        "population": null,
        "country": "VU",
        "wikidata_id": "",
        "locality_id": "1260359157"
      }
    },
    {
      "type": "Feature",
      "geometry": {
        "type": "Point",
        "coordinates": [
          167.61667,
          -16.25
        ]
      },
      "properties": {
        "name": "Matenoua",
        "placetype": "Locality",
        "population": null,
        "country": "VU",
        "wikidata_id": "",
        "locality_id": "1260362123"
      }
    },
    {
      "type": "Feature",
      "geometry": {
        "type": "Point",
        "coordinates": [
          169.3,
          -19.46667
        ]
      },
      "properties": {
        "name": "Lamoueneuvel",
        "placetype": "Locality",
        "population": null,
        "country": "VU",
        "wikidata_id": "",
        "locality_id": "1260362807"
      }
    },
    {
      "type": "Feature",
      "geometry": {
        "type": "Point",
        "coordinates": [
          168.4,
          -17.06667
        ]
      },
      "properties": {
        "name": "Finongi",
        "placetype": "Locality",
        "population": null,
        "country": "VU",
        "wikidata_id": "",
        "locality_id": "1260365829"
      }
    },
    {
      "type": "Feature",
      "geometry": {
        "type": "Point",
        "coordinates": [
          167.93333,
          -15.33333
        ]
      },
      "properties": {
        "name": "Arong",
        "placetype": "Locality",
        "population": null,
        "country": "VU",
        "wikidata_id": "",
        "locality_id": "1260366307"
      }
    },
    {
      "type": "Feature",
      "geometry": {
        "type": "Point",
        "coordinates": [
          166.9,
          -15.48333
        ]
      },
      "properties": {
        "name": "Morioul",
        "placetype": "Locality",
        "population": null,
        "country": "VU",
        "wikidata_id": "",
        "locality_id": "1260366423"
      }
    },
    {
      "type": "Feature",
      "geometry": {
        "type": "Point",
        "coordinates": [
          166.78333,
          -15.0
        ]
      },
      "properties": {
        "name": "Tanoutcho",
        "placetype": "Locality",
        "population": null,
        "country": "VU",
        "wikidata_id": "",
        "locality_id": "1260369625"
      }
    },
    {
      "type": "Feature",
      "geometry": {
        "type": "Point",
        "coordinates": [
          168.23333,
          -16.26667
        ]
      },
      "properties": {
        "name": "Poal",
        "placetype": "Locality",
        "population": null,
        "country": "VU",
        "wikidata_id": "",
        "locality_id": "1260372571"
      }
    },
    {
      "type": "Feature",
      "geometry": {
        "type": "Point",
        "coordinates": [
          168.13333,
          -16.11667
        ]
      },
      "properties": {
        "name": "Fanouatatao",
        "placetype": "Locality",
        "population": null,
        "country": "VU",
        "wikidata_id": "",
        "locality_id": "1260372635"
      }
    },
    {
      "type": "Feature",
      "geometry": {
        "type": "Point",
        "coordinates": [
          167.98333,
          -16.25
        ]
      },
      "properties": {
        "name": "Yeno",
        "placetype": "Locality",
        "population": null,
        "country": "VU",
        "wikidata_id": "",
        "locality_id": "1260372659"
      }
    },
    {
      "type": "Feature",
      "geometry": {
        "type": "Point",
        "coordinates": [
          167.2,
          -16.15
        ]
      },
      "properties": {
        "name": "Wihel",
        "placetype": "Locality",
        "population": null,
        "country": "VU",
        "wikidata_id": "",
        "locality_id": "1260372665"
      }
    },
    {
      "type": "Feature",
      "geometry": {
        "type": "Point",
        "coordinates": [
          169.08333,
          -18.91667
        ]
      },
      "properties": {
        "name": "Rampounrougou",
        "placetype": "Locality",
        "population": null,
        "country": "VU",
        "wikidata_id": "",
        "locality_id": "1260373303"
      }
    },
    {
      "type": "Feature",
      "geometry": {
        "type": "Point",
        "coordinates": [
          169.41667,
          -19.5
        ]
      },
      "properties": {
        "name": "Loonoo",
        "placetype": "Locality",
        "population": null,
        "country": "VU",
        "wikidata_id": "",
        "locality_id": "1260373337"
      }
    },
    {
      "type": "Feature",
      "geometry": {
        "type": "Point",
        "coordinates": [
          168.16667,
          -15.71667
        ]
      },
      "properties": {
        "name": "Ledavi",
        "placetype": "Locality",
        "population": null,
        "country": "VU",
        "wikidata_id": "",
        "locality_id": "1276188487"
      }
    },
    {
      "type": "Feature",
      "geometry": {
        "type": "Point",
        "coordinates": [
          168.11667,
          -15.6
        ]
      },
      "properties": {
        "name": "Nakouita",
        "placetype": "Locality",
        "population": null,
        "country": "VU",
        "wikidata_id": "",
        "locality_id": "1276188527"
      }
    },
    {
      "type": "Feature",
      "geometry": {
        "type": "Point",
        "coordinates": [
          168.16667,
          -15.53333
        ]
      },
      "properties": {
        "name": "Matbopo",
        "placetype": "Locality",
        "population": null,
        "country": "VU",
        "wikidata_id": "",
        "locality_id": "1276197389"
      }
    },
    {
      "type": "Feature",
      "geometry": {
        "type": "Point",
        "coordinates": [
          167.71667,
          -15.41667
        ]
      },
      "properties": {
        "name": "Tavala",
        "placetype": "Locality",
        "population": null,
        "country": "VU",
        "wikidata_id": "",
        "locality_id": "1276197405"
      }
    },
    {
      "type": "Feature",
      "geometry": {
        "type": "Point",
        "coordinates": [
          167.38333,
          -16.33333
        ]
      },
      "properties": {
        "name": "Kindou",
        "placetype": "Locality",
        "population": null,
        "country": "VU",
        "wikidata_id": "",
        "locality_id": "1276198441"
      }
    },
    {
      "type": "Feature",
      "geometry": {
        "type": "Point",
        "coordinates": [
          168.13333,
          -15.7
        ]
      },
      "properties": {
        "name": "Leboukouvini",
        "placetype": "Locality",
        "population": null,
        "country": "VU",
        "wikidata_id": "",
        "locality_id": "1276202479"
      }
    },
    {
      "type": "Feature",
      "geometry": {
        "type": "Point",
        "coordinates": [
          166.8,
          -15.41667
        ]
      },
      "properties": {
        "name": "Saou",
        "placetype": "Locality",
        "population": null,
        "country": "VU",
        "wikidata_id": "",
        "locality_id": "1276205731"
      }
    },
    {
      "type": "Feature",
      "geometry": {
        "type": "Point",
        "coordinates": [
          167.05,
          -15.06667
        ]
      },
      "properties": {
        "name": "Lewelvaru",
        "placetype": "Locality",
        "population": null,
        "country": "VU",
        "wikidata_id": "",
        "locality_id": "1276212957"
      }
    },
    {
      "type": "Feature",
      "geometry": {
        "type": "Point",
        "coordinates": [
          167.1,
          -15.63333
        ]
      },
      "properties": {
        "name": "Avounbaka",
        "placetype": "Locality",
        "population": null,
        "country": "VU",
        "wikidata_id": "",
        "locality_id": "1276212983"
      }
    },
    {
      "type": "Feature",
      "geometry": {
        "type": "Point",
        "coordinates": [
          166.86667,
          -15.18333
        ]
      },
      "properties": {
        "name": "Talatas",
        "placetype": "Locality",
        "population": null,
        "country": "VU",
        "wikidata_id": "",
        "locality_id": "1276213015"
      }
    },
    {
      "type": "Feature",
      "geometry": {
        "type": "Point",
        "coordinates": [
          167.55424,
          -14.36542
        ]
      },
      "properties": {
        "name": "Maken",
        "placetype": "Locality",
        "population": null,
        "country": "VU",
        "wikidata_id": "",
        "locality_id": "1276247441"
      }
    },
    {
      "type": "Feature",
      "geometry": {
        "type": "Point",
        "coordinates": [
          168.25,
          -15.93333
        ]
      },
      "properties": {
        "name": "Lonboue",
        "placetype": "Locality",
        "population": null,
        "country": "VU",
        "wikidata_id": "",
        "locality_id": "1276295271"
      }
    },
    {
      "type": "Feature",
      "geometry": {
        "type": "Point",
        "coordinates": [
          169.36667,
          -19.48333
        ]
      },
      "properties": {
        "name": "Loeafi",
        "placetype": "Locality",
        "population": null,
        "country": "VU",
        "wikidata_id": "",
        "locality_id": "1276302637"
      }
    },
    {
      "type": "Feature",
      "geometry": {
        "type": "Point",
        "coordinates": [
          169.31667,
          -19.56667
        ]
      },
      "properties": {
        "name": "Yapimay",
        "placetype": "Locality",
        "population": null,
        "country": "VU",
        "wikidata_id": "",
        "locality_id": "1276302677"
      }
    },
    {
      "type": "Feature",
      "geometry": {
        "type": "Point",
        "coordinates": [
          166.78333,
          -15.41667
        ]
      },
      "properties": {
        "name": "Naouli",
        "placetype": "Locality",
        "population": null,
        "country": "VU",
        "wikidata_id": "",
        "locality_id": "1276303769"
      }
    },
    {
      "type": "Feature",
      "geometry": {
        "type": "Point",
        "coordinates": [
          166.86667,
          -15.41667
        ]
      },
      "properties": {
        "name": "Ousiev",
        "placetype": "Locality",
        "population": null,
        "country": "VU",
        "wikidata_id": "",
        "locality_id": "1276303773"
      }
    },
    {
      "type": "Feature",
      "geometry": {
        "type": "Point",
        "coordinates": [
          166.71667,
          -15.78333
        ]
      },
      "properties": {
        "name": "Kariamaoura",
        "placetype": "Locality",
        "population": null,
        "country": "VU",
        "wikidata_id": "",
        "locality_id": "1276303775"
      }
    },
    {
      "type": "Feature",
      "geometry": {
        "type": "Point",
        "coordinates": [
          167.71667,
          -16.33333
        ]
      },
      "properties": {
        "name": "Aulua",
        "placetype": "Locality",
        "population": null,
        "country": "VU",
        "wikidata_id": "",
        "locality_id": "1276304865"
      }
    },
    {
      "type": "Feature",
      "geometry": {
        "type": "Point",
        "coordinates": [
          168.03333,
          -16.33333
        ]
      },
      "properties": {
        "name": "Lononwei",
        "placetype": "Locality",
        "population": null,
        "country": "VU",
        "wikidata_id": "",
        "locality_id": "1276304933"
      }
    },
    {
      "type": "Feature",
      "geometry": {
        "type": "Point",
        "coordinates": [
          167.91667,
          -15.36667
        ]
      },
      "properties": {
        "name": "Sarouaetan",
        "placetype": "Locality",
        "population": null,
        "country": "VU",
        "wikidata_id": "",
        "locality_id": "1276309037"
      }
    },
    {
      "type": "Feature",
      "geometry": {
        "type": "Point",
        "coordinates": [
          167.23333,
          -15.71667
        ]
      },
      "properties": {
        "name": "Samarandas",
        "placetype": "Locality",
        "population": null,
        "country": "VU",
        "wikidata_id": "",
        "locality_id": "1276309129"
      }
    },
    {
      "type": "Feature",
      "geometry": {
        "type": "Point",
        "coordinates": [
          166.9,
          -15.6
        ]
      },
      "properties": {
        "name": "Lasoulesoule",
        "placetype": "Locality",
        "population": null,
        "country": "VU",
        "wikidata_id": "",
        "locality_id": "1276312355"
      }
    },
    {
      "type": "Feature",
      "geometry": {
        "type": "Point",
        "coordinates": [
          166.76667,
          -15.48333
        ]
      },
      "properties": {
        "name": "Laloupleito",
        "placetype": "Locality",
        "population": null,
        "country": "VU",
        "wikidata_id": "",
        "locality_id": "1276312381"
      }
    },
    {
      "type": "Feature",
      "geometry": {
        "type": "Point",
        "coordinates": [
          168.18333,
          -16.11667
        ]
      },
      "properties": {
        "name": "Fonteng",
        "placetype": "Locality",
        "population": null,
        "country": "VU",
        "wikidata_id": "",
        "locality_id": "1276315291"
      }
    },
    {
      "type": "Feature",
      "geometry": {
        "type": "Point",
        "coordinates": [
          167.56667,
          -16.53333
        ]
      },
      "properties": {
        "name": "Boroumvor",
        "placetype": "Locality",
        "population": null,
        "country": "VU",
        "wikidata_id": "",
        "locality_id": "1276315413"
      }
    },
    {
      "type": "Feature",
      "geometry": {
        "type": "Point",
        "coordinates": [
          167.71131,
          -13.65995
        ]
      },
      "properties": {
        "name": "Ablow",
        "placetype": "Locality",
        "population": null,
        "country": "VU",
        "wikidata_id": "",
        "locality_id": "1276345543"
      }
    },
    {
      "type": "Feature",
      "geometry": {
        "type": "Point",
        "coordinates": [
          168.18333,
          -15.68333
        ]
      },
      "properties": {
        "name": "Vanrewerep",
        "placetype": "Locality",
        "population": null,
        "country": "VU",
        "wikidata_id": "",
        "locality_id": "1276403025"
      }
    },
    {
      "type": "Feature",
      "geometry": {
        "type": "Point",
        "coordinates": [
          168.38333,
          -17.05
        ]
      },
      "properties": {
        "name": "Sasake",
        "placetype": "Locality",
        "population": null,
        "country": "VU",
        "wikidata_id": "",
        "locality_id": "1276405923"
      }
    },
    {
      "type": "Feature",
      "geometry": {
        "type": "Point",
        "coordinates": [
          168.13333,
          -15.68333
        ]
      },
      "properties": {
        "name": "Lewaibilak",
        "placetype": "Locality",
        "population": null,
        "country": "VU",
        "wikidata_id": "",
        "locality_id": "1276411729"
      }
    },
    {
      "type": "Feature",
      "geometry": {
        "type": "Point",
        "coordinates": [
          167.68333,
          -15.43333
        ]
      },
      "properties": {
        "name": "Navoutouriki",
        "placetype": "Locality",
        "population": null,
        "country": "VU",
        "wikidata_id": "",
        "locality_id": "1276411783"
      }
    },
    {
      "type": "Feature",
      "geometry": {
        "type": "Point",
        "coordinates": [
          169.3,
          -19.56667
        ]
      },
      "properties": {
        "name": "Imwapeul",
        "placetype": "Locality",
        "population": null,
        "country": "VU",
        "wikidata_id": "",
        "locality_id": "1276413493"
      }
    },
    {
      "type": "Feature",
      "geometry": {
        "type": "Point",
        "coordinates": [
          168.16667,
          -15.78333
        ]
      },
      "properties": {
        "name": "Wanou",
        "placetype": "Locality",
        "population": null,
        "country": "VU",
        "wikidata_id": "",
        "locality_id": "1276416701"
      }
    },
    {
      "type": "Feature",
      "geometry": {
        "type": "Point",
        "coordinates": [
          169.3,
          -19.38333
        ]
      },
      "properties": {
        "name": "Laounalang",
        "placetype": "Locality",
        "population": null,
        "country": "VU",
        "wikidata_id": "",
        "locality_id": "1276423619"
      }
    },
    {
      "type": "Feature",
      "geometry": {
        "type": "Point",
        "coordinates": [
          169.0,
          -18.75
        ]
      },
      "properties": {
        "name": "Navolou",
        "placetype": "Locality",
        "population": null,
        "country": "VU",
        "wikidata_id": "",
        "locality_id": "1276423737"
      }
    },
    {
      "type": "Feature",
      "geometry": {
        "type": "Point",
        "coordinates": [
          166.95,
          -15.63333
        ]
      },
      "properties": {
        "name": "Natanopeta",
        "placetype": "Locality",
        "population": null,
        "country": "VU",
        "wikidata_id": "",
        "locality_id": "1276427445"
      }
    },
    {
      "type": "Feature",
      "geometry": {
        "type": "Point",
        "coordinates": [
          167.56667,
          -14.2
        ]
      },
      "properties": {
        "name": "Lembot",
        "placetype": "Locality",
        "population": null,
        "country": "VU",
        "wikidata_id": "",
        "locality_id": "1276438519"
      }
    },
    {
      "type": "Feature",
      "geometry": {
        "type": "Point",
        "coordinates": [
          167.34076,
          -13.54371
        ]
      },
      "properties": {
        "name": "Lesereplag",
        "placetype": "Locality",
        "population": null,
        "country": "VU",
        "wikidata_id": "",
        "locality_id": "1276465229"
      }
    },
    {
      "type": "Feature",
      "geometry": {
        "type": "Point",
        "coordinates": [
          167.88333,
          -15.3
        ]
      },
      "properties": {
        "name": "Lolopwepwe",
        "placetype": "Locality",
        "population": null,
        "country": "VU",
        "wikidata_id": "",
        "locality_id": "1276510661"
      }
    },
    {
      "type": "Feature",
      "geometry": {
        "type": "Point",
        "coordinates": [
          167.73333,
          -16.35
        ]
      },
      "properties": {
        "name": "Fartabo",
        "placetype": "Locality",
        "population": null,
        "country": "VU",
        "wikidata_id": "",
        "locality_id": "1276516901"
      }
    },
    {
      "type": "Feature",
      "geometry": {
        "type": "Point",
        "coordinates": [
          169.43333,
          -19.5
        ]
      },
      "properties": {
        "name": "Looulooupou",
        "placetype": "Locality",
        "population": null,
        "country": "VU",
        "wikidata_id": "",
        "locality_id": "1276517643"
      }
    },
    {
      "type": "Feature",
      "geometry": {
        "type": "Point",
        "coordinates": [
          168.18333,
          -15.93333
        ]
      },
      "properties": {
        "name": "Wali",
        "placetype": "Locality",
        "population": null,
        "country": "VU",
        "wikidata_id": "",
        "locality_id": "1276518895"
      }
    },
    {
      "type": "Feature",
      "geometry": {
        "type": "Point",
        "coordinates": [
          168.06667,
          -15.1
        ]
      },
      "properties": {
        "name": "Betarara",
        "placetype": "Locality",
        "population": null,
        "country": "VU",
        "wikidata_id": "",
        "locality_id": "1276518989"
      }
    },
    {
      "type": "Feature",
      "geometry": {
        "type": "Point",
        "coordinates": [
          169.31667,
          -19.45
        ]
      },
      "properties": {
        "name": "Ilpweutou",
        "placetype": "Locality",
        "population": null,
        "country": "VU",
        "wikidata_id": "",
        "locality_id": "1276520743"
      }
    },
    {
      "type": "Feature",
      "geometry": {
        "type": "Point",
        "coordinates": [
          168.15,
          -15.73333
        ]
      },
      "properties": {
        "name": "Weravenou",
        "placetype": "Locality",
        "population": null,
        "country": "VU",
        "wikidata_id": "",
        "locality_id": "1276524101"
      }
    },
    {
      "type": "Feature",
      "geometry": {
        "type": "Point",
        "coordinates": [
          166.8,
          -15.63333
        ]
      },
      "properties": {
        "name": "Pakapoultol",
        "placetype": "Locality",
        "population": null,
        "country": "VU",
        "wikidata_id": "",
        "locality_id": "1276527405"
      }
    },
    {
      "type": "Feature",
      "geometry": {
        "type": "Point",
        "coordinates": [
          169.45,
          -19.5
        ]
      },
      "properties": {
        "name": "Lomemeti",
        "placetype": "Locality",
        "population": null,
        "country": "VU",
        "wikidata_id": "",
        "locality_id": "1276530881"
      }
    },
    {
      "type": "Feature",
      "geometry": {
        "type": "Point",
        "coordinates": [
          166.8,
          -15.4
        ]
      },
      "properties": {
        "name": "Kaipiloa",
        "placetype": "Locality",
        "population": null,
        "country": "VU",
        "wikidata_id": "",
        "locality_id": "1276534641"
      }
    },
    {
      "type": "Feature",
      "geometry": {
        "type": "Point",
        "coordinates": [
          167.63333,
          -13.7
        ]
      },
      "properties": {
        "name": "Amio",
        "placetype": "Locality",
        "population": null,
        "country": "VU",
        "wikidata_id": "",
        "locality_id": "1276540667"
      }
    },
    {
      "type": "Feature",
      "geometry": {
        "type": "Point",
        "coordinates": [
          168.58333,
          -16.88333
        ]
      },
      "properties": {
        "name": "Matangui-Salembanga",
        "placetype": "Locality",
        "population": null,
        "country": "VU",
        "wikidata_id": "",
        "locality_id": "1276620329"
      }
    },
    {
      "type": "Feature",
      "geometry": {
        "type": "Point",
        "coordinates": [
          167.43333,
          -16.46667
        ]
      },
      "properties": {
        "name": "Labo",
        "placetype": "Locality",
        "population": null,
        "country": "VU",
        "wikidata_id": "",
        "locality_id": "1276624181"
      }
    },
    {
      "type": "Feature",
      "geometry": {
        "type": "Point",
        "coordinates": [
          167.86667,
          -15.31667
        ]
      },
      "properties": {
        "name": "Lomalanga",
        "placetype": "Locality",
        "population": null,
        "country": "VU",
        "wikidata_id": "",
        "locality_id": "1276626191"
      }
    },
    {
      "type": "Feature",
      "geometry": {
        "type": "Point",
        "coordinates": [
          167.91667,
          -16.25
        ]
      },
      "properties": {
        "name": "Lolimari",
        "placetype": "Locality",
        "population": null,
        "country": "VU",
        "wikidata_id": "",
        "locality_id": "1276627315"
      }
    },
    {
      "type": "Feature",
      "geometry": {
        "type": "Point",
        "coordinates": [
          169.76667,
          -20.23333
        ]
      },
      "properties": {
        "name": "Anelghowhat",
        "placetype": "Locality",
        "population": null,
        "country": "VU",
        "wikidata_id": "",
        "locality_id": "1276628155"
      }
    },
    {
      "type": "Feature",
      "geometry": {
        "type": "Point",
        "coordinates": [
          168.05,
          -14.95
        ]
      },
      "properties": {
        "name": "Natowoulata",
        "placetype": "Locality",
        "population": null,
        "country": "VU",
        "wikidata_id": "",
        "locality_id": "1276631599"
      }
    },
    {
      "type": "Feature",
      "geometry": {
        "type": "Point",
        "coordinates": [
          168.13333,
          -15.66667
        ]
      },
      "properties": {
        "name": "Nakonrabonga",
        "placetype": "Locality",
        "population": null,
        "country": "VU",
        "wikidata_id": "",
        "locality_id": "1276631611"
      }
    },
    {
      "type": "Feature",
      "geometry": {
        "type": "Point",
        "coordinates": [
          167.41667,
          -14.31667
        ]
      },
      "properties": {
        "name": "Tolav",
        "placetype": "Locality",
        "population": null,
        "country": "VU",
        "wikidata_id": "",
        "locality_id": "1276653499"
      }
    },
    {
      "type": "Feature",
      "geometry": {
        "type": "Point",
        "coordinates": [
          168.13589,
          -15.61821
        ]
      },
      "properties": {
        "name": "Melerep",
        "placetype": "Locality",
        "population": null,
        "country": "VU",
        "wikidata_id": "",
        "locality_id": "1276667935"
      }
    },
    {
      "type": "Feature",
      "geometry": {
        "type": "Point",
        "coordinates": [
          168.38333,
          -17.48333
        ]
      },
      "properties": {
        "name": "Ounakop",
        "placetype": "Locality",
        "population": null,
        "country": "VU",
        "wikidata_id": "",
        "locality_id": "1276725147"
      }
    },
    {
      "type": "Feature",
      "geometry": {
        "type": "Point",
        "coordinates": [
          168.25,
          -16.71667
        ]
      },
      "properties": {
        "name": "Leman",
        "placetype": "Locality",
        "population": null,
        "country": "VU",
        "wikidata_id": "",
        "locality_id": "1276725247"
      }
    },
    {
      "type": "Feature",
      "geometry": {
        "type": "Point",
        "coordinates": [
          167.9,
          -15.3
        ]
      },
      "properties": {
        "name": "Lowitava",
        "placetype": "Locality",
        "population": null,
        "country": "VU",
        "wikidata_id": "",
        "locality_id": "1276725543"
      }
    },
    {
      "type": "Feature",
      "geometry": {
        "type": "Point",
        "coordinates": [
          168.57903,
          -17.0282
        ]
      },
      "properties": {
        "name": "Muloho",
        "placetype": "Locality",
        "population": null,
        "country": "VU",
        "wikidata_id": "",
        "locality_id": "1276728347"
      }
    },
    {
      "type": "Feature",
      "geometry": {
        "type": "Point",
        "coordinates": [
          168.55,
          -16.88333
        ]
      },
      "properties": {
        "name": "Kouroumanpe",
        "placetype": "Locality",
        "population": null,
        "country": "VU",
        "wikidata_id": "",
        "locality_id": "1276728353"
      }
    },
    {
      "type": "Feature",
      "geometry": {
        "type": "Point",
        "coordinates": [
          167.68333,
          -16.28333
        ]
      },
      "properties": {
        "name": "Penoubere",
        "placetype": "Locality",
        "population": null,
        "country": "VU",
        "wikidata_id": "",
        "locality_id": "1276732059"
      }
    },
    {
      "type": "Feature",
      "geometry": {
        "type": "Point",
        "coordinates": [
          169.75006,
          -20.18746
        ]
      },
      "properties": {
        "name": "Isino",
        "placetype": "Locality",
        "population": null,
        "country": "VU",
        "wikidata_id": "",
        "locality_id": "1276732741"
      }
    },
    {
      "type": "Feature",
      "geometry": {
        "type": "Point",
        "coordinates": [
          170.2,
          -19.53333
        ]
      },
      "properties": {
        "name": "Iasoa",
        "placetype": "Locality",
        "population": null,
        "country": "VU",
        "wikidata_id": "",
        "locality_id": "1276732847"
      }
    },
    {
      "type": "Feature",
      "geometry": {
        "type": "Point",
        "coordinates": [
          168.13333,
          -15.51667
        ]
      },
      "properties": {
        "name": "Amalaboua",
        "placetype": "Locality",
        "population": null,
        "country": "VU",
        "wikidata_id": "",
        "locality_id": "1276734093"
      }
    },
    {
      "type": "Feature",
      "geometry": {
        "type": "Point",
        "coordinates": [
          168.2,
          -16.0
        ]
      },
      "properties": {
        "name": "Panbroun",
        "placetype": "Locality",
        "population": null,
        "country": "VU",
        "wikidata_id": "",
        "locality_id": "1276734137"
      }
    },
    {
      "type": "Feature",
      "geometry": {
        "type": "Point",
        "coordinates": [
          169.35,
          -19.58333
        ]
      },
      "properties": {
        "name": "Yakwipeur",
        "placetype": "Locality",
        "population": null,
        "country": "VU",
        "wikidata_id": "",
        "locality_id": "1276735809"
      }
    },
    {
      "type": "Feature",
      "geometry": {
        "type": "Point",
        "coordinates": [
          170.21667,
          -19.55
        ]
      },
      "properties": {
        "name": "Napoua",
        "placetype": "Locality",
        "population": null,
        "country": "VU",
        "wikidata_id": "",
        "locality_id": "1276735823"
      }
    },
    {
      "type": "Feature",
      "geometry": {
        "type": "Point",
        "coordinates": [
          168.36667,
          -17.06667
        ]
      },
      "properties": {
        "name": "Souloua",
        "placetype": "Locality",
        "population": null,
        "country": "VU",
        "wikidata_id": "",
        "locality_id": "1276738693"
      }
    },
    {
      "type": "Feature",
      "geometry": {
        "type": "Point",
        "coordinates": [
          168.11667,
          -15.63333
        ]
      },
      "properties": {
        "name": "Namaram",
        "placetype": "Locality",
        "population": null,
        "country": "VU",
        "wikidata_id": "",
        "locality_id": "1276739139"
      }
    },
    {
      "type": "Feature",
      "geometry": {
        "type": "Point",
        "coordinates": [
          166.8,
          -15.43333
        ]
      },
      "properties": {
        "name": "Lamaro",
        "placetype": "Locality",
        "population": null,
        "country": "VU",
        "wikidata_id": "",
        "locality_id": "1276739399"
      }
    },
    {
      "type": "Feature",
      "geometry": {
        "type": "Point",
        "coordinates": [
          169.3,
          -19.45
        ]
      },
      "properties": {
        "name": "Lokearou",
        "placetype": "Locality",
        "population": null,
        "country": "VU",
        "wikidata_id": "",
        "locality_id": "1276746253"
      }
    },
    {
      "type": "Feature",
      "geometry": {
        "type": "Point",
        "coordinates": [
          166.73333,
          -15.11667
        ]
      },
      "properties": {
        "name": "Wounwaka",
        "placetype": "Locality",
        "population": null,
        "country": "VU",
        "wikidata_id": "",
        "locality_id": "1276749889"
      }
    },
    {
      "type": "Feature",
      "geometry": {
        "type": "Point",
        "coordinates": [
          167.15419,
          -15.53408
        ]
      },
      "properties": {
        "name": "La Roseraie",
        "placetype": "Locality",
        "population": null,
        "country": "VU",
        "wikidata_id": "",
        "locality_id": "1276749895"
      }
    },
    {
      "type": "Feature",
      "geometry": {
        "type": "Point",
        "coordinates": [
          166.85,
          -15.55
        ]
      },
      "properties": {
        "name": "Pakatam",
        "placetype": "Locality",
        "population": null,
        "country": "VU",
        "wikidata_id": "",
        "locality_id": "1276749967"
      }
    },
    {
      "type": "Feature",
      "geometry": {
        "type": "Point",
        "coordinates": [
          167.13333,
          -15.53333
        ]
      },
      "properties": {
        "name": "Meteo",
        "placetype": "Locality",
        "population": null,
        "country": "VU",
        "wikidata_id": "",
        "locality_id": "1276750015"
      }
    },
    {
      "type": "Feature",
      "geometry": {
        "type": "Point",
        "coordinates": [
          166.88333,
          -15.5
        ]
      },
      "properties": {
        "name": "Bilbilou",
        "placetype": "Locality",
        "population": null,
        "country": "VU",
        "wikidata_id": "",
        "locality_id": "1276750091"
      }
    },
    {
      "type": "Feature",
      "geometry": {
        "type": "Point",
        "coordinates": [
          166.56667,
          -13.18333
        ]
      },
      "properties": {
        "name": "Pivosava",
        "placetype": "Locality",
        "population": null,
        "country": "VU",
        "wikidata_id": "",
        "locality_id": "1276758949"
      }
    },
    {
      "type": "Feature",
      "geometry": {
        "type": "Point",
        "coordinates": [
          168.26888,
          -17.76757
        ]
      },
      "properties": {
        "name": "Erakor",
        "placetype": "Locality",
        "population": null,
        "country": "VU",
        "wikidata_id": "",
        "locality_id": "1276778831"
      }
    },
    {
      "type": "Feature",
      "geometry": {
        "type": "Point",
        "coordinates": [
          168.27222,
          -17.56667
        ]
      },
      "properties": {
        "name": "Port-Havannah",
        "placetype": "Locality",
        "population": null,
        "country": "VU",
        "wikidata_id": "",
        "locality_id": "1276832621"
      }
    },
    {
      "type": "Feature",
      "geometry": {
        "type": "Point",
        "coordinates": [
          168.35,
          -17.55
        ]
      },
      "properties": {
        "name": "Saama",
        "placetype": "Locality",
        "population": null,
        "country": "VU",
        "wikidata_id": "",
        "locality_id": "1276832663"
      }
    },
    {
      "type": "Feature",
      "geometry": {
        "type": "Point",
        "coordinates": [
          168.11288,
          -15.19881
        ]
      },
      "properties": {
        "name": "Nasawa",
        "placetype": "Locality",
        "population": null,
        "country": "VU",
        "wikidata_id": "",
        "locality_id": "1276833097"
      }
    },
    {
      "type": "Feature",
      "geometry": {
        "type": "Point",
        "coordinates": [
          168.28333,
          -16.35
        ]
      },
      "properties": {
        "name": "Pinapel",
        "placetype": "Locality",
        "population": null,
        "country": "VU",
        "wikidata_id": "",
        "locality_id": "1276839569"
      }
    },
    {
      "type": "Feature",
      "geometry": {
        "type": "Point",
        "coordinates": [
          169.28333,
          -19.51667
        ]
      },
      "properties": {
        "name": "Loonelapeun",
        "placetype": "Locality",
        "population": null,
        "country": "VU",
        "wikidata_id": "",
        "locality_id": "1276840423"
      }
    },
    {
      "type": "Feature",
      "geometry": {
        "type": "Point",
        "coordinates": [
          166.98333,
          -15.6
        ]
      },
      "properties": {
        "name": "Natchino",
        "placetype": "Locality",
        "population": null,
        "country": "VU",
        "wikidata_id": "",
        "locality_id": "1276850229"
      }
    },
    {
      "type": "Feature",
      "geometry": {
        "type": "Point",
        "coordinates": [
          169.33333,
          -19.55
        ]
      },
      "properties": {
        "name": "Yapnawitaleng",
        "placetype": "Locality",
        "population": null,
        "country": "VU",
        "wikidata_id": "",
        "locality_id": "1276853991"
      }
    },
    {
      "type": "Feature",
      "geometry": {
        "type": "Point",
        "coordinates": [
          166.8,
          -15.45
        ]
      },
      "properties": {
        "name": "Bilibil",
        "placetype": "Locality",
        "population": null,
        "country": "VU",
        "wikidata_id": "",
        "locality_id": "1276857591"
      }
    },
    {
      "type": "Feature",
      "geometry": {
        "type": "Point",
        "coordinates": [
          166.67921,
          -15.30615
        ]
      },
      "properties": {
        "name": "Kerepua",
        "placetype": "Locality",
        "population": null,
        "country": "VU",
        "wikidata_id": "",
        "locality_id": "1276892395"
      }
    },
    {
      "type": "Feature",
      "geometry": {
        "type": "Point",
        "coordinates": [
          167.23333,
          -15.98333
        ]
      },
      "properties": {
        "name": "Tamlilip",
        "placetype": "Locality",
        "population": null,
        "country": "VU",
        "wikidata_id": "",
        "locality_id": "1276947347"
      }
    },
    {
      "type": "Feature",
      "geometry": {
        "type": "Point",
        "coordinates": [
          168.11667,
          -16.11667
        ]
      },
      "properties": {
        "name": "Fona",
        "placetype": "Locality",
        "population": null,
        "country": "VU",
        "wikidata_id": "",
        "locality_id": "1276950539"
      }
    },
    {
      "type": "Feature",
      "geometry": {
        "type": "Point",
        "coordinates": [
          168.41667,
          -17.06667
        ]
      },
      "properties": {
        "name": "Makata",
        "placetype": "Locality",
        "population": null,
        "country": "VU",
        "wikidata_id": "",
        "locality_id": "1276954319"
      }
    },
    {
      "type": "Feature",
      "geometry": {
        "type": "Point",
        "coordinates": [
          167.75,
          -15.36667
        ]
      },
      "properties": {
        "name": "Lone",
        "placetype": "Locality",
        "population": null,
        "country": "VU",
        "wikidata_id": "",
        "locality_id": "1276954633"
      }
    },
    {
      "type": "Feature",
      "geometry": {
        "type": "Point",
        "coordinates": [
          167.7,
          -15.46667
        ]
      },
      "properties": {
        "name": "Losokwarou",
        "placetype": "Locality",
        "population": null,
        "country": "VU",
        "wikidata_id": "",
        "locality_id": "1276954683"
      }
    },
    {
      "type": "Feature",
      "geometry": {
        "type": "Point",
        "coordinates": [
          168.14803,
          -15.54925
        ]
      },
      "properties": {
        "name": "Loltong",
        "placetype": "Locality",
        "population": null,
        "country": "VU",
        "wikidata_id": "",
        "locality_id": "1276954687"
      }
    },
    {
      "type": "Feature",
      "geometry": {
        "type": "Point",
        "coordinates": [
          168.06667,
          -14.91667
        ]
      },
      "properties": {
        "name": "Tasmaori",
        "placetype": "Locality",
        "population": null,
        "country": "VU",
        "wikidata_id": "",
        "locality_id": "1276954739"
      }
    },
    {
      "type": "Feature",
      "geometry": {
        "type": "Point",
        "coordinates": [
          166.78333,
          -15.41667
        ]
      },
      "properties": {
        "name": "Matae",
        "placetype": "Locality",
        "population": null,
        "country": "VU",
        "wikidata_id": "",
        "locality_id": "1276954811"
      }
    },
    {
      "type": "Feature",
      "geometry": {
        "type": "Point",
        "coordinates": [
          167.01667,
          -15.41667
        ]
      },
      "properties": {
        "name": "Natourouk",
        "placetype": "Locality",
        "population": null,
        "country": "VU",
        "wikidata_id": "",
        "locality_id": "1276954899"
      }
    },
    {
      "type": "Feature",
      "geometry": {
        "type": "Point",
        "coordinates": [
          166.8,
          -15.5
        ]
      },
      "properties": {
        "name": "Lowirave",
        "placetype": "Locality",
        "population": null,
        "country": "VU",
        "wikidata_id": "",
        "locality_id": "1276958117"
      }
    },
    {
      "type": "Feature",
      "geometry": {
        "type": "Point",
        "coordinates": [
          166.88333,
          -15.43333
        ]
      },
      "properties": {
        "name": "Morgrif",
        "placetype": "Locality",
        "population": null,
        "country": "VU",
        "wikidata_id": "",
        "locality_id": "1276965579"
      }
    },
    {
      "type": "Feature",
      "geometry": {
        "type": "Point",
        "coordinates": [
          168.13333,
          -15.75
        ]
      },
      "properties": {
        "name": "Lesoubelakan",
        "placetype": "Locality",
        "population": null,
        "country": "VU",
        "wikidata_id": "",
        "locality_id": "1277038531"
      }
    },
    {
      "type": "Feature",
      "geometry": {
        "type": "Point",
        "coordinates": [
          168.35,
          -17.55
        ]
      },
      "properties": {
        "name": "Laknasoua",
        "placetype": "Locality",
        "population": null,
        "country": "VU",
        "wikidata_id": "",
        "locality_id": "1277041399"
      }
    },
    {
      "type": "Feature",
      "geometry": {
        "type": "Point",
        "coordinates": [
          168.06667,
          -16.35
        ]
      },
      "properties": {
        "name": "Lalembou",
        "placetype": "Locality",
        "population": null,
        "country": "VU",
        "wikidata_id": "",
        "locality_id": "1277045083"
      }
    },
    {
      "type": "Feature",
      "geometry": {
        "type": "Point",
        "coordinates": [
          166.78333,
          -15.38333
        ]
      },
      "properties": {
        "name": "Lamak",
        "placetype": "Locality",
        "population": null,
        "country": "VU",
        "wikidata_id": "",
        "locality_id": "1277046969"
      }
    },
    {
      "type": "Feature",
      "geometry": {
        "type": "Point",
        "coordinates": [
          168.15,
          -15.48333
        ]
      },
      "properties": {
        "name": "Abowi",
        "placetype": "Locality",
        "population": null,
        "country": "VU",
        "wikidata_id": "",
        "locality_id": "1277047045"
      }
    },
    {
      "type": "Feature",
      "geometry": {
        "type": "Point",
        "coordinates": [
          167.55,
          -16.2
        ]
      },
      "properties": {
        "name": "Robago",
        "placetype": "Locality",
        "population": null,
        "country": "VU",
        "wikidata_id": "",
        "locality_id": "1277048003"
      }
    },
    {
      "type": "Feature",
      "geometry": {
        "type": "Point",
        "coordinates": [
          168.0,
          -16.33333
        ]
      },
      "properties": {
        "name": "Emiotebin",
        "placetype": "Locality",
        "population": null,
        "country": "VU",
        "wikidata_id": "",
        "locality_id": "1277048019"
      }
    },
    {
      "type": "Feature",
      "geometry": {
        "type": "Point",
        "coordinates": [
          168.11667,
          -15.66667
        ]
      },
      "properties": {
        "name": "Engem",
        "placetype": "Locality",
        "population": null,
        "country": "VU",
        "wikidata_id": "",
        "locality_id": "1277052053"
      }
    },
    {
      "type": "Feature",
      "geometry": {
        "type": "Point",
        "coordinates": [
          168.23333,
          -16.0
        ]
      },
      "properties": {
        "name": "Ranpout",
        "placetype": "Locality",
        "population": null,
        "country": "VU",
        "wikidata_id": "",
        "locality_id": "1277052097"
      }
    },
    {
      "type": "Feature",
      "geometry": {
        "type": "Point",
        "coordinates": [
          166.88333,
          -15.51667
        ]
      },
      "properties": {
        "name": "Batounaroutoul",
        "placetype": "Locality",
        "population": null,
        "country": "VU",
        "wikidata_id": "",
        "locality_id": "1277055419"
      }
    },
    {
      "type": "Feature",
      "geometry": {
        "type": "Point",
        "coordinates": [
          166.8,
          -15.45
        ]
      },
      "properties": {
        "name": "Latounoukae",
        "placetype": "Locality",
        "population": null,
        "country": "VU",
        "wikidata_id": "",
        "locality_id": "1277055563"
      }
    },
    {
      "type": "Feature",
      "geometry": {
        "type": "Point",
        "coordinates": [
          168.21667,
          -16.5
        ]
      },
      "properties": {
        "name": "Napoul",
        "placetype": "Locality",
        "population": null,
        "country": "VU",
        "wikidata_id": "",
        "locality_id": "1277058505"
      }
    },
    {
      "type": "Feature",
      "geometry": {
        "type": "Point",
        "coordinates": [
          168.43045,
          -17.13037
        ]
      },
      "properties": {
        "name": "Malakof",
        "placetype": "Locality",
        "population": null,
        "country": "VU",
        "wikidata_id": "",
        "locality_id": "1277084839"
      }
    },
    {
      "type": "Feature",
      "geometry": {
        "type": "Point",
        "coordinates": [
          168.06667,
          -15.06667
        ]
      },
      "properties": {
        "name": "Aiowo",
        "placetype": "Locality",
        "population": null,
        "country": "VU",
        "wikidata_id": "",
        "locality_id": "1277140489"
      }
    },
    {
      "type": "Feature",
      "geometry": {
        "type": "Point",
        "coordinates": [
          168.26667,
          -16.35
        ]
      },
      "properties": {
        "name": "Otas",
        "placetype": "Locality",
        "population": null,
        "country": "VU",
        "wikidata_id": "",
        "locality_id": "1277146615"
      }
    },
    {
      "type": "Feature",
      "geometry": {
        "type": "Point",
        "coordinates": [
          168.16667,
          -16.11667
        ]
      },
      "properties": {
        "name": "Barereo",
        "placetype": "Locality",
        "population": null,
        "country": "VU",
        "wikidata_id": "",
        "locality_id": "1277146631"
      }
    },
    {
      "type": "Feature",
      "geometry": {
        "type": "Point",
        "coordinates": [
          168.11667,
          -16.16667
        ]
      },
      "properties": {
        "name": "Lonsal",
        "placetype": "Locality",
        "population": null,
        "country": "VU",
        "wikidata_id": "",
        "locality_id": "1277146673"
      }
    },
    {
      "type": "Feature",
      "geometry": {
        "type": "Point",
        "coordinates": [
          168.08333,
          -15.13333
        ]
      },
      "properties": {
        "name": "Nabenbene",
        "placetype": "Locality",
        "population": null,
        "country": "VU",
        "wikidata_id": "",
        "locality_id": "1277148507"
      }
    },
    {
      "type": "Feature",
      "geometry": {
        "type": "Point",
        "coordinates": [
          167.6,
          -16.23333
        ]
      },
      "properties": {
        "name": "Benamour",
        "placetype": "Locality",
        "population": null,
        "country": "VU",
        "wikidata_id": "",
        "locality_id": "1277149479"
      }
    },
    {
      "type": "Feature",
      "geometry": {
        "type": "Point",
        "coordinates": [
          169.3,
          -19.36667
        ]
      },
      "properties": {
        "name": "Laketam",
        "placetype": "Locality",
        "population": null,
        "country": "VU",
        "wikidata_id": "",
        "locality_id": "1277150095"
      }
    },
    {
      "type": "Feature",
      "geometry": {
        "type": "Point",
        "coordinates": [
          166.76667,
          -15.48333
        ]
      },
      "properties": {
        "name": "Woumorou",
        "placetype": "Locality",
        "population": null,
        "country": "VU",
        "wikidata_id": "",
        "locality_id": "1277156531"
      }
    },
    {
      "type": "Feature",
      "geometry": {
        "type": "Point",
        "coordinates": [
          167.48333,
          -13.91667
        ]
      },
      "properties": {
        "name": "Kwakea",
        "placetype": "Locality",
        "population": null,
        "country": "VU",
        "wikidata_id": "",
        "locality_id": "1292900529"
      }
    },
    {
      "type": "Feature",
      "geometry": {
        "type": "Point",
        "coordinates": [
          167.2253,
          -15.68855
        ]
      },
      "properties": {
        "name": "Malo Prospect",
        "placetype": "Locality",
        "population": null,
        "country": "VU",
        "wikidata_id": "",
        "locality_id": "1292913465"
      }
    },
    {
      "type": "Feature",
      "geometry": {
        "type": "Point",
        "coordinates": [
          167.58333,
          -14.31667
        ]
      },
      "properties": {
        "name": "Langromos",
        "placetype": "Locality",
        "population": null,
        "country": "VU",
        "wikidata_id": "",
        "locality_id": "1292927131"
      }
    },
    {
      "type": "Feature",
      "geometry": {
        "type": "Point",
        "coordinates": [
          168.11667,
          -15.7
        ]
      },
      "properties": {
        "name": "Lelvah",
        "placetype": "Locality",
        "population": null,
        "country": "VU",
        "wikidata_id": "",
        "locality_id": "1292964355"
      }
    },
    {
      "type": "Feature",
      "geometry": {
        "type": "Point",
        "coordinates": [
          167.81667,
          -16.45
        ]
      },
      "properties": {
        "name": "Drivai",
        "placetype": "Locality",
        "population": null,
        "country": "VU",
        "wikidata_id": "",
        "locality_id": "1292970587"
      }
    },
    {
      "type": "Feature",
      "geometry": {
        "type": "Point",
        "coordinates": [
          167.73333,
          -15.4
        ]
      },
      "properties": {
        "name": "Natalou",
        "placetype": "Locality",
        "population": null,
        "country": "VU",
        "wikidata_id": "",
        "locality_id": "1292972313"
      }
    },
    {
      "type": "Feature",
      "geometry": {
        "type": "Point",
        "coordinates": [
          168.08333,
          -15.1
        ]
      },
      "properties": {
        "name": "Watiawoli",
        "placetype": "Locality",
        "population": null,
        "country": "VU",
        "wikidata_id": "",
        "locality_id": "1292972321"
      }
    },
    {
      "type": "Feature",
      "geometry": {
        "type": "Point",
        "coordinates": [
          167.85,
          -15.31667
        ]
      },
      "properties": {
        "name": "Watangwele",
        "placetype": "Locality",
        "population": null,
        "country": "VU",
        "wikidata_id": "",
        "locality_id": "1292972367"
      }
    },
    {
      "type": "Feature",
      "geometry": {
        "type": "Point",
        "coordinates": [
          168.15,
          -15.73333
        ]
      },
      "properties": {
        "name": "Lenok",
        "placetype": "Locality",
        "population": null,
        "country": "VU",
        "wikidata_id": "",
        "locality_id": "1292977131"
      }
    },
    {
      "type": "Feature",
      "geometry": {
        "type": "Point",
        "coordinates": [
          166.93333,
          -15.46667
        ]
      },
      "properties": {
        "name": "Taboulan",
        "placetype": "Locality",
        "population": null,
        "country": "VU",
        "wikidata_id": "",
        "locality_id": "1292980317"
      }
    },
    {
      "type": "Feature",
      "geometry": {
        "type": "Point",
        "coordinates": [
          166.68333,
          -14.78333
        ]
      },
      "properties": {
        "name": "Rasfahalo",
        "placetype": "Locality",
        "population": null,
        "country": "VU",
        "wikidata_id": "",
        "locality_id": "1292980397"
      }
    },
    {
      "type": "Feature",
      "geometry": {
        "type": "Point",
        "coordinates": [
          168.3,
          -16.3
        ]
      },
      "properties": {
        "name": "Mavora",
        "placetype": "Locality",
        "population": null,
        "country": "VU",
        "wikidata_id": "",
        "locality_id": "1292983077"
      }
    },
    {
      "type": "Feature",
      "geometry": {
        "type": "Point",
        "coordinates": [
          168.16667,
          -16.11667
        ]
      },
      "properties": {
        "name": "Falibeur",
        "placetype": "Locality",
        "population": null,
        "country": "VU",
        "wikidata_id": "",
        "locality_id": "1292983093"
      }
    },
    {
      "type": "Feature",
      "geometry": {
        "type": "Point",
        "coordinates": [
          168.2,
          -16.6
        ]
      },
      "properties": {
        "name": "Mapouna",
        "placetype": "Locality",
        "population": null,
        "country": "VU",
        "wikidata_id": "",
        "locality_id": "1293067253"
      }
    },
    {
      "type": "Feature",
      "geometry": {
        "type": "Point",
        "coordinates": [
          167.56667,
          -16.23333
        ]
      },
      "properties": {
        "name": "Boton",
        "placetype": "Locality",
        "population": null,
        "country": "VU",
        "wikidata_id": "",
        "locality_id": "1293073483"
      }
    },
    {
      "type": "Feature",
      "geometry": {
        "type": "Point",
        "coordinates": [
          169.28333,
          -19.58333
        ]
      },
      "properties": {
        "name": "Imlao",
        "placetype": "Locality",
        "population": null,
        "country": "VU",
        "wikidata_id": "",
        "locality_id": "1293074149"
      }
    },
    {
      "type": "Feature",
      "geometry": {
        "type": "Point",
        "coordinates": [
          168.55,
          -16.9
        ]
      },
      "properties": {
        "name": "Worafiou",
        "placetype": "Locality",
        "population": null,
        "country": "VU",
        "wikidata_id": "",
        "locality_id": "1293076875"
      }
    },
    {
      "type": "Feature",
      "geometry": {
        "type": "Point",
        "coordinates": [
          166.58333,
          -14.93333
        ]
      },
      "properties": {
        "name": "Nogougou",
        "placetype": "Locality",
        "population": null,
        "country": "VU",
        "wikidata_id": "",
        "locality_id": "1293077459"
      }
    },
    {
      "type": "Feature",
      "geometry": {
        "type": "Point",
        "coordinates": [
          166.88333,
          -15.38333
        ]
      },
      "properties": {
        "name": "Vatroto",
        "placetype": "Locality",
        "population": null,
        "country": "VU",
        "wikidata_id": "",
        "locality_id": "1293077463"
      }
    },
    {
      "type": "Feature",
      "geometry": {
        "type": "Point",
        "coordinates": [
          166.75,
          -14.85
        ]
      },
      "properties": {
        "name": "Matala",
        "placetype": "Locality",
        "population": null,
        "country": "VU",
        "wikidata_id": "",
        "locality_id": "1293080541"
      }
    },
    {
      "type": "Feature",
      "geometry": {
        "type": "Point",
        "coordinates": [
          169.16589,
          -18.93937
        ]
      },
      "properties": {
        "name": "Rampounmampouo",
        "placetype": "Locality",
        "population": null,
        "country": "VU",
        "wikidata_id": "",
        "locality_id": "1293083977"
      }
    },
    {
      "type": "Feature",
      "geometry": {
        "type": "Point",
        "coordinates": [
          167.05,
          -15.01667
        ]
      },
      "properties": {
        "name": "Iakobone",
        "placetype": "Locality",
        "population": null,
        "country": "VU",
        "wikidata_id": "",
        "locality_id": "1293087373"
      }
    },
    {
      "type": "Feature",
      "geometry": {
        "type": "Point",
        "coordinates": [
          167.41667,
          -16.1
        ]
      },
      "properties": {
        "name": "Senal",
        "placetype": "Locality",
        "population": null,
        "country": "VU",
        "wikidata_id": "",
        "locality_id": "1293170487"
      }
    },
    {
      "type": "Feature",
      "geometry": {
        "type": "Point",
        "coordinates": [
          169.3,
          -19.43333
        ]
      },
      "properties": {
        "name": "Lenaukas",
        "placetype": "Locality",
        "population": null,
        "country": "VU",
        "wikidata_id": "",
        "locality_id": "1293171117"
      }
    },
    {
      "type": "Feature",
      "geometry": {
        "type": "Point",
        "coordinates": [
          168.11667,
          -15.66667
        ]
      },
      "properties": {
        "name": "Bwatnapne",
        "placetype": "Locality",
        "population": null,
        "country": "VU",
        "wikidata_id": "",
        "locality_id": "1293172329"
      }
    },
    {
      "type": "Feature",
      "geometry": {
        "type": "Point",
        "coordinates": [
          167.98333,
          -15.3
        ]
      },
      "properties": {
        "name": "Atavoa",
        "placetype": "Locality",
        "population": null,
        "country": "VU",
        "wikidata_id": "",
        "locality_id": "1293172365"
      }
    },
    {
      "type": "Feature",
      "geometry": {
        "type": "Point",
        "coordinates": [
          168.11667,
          -15.1
        ]
      },
      "properties": {
        "name": "Watfanwa",
        "placetype": "Locality",
        "population": null,
        "country": "VU",
        "wikidata_id": "",
        "locality_id": "1293177093"
      }
    },
    {
      "type": "Feature",
      "geometry": {
        "type": "Point",
        "coordinates": [
          167.23333,
          -15.71667
        ]
      },
      "properties": {
        "name": "Paona",
        "placetype": "Locality",
        "population": null,
        "country": "VU",
        "wikidata_id": "",
        "locality_id": "1293177351"
      }
    },
    {
      "type": "Feature",
      "geometry": {
        "type": "Point",
        "coordinates": [
          167.36667,
          -16.05
        ]
      },
      "properties": {
        "name": "Plamae",
        "placetype": "Locality",
        "population": null,
        "country": "VU",
        "wikidata_id": "",
        "locality_id": "1293183075"
      }
    },
    {
      "type": "Feature",
      "geometry": {
        "type": "Point",
        "coordinates": [
          169.26667,
          -19.53333
        ]
      },
      "properties": {
        "name": "Lenmowet",
        "placetype": "Locality",
        "population": null,
        "country": "VU",
        "wikidata_id": "",
        "locality_id": "1293183705"
      }
    },
    {
      "type": "Feature",
      "geometry": {
        "type": "Point",
        "coordinates": [
          169.3,
          -19.4
        ]
      },
      "properties": {
        "name": "Yimnakayip",
        "placetype": "Locality",
        "population": null,
        "country": "VU",
        "wikidata_id": "",
        "locality_id": "1293183795"
      }
    },
    {
      "type": "Feature",
      "geometry": {
        "type": "Point",
        "coordinates": [
          166.53333,
          -13.16667
        ]
      },
      "properties": {
        "name": "Wounepara",
        "placetype": "Locality",
        "population": null,
        "country": "VU",
        "wikidata_id": "",
        "locality_id": "1293195189"
      }
    },
    {
      "type": "Feature",
      "geometry": {
        "type": "Point",
        "coordinates": [
          168.17111,
          -15.86063
        ]
      },
      "properties": {
        "name": "Lonorore",
        "placetype": "Locality",
        "population": null,
        "country": "VU",
        "wikidata_id": "",
        "locality_id": "1293255749"
      }
    },
    {
      "type": "Feature",
      "geometry": {
        "type": "Point",
        "coordinates": [
          168.36667,
          -17.55
        ]
      },
      "properties": {
        "name": "Emua",
        "placetype": "Locality",
        "population": null,
        "country": "VU",
        "wikidata_id": "",
        "locality_id": "1293258493"
      }
    },
    {
      "type": "Feature",
      "geometry": {
        "type": "Point",
        "coordinates": [
          169.28333,
          -19.53333
        ]
      },
      "properties": {
        "name": "Letowaleue",
        "placetype": "Locality",
        "population": null,
        "country": "VU",
        "wikidata_id": "",
        "locality_id": "1293262631"
      }
    },
    {
      "type": "Feature",
      "geometry": {
        "type": "Point",
        "coordinates": [
          169.35,
          -19.56667
        ]
      },
      "properties": {
        "name": "Yaoukouriruang",
        "placetype": "Locality",
        "population": null,
        "country": "VU",
        "wikidata_id": "",
        "locality_id": "1293262639"
      }
    },
    {
      "type": "Feature",
      "geometry": {
        "type": "Point",
        "coordinates": [
          169.58333,
          -19.26667
        ]
      },
      "properties": {
        "name": "Isavai",
        "placetype": "Locality",
        "population": null,
        "country": "VU",
        "wikidata_id": "",
        "locality_id": "1293262715"
      }
    },
    {
      "type": "Feature",
      "geometry": {
        "type": "Point",
        "coordinates": [
          168.2,
          -16.0
        ]
      },
      "properties": {
        "name": "Ounwarou",
        "placetype": "Locality",
        "population": null,
        "country": "VU",
        "wikidata_id": "",
        "locality_id": "1293263693"
      }
    },
    {
      "type": "Feature",
      "geometry": {
        "type": "Point",
        "coordinates": [
          168.23333,
          -15.95
        ]
      },
      "properties": {
        "name": "Lonlebi",
        "placetype": "Locality",
        "population": null,
        "country": "VU",
        "wikidata_id": "",
        "locality_id": "1293263699"
      }
    },
    {
      "type": "Feature",
      "geometry": {
        "type": "Point",
        "coordinates": [
          168.13333,
          -16.13333
        ]
      },
      "properties": {
        "name": "Lonre",
        "placetype": "Locality",
        "population": null,
        "country": "VU",
        "wikidata_id": "",
        "locality_id": "1293264753"
      }
    },
    {
      "type": "Feature",
      "geometry": {
        "type": "Point",
        "coordinates": [
          169.3,
          -19.43333
        ]
      },
      "properties": {
        "name": "Loounaoula",
        "placetype": "Locality",
        "population": null,
        "country": "VU",
        "wikidata_id": "",
        "locality_id": "1293265351"
      }
    },
    {
      "type": "Feature",
      "geometry": {
        "type": "Point",
        "coordinates": [
          168.47324,
          -17.4831
        ]
      },
      "properties": {
        "name": "Marow",
        "placetype": "Locality",
        "population": null,
        "country": "VU",
        "wikidata_id": "",
        "locality_id": "1293267981"
      }
    },
    {
      "type": "Feature",
      "geometry": {
        "type": "Point",
        "coordinates": [
          167.01667,
          -14.95
        ]
      },
      "properties": {
        "name": "Eren",
        "placetype": "Locality",
        "population": null,
        "country": "VU",
        "wikidata_id": "",
        "locality_id": "1293268655"
      }
    },
    {
      "type": "Feature",
      "geometry": {
        "type": "Point",
        "coordinates": [
          168.16667,
          -15.8
        ]
      },
      "properties": {
        "name": "Ranmawat",
        "placetype": "Locality",
        "population": null,
        "country": "VU",
        "wikidata_id": "",
        "locality_id": "1293353969"
      }
    },
    {
      "type": "Feature",
      "geometry": {
        "type": "Point",
        "coordinates": [
          167.98333,
          -16.2
        ]
      },
      "properties": {
        "name": "Ranverekon",
        "placetype": "Locality",
        "population": null,
        "country": "VU",
        "wikidata_id": "",
        "locality_id": "1293360013"
      }
    },
    {
      "type": "Feature",
      "geometry": {
        "type": "Point",
        "coordinates": [
          167.4461,
          -16.48111
        ]
      },
      "properties": {
        "name": "Wintua",
        "placetype": "Locality",
        "population": null,
        "country": "VU",
        "wikidata_id": "",
        "locality_id": "1293360019"
      }
    },
    {
      "type": "Feature",
      "geometry": {
        "type": "Point",
        "coordinates": [
          167.76667,
          -16.36667
        ]
      },
      "properties": {
        "name": "Lepersivir",
        "placetype": "Locality",
        "population": null,
        "country": "VU",
        "wikidata_id": "",
        "locality_id": "1293360047"
      }
    },
    {
      "type": "Feature",
      "geometry": {
        "type": "Point",
        "coordinates": [
          169.3,
          -19.56667
        ]
      },
      "properties": {
        "name": "Ikiyoo",
        "placetype": "Locality",
        "population": null,
        "country": "VU",
        "wikidata_id": "",
        "locality_id": "1293360593"
      }
    },
    {
      "type": "Feature",
      "geometry": {
        "type": "Point",
        "coordinates": [
          166.56667,
          -14.91667
        ]
      },
      "properties": {
        "name": "Lolominiou",
        "placetype": "Locality",
        "population": null,
        "country": "VU",
        "wikidata_id": "",
        "locality_id": "1293361809"
      }
    },
    {
      "type": "Feature",
      "geometry": {
        "type": "Point",
        "coordinates": [
          168.13333,
          -15.11667
        ]
      },
      "properties": {
        "name": "Lasmea",
        "placetype": "Locality",
        "population": null,
        "country": "VU",
        "wikidata_id": "",
        "locality_id": "1293361851"
      }
    },
    {
      "type": "Feature",
      "geometry": {
        "type": "Point",
        "coordinates": [
          168.16667,
          -15.68333
        ]
      },
      "properties": {
        "name": "Wousounmwel",
        "placetype": "Locality",
        "population": null,
        "country": "VU",
        "wikidata_id": "",
        "locality_id": "1293361945"
      }
    },
    {
      "type": "Feature",
      "geometry": {
        "type": "Point",
        "coordinates": [
          168.06667,
          -16.35
        ]
      },
      "properties": {
        "name": "Boles",
        "placetype": "Locality",
        "population": null,
        "country": "VU",
        "wikidata_id": "",
        "locality_id": "1293362891"
      }
    },
    {
      "type": "Feature",
      "geometry": {
        "type": "Point",
        "coordinates": [
          168.16667,
          -16.78333
        ]
      },
      "properties": {
        "name": "Boatpasis",
        "placetype": "Locality",
        "population": null,
        "country": "VU",
        "wikidata_id": "",
        "locality_id": "1293366143"
      }
    },
    {
      "type": "Feature",
      "geometry": {
        "type": "Point",
        "coordinates": [
          166.95,
          -15.48333
        ]
      },
      "properties": {
        "name": "Oureboul",
        "placetype": "Locality",
        "population": null,
        "country": "VU",
        "wikidata_id": "",
        "locality_id": "1293366671"
      }
    },
    {
      "type": "Feature",
      "geometry": {
        "type": "Point",
        "coordinates": [
          166.55,
          -14.76667
        ]
      },
      "properties": {
        "name": "Walpey",
        "placetype": "Locality",
        "population": null,
        "country": "VU",
        "wikidata_id": "",
        "locality_id": "1293369473"
      }
    },
    {
      "type": "Feature",
      "geometry": {
        "type": "Point",
        "coordinates": [
          167.18333,
          -15.28333
        ]
      },
      "properties": {
        "name": "Nelvololkar",
        "placetype": "Locality",
        "population": null,
        "country": "VU",
        "wikidata_id": "",
        "locality_id": "1293369621"
      }
    },
    {
      "type": "Feature",
      "geometry": {
        "type": "Point",
        "coordinates": [
          167.98333,
          -16.26667
        ]
      },
      "properties": {
        "name": "Emiotouan",
        "placetype": "Locality",
        "population": null,
        "country": "VU",
        "wikidata_id": "",
        "locality_id": "1293372103"
      }
    },
    {
      "type": "Feature",
      "geometry": {
        "type": "Point",
        "coordinates": [
          167.23333,
          -15.88333
        ]
      },
      "properties": {
        "name": "Lampetiar",
        "placetype": "Locality",
        "population": null,
        "country": "VU",
        "wikidata_id": "",
        "locality_id": "1293372193"
      }
    },
    {
      "type": "Feature",
      "geometry": {
        "type": "Point",
        "coordinates": [
          166.86667,
          -15.48333
        ]
      },
      "properties": {
        "name": "Roupesi",
        "placetype": "Locality",
        "population": null,
        "country": "VU",
        "wikidata_id": "",
        "locality_id": "1293376255"
      }
    },
    {
      "type": "Feature",
      "geometry": {
        "type": "Point",
        "coordinates": [
          166.56667,
          -14.93333
        ]
      },
      "properties": {
        "name": "Nokuku",
        "placetype": "Locality",
        "population": null,
        "country": "VU",
        "wikidata_id": "",
        "locality_id": "1293376363"
      }
    },
    {
      "type": "Feature",
      "geometry": {
        "type": "Point",
        "coordinates": [
          167.48333,
          -14.36667
        ]
      },
      "properties": {
        "name": "Makeon",
        "placetype": "Locality",
        "population": null,
        "country": "VU",
        "wikidata_id": "",
        "locality_id": "1293411061"
      }
    },
    {
      "type": "Feature",
      "geometry": {
        "type": "Point",
        "coordinates": [
          168.14047,
          -15.53594
        ]
      },
      "properties": {
        "name": "Labultamata",
        "placetype": "Locality",
        "population": null,
        "country": "VU",
        "wikidata_id": "",
        "locality_id": "1293453263"
      }
    },
    {
      "type": "Feature",
      "geometry": {
        "type": "Point",
        "coordinates": [
          168.11667,
          -15.65
        ]
      },
      "properties": {
        "name": "Lerourouk",
        "placetype": "Locality",
        "population": null,
        "country": "VU",
        "wikidata_id": "",
        "locality_id": "1293453359"
      }
    },
    {
      "type": "Feature",
      "geometry": {
        "type": "Point",
        "coordinates": [
          168.21995,
          -16.46749
        ]
      },
      "properties": {
        "name": "Tahi",
        "placetype": "Locality",
        "population": null,
        "country": "VU",
        "wikidata_id": "",
        "locality_id": "1293462313"
      }
    },
    {
      "type": "Feature",
      "geometry": {
        "type": "Point",
        "coordinates": [
          167.73333,
          -15.38333
        ]
      },
      "properties": {
        "name": "Navouti",
        "placetype": "Locality",
        "population": null,
        "country": "VU",
        "wikidata_id": "",
        "locality_id": "1293465981"
      }
    },
    {
      "type": "Feature",
      "geometry": {
        "type": "Point",
        "coordinates": [
          166.9,
          -15.41667
        ]
      },
      "properties": {
        "name": "Tonvar",
        "placetype": "Locality",
        "population": null,
        "country": "VU",
        "wikidata_id": "",
        "locality_id": "1293469123"
      }
    },
    {
      "type": "Feature",
      "geometry": {
        "type": "Point",
        "coordinates": [
          167.23333,
          -15.65
        ]
      },
      "properties": {
        "name": "Abatouwai",
        "placetype": "Locality",
        "population": null,
        "country": "VU",
        "wikidata_id": "",
        "locality_id": "1293469195"
      }
    },
    {
      "type": "Feature",
      "geometry": {
        "type": "Point",
        "coordinates": [
          167.53333,
          -16.2
        ]
      },
      "properties": {
        "name": "Sarmette",
        "placetype": "Locality",
        "population": null,
        "country": "VU",
        "wikidata_id": "",
        "locality_id": "1293472057"
      }
    },
    {
      "type": "Feature",
      "geometry": {
        "type": "Point",
        "coordinates": [
          169.83333,
          -20.15
        ]
      },
      "properties": {
        "name": "Mourakawer",
        "placetype": "Locality",
        "population": null,
        "country": "VU",
        "wikidata_id": "",
        "locality_id": "1293472733"
      }
    },
    {
      "type": "Feature",
      "geometry": {
        "type": "Point",
        "coordinates": [
          167.01667,
          -15.01667
        ]
      },
      "properties": {
        "name": "Lotabone",
        "placetype": "Locality",
        "population": null,
        "country": "VU",
        "wikidata_id": "",
        "locality_id": "1293476205"
      }
    },
    {
      "type": "Feature",
      "geometry": {
        "type": "Point",
        "coordinates": [
          166.01667,
          -15.4
        ]
      },
      "properties": {
        "name": "Tombaesar",
        "placetype": "Locality",
        "population": null,
        "country": "VU",
        "wikidata_id": "",
        "locality_id": "1293476225"
      }
    },
    {
      "type": "Feature",
      "geometry": {
        "type": "Point",
        "coordinates": [
          166.81667,
          -15.45
        ]
      },
      "properties": {
        "name": "Lasoulepona",
        "placetype": "Locality",
        "population": null,
        "country": "VU",
        "wikidata_id": "",
        "locality_id": "1293476263"
      }
    },
    {
      "type": "Feature",
      "geometry": {
        "type": "Point",
        "coordinates": [
          167.41667,
          -13.9
        ]
      },
      "properties": {
        "name": "Vatrada",
        "placetype": "Locality",
        "population": null,
        "country": "VU",
        "wikidata_id": "",
        "locality_id": "1293484367"
      }
    },
    {
      "type": "Feature",
      "geometry": {
        "type": "Point",
        "coordinates": [
          167.7,
          -13.85
        ]
      },
      "properties": {
        "name": "Lamamas",
        "placetype": "Locality",
        "population": null,
        "country": "VU",
        "wikidata_id": "",
        "locality_id": "1293484423"
      }
    },
    {
      "type": "Feature",
      "geometry": {
        "type": "Point",
        "coordinates": [
          168.15,
          -15.51667
        ]
      },
      "properties": {
        "name": "Avatouna",
        "placetype": "Locality",
        "population": null,
        "country": "VU",
        "wikidata_id": "",
        "locality_id": "1293560611"
      }
    },
    {
      "type": "Feature",
      "geometry": {
        "type": "Point",
        "coordinates": [
          168.18333,
          -16.13333
        ]
      },
      "properties": {
        "name": "Wilit",
        "placetype": "Locality",
        "population": null,
        "country": "VU",
        "wikidata_id": "",
        "locality_id": "1293561573"
      }
    },
    {
      "type": "Feature",
      "geometry": {
        "type": "Point",
        "coordinates": [
          168.25,
          -15.98333
        ]
      },
      "properties": {
        "name": "Saltas",
        "placetype": "Locality",
        "population": null,
        "country": "VU",
        "wikidata_id": "",
        "locality_id": "1293565373"
      }
    },
    {
      "type": "Feature",
      "geometry": {
        "type": "Point",
        "coordinates": [
          168.18333,
          -15.71667
        ]
      },
      "properties": {
        "name": "Vanmwel",
        "placetype": "Locality",
        "population": null,
        "country": "VU",
        "wikidata_id": "",
        "locality_id": "1293565443"
      }
    },
    {
      "type": "Feature",
      "geometry": {
        "type": "Point",
        "coordinates": [
          166.91667,
          -15.43333
        ]
      },
      "properties": {
        "name": "Batounlemak",
        "placetype": "Locality",
        "population": null,
        "country": "VU",
        "wikidata_id": "",
        "locality_id": "1293568643"
      }
    },
    {
      "type": "Feature",
      "geometry": {
        "type": "Point",
        "coordinates": [
          166.75,
          -15.55
        ]
      },
      "properties": {
        "name": "Sakeani",
        "placetype": "Locality",
        "population": null,
        "country": "VU",
        "wikidata_id": "",
        "locality_id": "1293568699"
      }
    },
    {
      "type": "Feature",
      "geometry": {
        "type": "Point",
        "coordinates": [
          167.15,
          -16.08333
        ]
      },
      "properties": {
        "name": "Win",
        "placetype": "Locality",
        "population": null,
        "country": "VU",
        "wikidata_id": "",
        "locality_id": "1293571387"
      }
    },
    {
      "type": "Feature",
      "geometry": {
        "type": "Point",
        "coordinates": [
          166.78333,
          -15.01667
        ]
      },
      "properties": {
        "name": "Moliitsi",
        "placetype": "Locality",
        "population": null,
        "country": "VU",
        "wikidata_id": "",
        "locality_id": "1293575617"
      }
    },
    {
      "type": "Feature",
      "geometry": {
        "type": "Point",
        "coordinates": [
          169.0947,
          -18.62738
        ]
      },
      "properties": {
        "name": "Rampunalvat",
        "placetype": "Locality",
        "population": null,
        "country": "VU",
        "wikidata_id": "",
        "locality_id": "1293607805"
      }
    },
    {
      "type": "Feature",
      "geometry": {
        "type": "Point",
        "coordinates": [
          168.49444,
          -17.625
        ]
      },
      "properties": {
        "name": "Epao",
        "placetype": "Locality",
        "population": null,
        "country": "VU",
        "wikidata_id": "",
        "locality_id": "1293655459"
      }
    },
    {
      "type": "Feature",
      "geometry": {
        "type": "Point",
        "coordinates": [
          167.15,
          -16.28333
        ]
      },
      "properties": {
        "name": "Yelewar",
        "placetype": "Locality",
        "population": null,
        "country": "VU",
        "wikidata_id": "",
        "locality_id": "1293658905"
      }
    },
    {
      "type": "Feature",
      "geometry": {
        "type": "Point",
        "coordinates": [
          167.66667,
          -16.28333
        ]
      },
      "properties": {
        "name": "Rerep",
        "placetype": "Locality",
        "population": null,
        "country": "VU",
        "wikidata_id": "",
        "locality_id": "1293658931"
      }
    },
    {
      "type": "Feature",
      "geometry": {
        "type": "Point",
        "coordinates": [
          167.43333,
          -16.51667
        ]
      },
      "properties": {
        "name": "Worlissliss",
        "placetype": "Locality",
        "population": null,
        "country": "VU",
        "wikidata_id": "",
        "locality_id": "1293661675"
      }
    },
    {
      "type": "Feature",
      "geometry": {
        "type": "Point",
        "coordinates": [
          168.15,
          -16.1
        ]
      },
      "properties": {
        "name": "Olal",
        "placetype": "Locality",
        "population": null,
        "country": "VU",
        "wikidata_id": "",
        "locality_id": "1293661739"
      }
    },
    {
      "type": "Feature",
      "geometry": {
        "type": "Point",
        "coordinates": [
          168.16667,
          -15.51667
        ]
      },
      "properties": {
        "name": "Alele",
        "placetype": "Locality",
        "population": null,
        "country": "VU",
        "wikidata_id": "",
        "locality_id": "1293665321"
      }
    },
    {
      "type": "Feature",
      "geometry": {
        "type": "Point",
        "coordinates": [
          167.03333,
          -15.06667
        ]
      },
      "properties": {
        "name": "Letut",
        "placetype": "Locality",
        "population": null,
        "country": "VU",
        "wikidata_id": "",
        "locality_id": "1293665503"
      }
    },
    {
      "type": "Feature",
      "geometry": {
        "type": "Point",
        "coordinates": [
          167.0,
          -15.03333
        ]
      },
      "properties": {
        "name": "Liekar",
        "placetype": "Locality",
        "population": null,
        "country": "VU",
        "wikidata_id": "",
        "locality_id": "1293668485"
      }
    },
    {
      "type": "Feature",
      "geometry": {
        "type": "Point",
        "coordinates": [
          166.93333,
          -15.46667
        ]
      },
      "properties": {
        "name": "Lativilan",
        "placetype": "Locality",
        "population": null,
        "country": "VU",
        "wikidata_id": "",
        "locality_id": "1293668509"
      }
    },
    {
      "type": "Feature",
      "geometry": {
        "type": "Point",
        "coordinates": [
          167.8,
          -16.43333
        ]
      },
      "properties": {
        "name": "Rambouan",
        "placetype": "Locality",
        "population": null,
        "country": "VU",
        "wikidata_id": "",
        "locality_id": "1293671263"
      }
    },
    {
      "type": "Feature",
      "geometry": {
        "type": "Point",
        "coordinates": [
          167.95,
          -16.26667
        ]
      },
      "properties": {
        "name": "Bweletaveureukon",
        "placetype": "Locality",
        "population": null,
        "country": "VU",
        "wikidata_id": "",
        "locality_id": "1293671329"
      }
    },
    {
      "type": "Feature",
      "geometry": {
        "type": "Point",
        "coordinates": [
          166.91667,
          -15.45
        ]
      },
      "properties": {
        "name": "Fousroumbous",
        "placetype": "Locality",
        "population": null,
        "country": "VU",
        "wikidata_id": "",
        "locality_id": "1293675461"
      }
    },
    {
      "type": "Feature",
      "geometry": {
        "type": "Point",
        "coordinates": [
          167.01667,
          -14.98333
        ]
      },
      "properties": {
        "name": "Letevenrar",
        "placetype": "Locality",
        "population": null,
        "country": "VU",
        "wikidata_id": "",
        "locality_id": "1293675497"
      }
    },
    {
      "type": "Feature",
      "geometry": {
        "type": "Point",
        "coordinates": [
          169.09873,
          -18.91834
        ]
      },
      "properties": {
        "name": "Ponumbia",
        "placetype": "Locality",
        "population": null,
        "country": "VU",
        "wikidata_id": "",
        "locality_id": "1293705421"
      }
    },
    {
      "type": "Feature",
      "geometry": {
        "type": "Point",
        "coordinates": [
          168.25,
          -16.36667
        ]
      },
      "properties": {
        "name": "Morou",
        "placetype": "Locality",
        "population": null,
        "country": "VU",
        "wikidata_id": "",
        "locality_id": "1293753353"
      }
    },
    {
      "type": "Feature",
      "geometry": {
        "type": "Point",
        "coordinates": [
          167.93333,
          -16.28333
        ]
      },
      "properties": {
        "name": "Malver",
        "placetype": "Locality",
        "population": null,
        "country": "VU",
        "wikidata_id": "",
        "locality_id": "1293753369"
      }
    },
    {
      "type": "Feature",
      "geometry": {
        "type": "Point",
        "coordinates": [
          169.23333,
          -19.51667
        ]
      },
      "properties": {
        "name": "Itounga",
        "placetype": "Locality",
        "population": null,
        "country": "VU",
        "wikidata_id": "",
        "locality_id": "1293753971"
      }
    },
    {
      "type": "Feature",
      "geometry": {
        "type": "Point",
        "coordinates": [
          168.13333,
          -15.71667
        ]
      },
      "properties": {
        "name": "Sasanadam",
        "placetype": "Locality",
        "population": null,
        "country": "VU",
        "wikidata_id": "",
        "locality_id": "1293759913"
      }
    },
    {
      "type": "Feature",
      "geometry": {
        "type": "Point",
        "coordinates": [
          168.13333,
          -15.4
        ]
      },
      "properties": {
        "name": "Fanpatey",
        "placetype": "Locality",
        "population": null,
        "country": "VU",
        "wikidata_id": "",
        "locality_id": "1293759929"
      }
    },
    {
      "type": "Feature",
      "geometry": {
        "type": "Point",
        "coordinates": [
          166.9,
          -15.61667
        ]
      },
      "properties": {
        "name": "Tasmaloum",
        "placetype": "Locality",
        "population": null,
        "country": "VU",
        "wikidata_id": "",
        "locality_id": "1293759975"
      }
    },
    {
      "type": "Feature",
      "geometry": {
        "type": "Point",
        "coordinates": [
          167.15,
          -15.25
        ]
      },
      "properties": {
        "name": "Totokat",
        "placetype": "Locality",
        "population": null,
        "country": "VU",
        "wikidata_id": "",
        "locality_id": "1293770093"
      }
    },
    {
      "type": "Feature",
      "geometry": {
        "type": "Point",
        "coordinates": [
          166.81667,
          -15.48333
        ]
      },
      "properties": {
        "name": "Lamarakai",
        "placetype": "Locality",
        "population": null,
        "country": "VU",
        "wikidata_id": "",
        "locality_id": "1293770123"
      }
    },
    {
      "type": "Feature",
      "geometry": {
        "type": "Point",
        "coordinates": [
          166.9,
          -15.43333
        ]
      },
      "properties": {
        "name": "Roria",
        "placetype": "Locality",
        "population": null,
        "country": "VU",
        "wikidata_id": "",
        "locality_id": "1293770243"
      }
    },
    {
      "type": "Feature",
      "geometry": {
        "type": "Point",
        "coordinates": [
          167.62402,
          -13.70768
        ]
      },
      "properties": {
        "name": "Legvegmen",
        "placetype": "Locality",
        "population": null,
        "country": "VU",
        "wikidata_id": "",
        "locality_id": "1293799057"
      }
    },
    {
      "type": "Feature",
      "geometry": {
        "type": "Point",
        "coordinates": [
          167.84046,
          -15.47497
        ]
      },
      "properties": {
        "name": "Kwalusuku",
        "placetype": "Locality",
        "population": null,
        "country": "VU",
        "wikidata_id": "",
        "locality_id": "1293802303"
      }
    },
    {
      "type": "Feature",
      "geometry": {
        "type": "Point",
        "coordinates": [
          168.45833,
          -17.57222
        ]
      },
      "properties": {
        "name": "Epule",
        "placetype": "Locality",
        "population": null,
        "country": "VU",
        "wikidata_id": "",
        "locality_id": "1293847125"
      }
    },
    {
      "type": "Feature",
      "geometry": {
        "type": "Point",
        "coordinates": [
          168.21667,
          -16.66667
        ]
      },
      "properties": {
        "name": "Tavio",
        "placetype": "Locality",
        "population": null,
        "country": "VU",
        "wikidata_id": "",
        "locality_id": "1293847203"
      }
    },
    {
      "type": "Feature",
      "geometry": {
        "type": "Point",
        "coordinates": [
          168.41667,
          -17.13333
        ]
      },
      "properties": {
        "name": "Moualakot",
        "placetype": "Locality",
        "population": null,
        "country": "VU",
        "wikidata_id": "",
        "locality_id": "1293850261"
      }
    },
    {
      "type": "Feature",
      "geometry": {
        "type": "Point",
        "coordinates": [
          168.1,
          -16.16667
        ]
      },
      "properties": {
        "name": "Maronron",
        "placetype": "Locality",
        "population": null,
        "country": "VU",
        "wikidata_id": "",
        "locality_id": "1293853523"
      }
    },
    {
      "type": "Feature",
      "geometry": {
        "type": "Point",
        "coordinates": [
          168.16667,
          -15.76667
        ]
      },
      "properties": {
        "name": "Lenwakmoul",
        "placetype": "Locality",
        "population": null,
        "country": "VU",
        "wikidata_id": "",
        "locality_id": "1293855413"
      }
    },
    {
      "type": "Feature",
      "geometry": {
        "type": "Point",
        "coordinates": [
          168.26667,
          -15.86667
        ]
      },
      "properties": {
        "name": "Nazareth-Rantis",
        "placetype": "Locality",
        "population": null,
        "country": "VU",
        "wikidata_id": "",
        "locality_id": "1293855447"
      }
    },
    {
      "type": "Feature",
      "geometry": {
        "type": "Point",
        "coordinates": [
          167.81667,
          -16.53333
        ]
      },
      "properties": {
        "name": "Pellonk",
        "placetype": "Locality",
        "population": null,
        "country": "VU",
        "wikidata_id": "",
        "locality_id": "1293856359"
      }
    },
    {
      "type": "Feature",
      "geometry": {
        "type": "Point",
        "coordinates": [
          167.21667,
          -16.05
        ]
      },
      "properties": {
        "name": "Inter",
        "placetype": "Locality",
        "population": null,
        "country": "VU",
        "wikidata_id": "",
        "locality_id": "1293856375"
      }
    },
    {
      "type": "Feature",
      "geometry": {
        "type": "Point",
        "coordinates": [
          167.86667,
          -15.31667
        ]
      },
      "properties": {
        "name": "Vougenere",
        "placetype": "Locality",
        "population": null,
        "country": "VU",
        "wikidata_id": "",
        "locality_id": "1293859997"
      }
    },
    {
      "type": "Feature",
      "geometry": {
        "type": "Point",
        "coordinates": [
          168.13333,
          -15.71667
        ]
      },
      "properties": {
        "name": "Goun",
        "placetype": "Locality",
        "population": null,
        "country": "VU",
        "wikidata_id": "",
        "locality_id": "1293860027"
      }
    },
    {
      "type": "Feature",
      "geometry": {
        "type": "Point",
        "coordinates": [
          168.11667,
          -15.66667
        ]
      },
      "properties": {
        "name": "Limalgan",
        "placetype": "Locality",
        "population": null,
        "country": "VU",
        "wikidata_id": "",
        "locality_id": "1293860101"
      }
    },
    {
      "type": "Feature",
      "geometry": {
        "type": "Point",
        "coordinates": [
          166.96667,
          -15.45
        ]
      },
      "properties": {
        "name": "Maloutfol",
        "placetype": "Locality",
        "population": null,
        "country": "VU",
        "wikidata_id": "",
        "locality_id": "1293860179"
      }
    },
    {
      "type": "Feature",
      "geometry": {
        "type": "Point",
        "coordinates": [
          169.88333,
          -20.18333
        ]
      },
      "properties": {
        "name": "Anelbounbeke",
        "placetype": "Locality",
        "population": null,
        "country": "VU",
        "wikidata_id": "",
        "locality_id": "1293866725"
      }
    },
    {
      "type": "Feature",
      "geometry": {
        "type": "Point",
        "coordinates": [
          169.3,
          -19.45
        ]
      },
      "properties": {
        "name": "Loweao",
        "placetype": "Locality",
        "population": null,
        "country": "VU",
        "wikidata_id": "",
        "locality_id": "1293866823"
      }
    },
    {
      "type": "Feature",
      "geometry": {
        "type": "Point",
        "coordinates": [
          166.70229,
          -13.43097
        ]
      },
      "properties": {
        "name": "Litew",
        "placetype": "Locality",
        "population": null,
        "country": "VU",
        "wikidata_id": "",
        "locality_id": "1293894037"
      }
    },
    {
      "type": "Feature",
      "geometry": {
        "type": "Point",
        "coordinates": [
          168.21667,
          -16.61667
        ]
      },
      "properties": {
        "name": "Nivenou",
        "placetype": "Locality",
        "population": null,
        "country": "VU",
        "wikidata_id": "",
        "locality_id": "1309675247"
      }
    },
    {
      "type": "Feature",
      "geometry": {
        "type": "Point",
        "coordinates": [
          167.9,
          -15.41667
        ]
      },
      "properties": {
        "name": "Lowitawor",
        "placetype": "Locality",
        "population": null,
        "country": "VU",
        "wikidata_id": "",
        "locality_id": "1309675591"
      }
    },
    {
      "type": "Feature",
      "geometry": {
        "type": "Point",
        "coordinates": [
          169.83333,
          -20.15
        ]
      },
      "properties": {
        "name": "Anemdanae",
        "placetype": "Locality",
        "population": null,
        "country": "VU",
        "wikidata_id": "",
        "locality_id": "1309682645"
      }
    },
    {
      "type": "Feature",
      "geometry": {
        "type": "Point",
        "coordinates": [
          169.3,
          -19.36667
        ]
      },
      "properties": {
        "name": "Enouwakeur",
        "placetype": "Locality",
        "population": null,
        "country": "VU",
        "wikidata_id": "",
        "locality_id": "1309682653"
      }
    },
    {
      "type": "Feature",
      "geometry": {
        "type": "Point",
        "coordinates": [
          167.88333,
          -15.31667
        ]
      },
      "properties": {
        "name": "Abanga",
        "placetype": "Locality",
        "population": null,
        "country": "VU",
        "wikidata_id": "",
        "locality_id": "1309683701"
      }
    },
    {
      "type": "Feature",
      "geometry": {
        "type": "Point",
        "coordinates": [
          168.36402,
          -17.06154
        ]
      },
      "properties": {
        "name": "Suiua",
        "placetype": "Locality",
        "population": null,
        "country": "VU",
        "wikidata_id": "",
        "locality_id": "1309684683"
      }
    },
    {
      "type": "Feature",
      "geometry": {
        "type": "Point",
        "coordinates": [
          167.36667,
          -16.0
        ]
      },
      "properties": {
        "name": "Tichlelamboue",
        "placetype": "Locality",
        "population": null,
        "country": "VU",
        "wikidata_id": "",
        "locality_id": "1309684701"
      }
    },
    {
      "type": "Feature",
      "geometry": {
        "type": "Point",
        "coordinates": [
          168.16667,
          -15.6
        ]
      },
      "properties": {
        "name": "Aligu",
        "placetype": "Locality",
        "population": null,
        "country": "VU",
        "wikidata_id": "",
        "locality_id": "1309688413"
      }
    },
    {
      "type": "Feature",
      "geometry": {
        "type": "Point",
        "coordinates": [
          168.26667,
          -15.93333
        ]
      },
      "properties": {
        "name": "Mouroubak",
        "placetype": "Locality",
        "population": null,
        "country": "VU",
        "wikidata_id": "",
        "locality_id": "1309688503"
      }
    },
    {
      "type": "Feature",
      "geometry": {
        "type": "Point",
        "coordinates": [
          167.06667,
          -15.28333
        ]
      },
      "properties": {
        "name": "Marchal",
        "placetype": "Locality",
        "population": null,
        "country": "VU",
        "wikidata_id": "",
        "locality_id": "1309688567"
      }
    },
    {
      "type": "Feature",
      "geometry": {
        "type": "Point",
        "coordinates": [
          167.0,
          -15.05
        ]
      },
      "properties": {
        "name": "Walraoul",
        "placetype": "Locality",
        "population": null,
        "country": "VU",
        "wikidata_id": "",
        "locality_id": "1309688675"
      }
    },
    {
      "type": "Feature",
      "geometry": {
        "type": "Point",
        "coordinates": [
          166.75,
          -14.95
        ]
      },
      "properties": {
        "name": "Modi",
        "placetype": "Locality",
        "population": null,
        "country": "VU",
        "wikidata_id": "",
        "locality_id": "1309691517"
      }
    },
    {
      "type": "Feature",
      "geometry": {
        "type": "Point",
        "coordinates": [
          166.86667,
          -15.4
        ]
      },
      "properties": {
        "name": "Tondila",
        "placetype": "Locality",
        "population": null,
        "country": "VU",
        "wikidata_id": "",
        "locality_id": "1309691685"
      }
    },
    {
      "type": "Feature",
      "geometry": {
        "type": "Point",
        "coordinates": [
          167.62455,
          -13.70972
        ]
      },
      "properties": {
        "name": "Gnierenioumen",
        "placetype": "Locality",
        "population": null,
        "country": "VU",
        "wikidata_id": "",
        "locality_id": "1309709051"
      }
    },
    {
      "type": "Feature",
      "geometry": {
        "type": "Point",
        "coordinates": [
          168.19472,
          -15.63867
        ]
      },
      "properties": {
        "name": "Lion",
        "placetype": "Locality",
        "population": null,
        "country": "VU",
        "wikidata_id": "",
        "locality_id": "1309730197"
      }
    },
    {
      "type": "Feature",
      "geometry": {
        "type": "Point",
        "coordinates": [
          168.28282,
          -17.76945
        ]
      },
      "properties": {
        "name": "Iriki",
        "placetype": "Locality",
        "population": null,
        "country": "VU",
        "wikidata_id": "",
        "locality_id": "1309730755"
      }
    },
    {
      "type": "Feature",
      "geometry": {
        "type": "Point",
        "coordinates": [
          168.51667,
          -17.66667
        ]
      },
      "properties": {
        "name": "Forari",
        "placetype": "Locality",
        "population": null,
        "country": "VU",
        "wikidata_id": "",
        "locality_id": "1309769337"
      }
    },
    {
      "type": "Feature",
      "geometry": {
        "type": "Point",
        "coordinates": [
          168.11667,
          -15.73333
        ]
      },
      "properties": {
        "name": "Bouinii",
        "placetype": "Locality",
        "population": null,
        "country": "VU",
        "wikidata_id": "",
        "locality_id": "1309769695"
      }
    },
    {
      "type": "Feature",
      "geometry": {
        "type": "Point",
        "coordinates": [
          167.91667,
          -15.4
        ]
      },
      "properties": {
        "name": "Lolomangoua",
        "placetype": "Locality",
        "population": null,
        "country": "VU",
        "wikidata_id": "",
        "locality_id": "1309769751"
      }
    },
    {
      "type": "Feature",
      "geometry": {
        "type": "Point",
        "coordinates": [
          167.2,
          -15.9
        ]
      },
      "properties": {
        "name": "Renmar",
        "placetype": "Locality",
        "population": null,
        "country": "VU",
        "wikidata_id": "",
        "locality_id": "1309775689"
      }
    },
    {
      "type": "Feature",
      "geometry": {
        "type": "Point",
        "coordinates": [
          168.1,
          -16.16667
        ]
      },
      "properties": {
        "name": "Hangar",
        "placetype": "Locality",
        "population": null,
        "country": "VU",
        "wikidata_id": "",
        "locality_id": "1309775695"
      }
    },
    {
      "type": "Feature",
      "geometry": {
        "type": "Point",
        "coordinates": [
          168.16667,
          -16.1
        ]
      },
      "properties": {
        "name": "Harimal",
        "placetype": "Locality",
        "population": null,
        "country": "VU",
        "wikidata_id": "",
        "locality_id": "1309775699"
      }
    },
    {
      "type": "Feature",
      "geometry": {
        "type": "Point",
        "coordinates": [
          168.05,
          -14.98333
        ]
      },
      "properties": {
        "name": "Marino",
        "placetype": "Locality",
        "population": null,
        "country": "VU",
        "wikidata_id": "",
        "locality_id": "1309777585"
      }
    },
    {
      "type": "Feature",
      "geometry": {
        "type": "Point",
        "coordinates": [
          167.41667,
          -16.08333
        ]
      },
      "properties": {
        "name": "Taoutou",
        "placetype": "Locality",
        "population": null,
        "country": "VU",
        "wikidata_id": "",
        "locality_id": "1309778477"
      }
    },
    {
      "type": "Feature",
      "geometry": {
        "type": "Point",
        "coordinates": [
          167.7,
          -16.31667
        ]
      },
      "properties": {
        "name": "Assen",
        "placetype": "Locality",
        "population": null,
        "country": "VU",
        "wikidata_id": "",
        "locality_id": "1309778479"
      }
    },
    {
      "type": "Feature",
      "geometry": {
        "type": "Point",
        "coordinates": [
          167.35,
          -16.18333
        ]
      },
      "properties": {
        "name": "Larevet",
        "placetype": "Locality",
        "population": null,
        "country": "VU",
        "wikidata_id": "",
        "locality_id": "1309778509"
      }
    },
    {
      "type": "Feature",
      "geometry": {
        "type": "Point",
        "coordinates": [
          168.16667,
          -15.51667
        ]
      },
      "properties": {
        "name": "Abatabanga",
        "placetype": "Locality",
        "population": null,
        "country": "VU",
        "wikidata_id": "",
        "locality_id": "1309782193"
      }
    },
    {
      "type": "Feature",
      "geometry": {
        "type": "Point",
        "coordinates": [
          166.93333,
          -15.45
        ]
      },
      "properties": {
        "name": "Batounfaramb",
        "placetype": "Locality",
        "population": null,
        "country": "VU",
        "wikidata_id": "",
        "locality_id": "1309785241"
      }
    },
    {
      "type": "Feature",
      "geometry": {
        "type": "Point",
        "coordinates": [
          169.20237,
          -18.95325
        ]
      },
      "properties": {
        "name": "Rampounisia",
        "placetype": "Locality",
        "population": null,
        "country": "VU",
        "wikidata_id": "",
        "locality_id": "1309788591"
      }
    },
    {
      "type": "Feature",
      "geometry": {
        "type": "Point",
        "coordinates": [
          167.05,
          -15.08333
        ]
      },
      "properties": {
        "name": "Yakoul",
        "placetype": "Locality",
        "population": null,
        "country": "VU",
        "wikidata_id": "",
        "locality_id": "1309792153"
      }
    },
    {
      "type": "Feature",
      "geometry": {
        "type": "Point",
        "coordinates": [
          166.98743,
          -15.57089
        ]
      },
      "properties": {
        "name": "Namalo",
        "placetype": "Locality",
        "population": null,
        "country": "VU",
        "wikidata_id": "",
        "locality_id": "1309813697"
      }
    },
    {
      "type": "Feature",
      "geometry": {
        "type": "Point",
        "coordinates": [
          167.73333,
          -15.4
        ]
      },
      "properties": {
        "name": "Lobanga",
        "placetype": "Locality",
        "population": null,
        "country": "VU",
        "wikidata_id": "",
        "locality_id": "1309869413"
      }
    },
    {
      "type": "Feature",
      "geometry": {
        "type": "Point",
        "coordinates": [
          168.25986,
          -17.77458
        ]
      },
      "properties": {
        "name": "Epantgouei",
        "placetype": "Locality",
        "population": null,
        "country": "VU",
        "wikidata_id": "",
        "locality_id": "1309871923"
      }
    },
    {
      "type": "Feature",
      "geometry": {
        "type": "Point",
        "coordinates": [
          168.36667,
          -17.46667
        ]
      },
      "properties": {
        "name": "Matoa",
        "placetype": "Locality",
        "population": null,
        "country": "VU",
        "wikidata_id": "",
        "locality_id": "1309872021"
      }
    },
    {
      "type": "Feature",
      "geometry": {
        "type": "Point",
        "coordinates": [
          168.13333,
          -15.76667
        ]
      },
      "properties": {
        "name": "Lalbetaes",
        "placetype": "Locality",
        "population": null,
        "country": "VU",
        "wikidata_id": "",
        "locality_id": "1309877251"
      }
    },
    {
      "type": "Feature",
      "geometry": {
        "type": "Point",
        "coordinates": [
          168.13333,
          -16.13333
        ]
      },
      "properties": {
        "name": "Ranhor",
        "placetype": "Locality",
        "population": null,
        "country": "VU",
        "wikidata_id": "",
        "locality_id": "1309878173"
      }
    },
    {
      "type": "Feature",
      "geometry": {
        "type": "Point",
        "coordinates": [
          167.65,
          -16.28333
        ]
      },
      "properties": {
        "name": "Hebel",
        "placetype": "Locality",
        "population": null,
        "country": "VU",
        "wikidata_id": "",
        "locality_id": "1309878199"
      }
    },
    {
      "type": "Feature",
      "geometry": {
        "type": "Point",
        "coordinates": [
          167.16667,
          -15.91667
        ]
      },
      "properties": {
        "name": "Sonrha",
        "placetype": "Locality",
        "population": null,
        "country": "VU",
        "wikidata_id": "",
        "locality_id": "1309878247"
      }
    },
    {
      "type": "Feature",
      "geometry": {
        "type": "Point",
        "coordinates": [
          167.6,
          -16.23333
        ]
      },
      "properties": {
        "name": "Roghuros",
        "placetype": "Locality",
        "population": null,
        "country": "VU",
        "wikidata_id": "",
        "locality_id": "1309878253"
      }
    },
    {
      "type": "Feature",
      "geometry": {
        "type": "Point",
        "coordinates": [
          169.01947,
          -18.81836
        ]
      },
      "properties": {
        "name": "Unpongkor",
        "placetype": "Locality",
        "population": null,
        "country": "VU",
        "wikidata_id": "",
        "locality_id": "1309878917"
      }
    },
    {
      "type": "Feature",
      "geometry": {
        "type": "Point",
        "coordinates": [
          167.71667,
          -15.43333
        ]
      },
      "properties": {
        "name": "Apopo",
        "placetype": "Locality",
        "population": null,
        "country": "VU",
        "wikidata_id": "",
        "locality_id": "1309882039"
      }
    },
    {
      "type": "Feature",
      "geometry": {
        "type": "Point",
        "coordinates": [
          167.81667,
          -15.48333
        ]
      },
      "properties": {
        "name": "Lone",
        "placetype": "Locality",
        "population": null,
        "country": "VU",
        "wikidata_id": "",
        "locality_id": "1309882107"
      }
    },
    {
      "type": "Feature",
      "geometry": {
        "type": "Point",
        "coordinates": [
          167.75,
          -15.38333
        ]
      },
      "properties": {
        "name": "Lolokalato",
        "placetype": "Locality",
        "population": null,
        "country": "VU",
        "wikidata_id": "",
        "locality_id": "1309882145"
      }
    },
    {
      "type": "Feature",
      "geometry": {
        "type": "Point",
        "coordinates": [
          167.0,
          -15.13333
        ]
      },
      "properties": {
        "name": "Ladhu",
        "placetype": "Locality",
        "population": null,
        "country": "VU",
        "wikidata_id": "",
        "locality_id": "1309882261"
      }
    },
    {
      "type": "Feature",
      "geometry": {
        "type": "Point",
        "coordinates": [
          166.75,
          -14.83333
        ]
      },
      "properties": {
        "name": "Wanawere",
        "placetype": "Locality",
        "population": null,
        "country": "VU",
        "wikidata_id": "",
        "locality_id": "1309882301"
      }
    },
    {
      "type": "Feature",
      "geometry": {
        "type": "Point",
        "coordinates": [
          167.03333,
          -14.95
        ]
      },
      "properties": {
        "name": "Rowo",
        "placetype": "Locality",
        "population": null,
        "country": "VU",
        "wikidata_id": "",
        "locality_id": "1309882321"
      }
    },
    {
      "type": "Feature",
      "geometry": {
        "type": "Point",
        "coordinates": [
          166.81667,
          -15.5
        ]
      },
      "properties": {
        "name": "Naperol",
        "placetype": "Locality",
        "population": null,
        "country": "VU",
        "wikidata_id": "",
        "locality_id": "1309882357"
      }
    },
    {
      "type": "Feature",
      "geometry": {
        "type": "Point",
        "coordinates": [
          169.28333,
          -19.35
        ]
      },
      "properties": {
        "name": "Imwafeun",
        "placetype": "Locality",
        "population": null,
        "country": "VU",
        "wikidata_id": "",
        "locality_id": "1309888751"
      }
    },
    {
      "type": "Feature",
      "geometry": {
        "type": "Point",
        "coordinates": [
          167.58333,
          -14.25
        ]
      },
      "properties": {
        "name": "Tarasag",
        "placetype": "Locality",
        "population": null,
        "country": "VU",
        "wikidata_id": "",
        "locality_id": "1309897513"
      }
    },
    {
      "type": "Feature",
      "geometry": {
        "type": "Point",
        "coordinates": [
          168.33707,
          -17.74971
        ]
      },
      "properties": {
        "name": "Ekasup",
        "placetype": "Locality",
        "population": null,
        "country": "VU",
        "wikidata_id": "",
        "locality_id": "1309924293"
      }
    },
    {
      "type": "Feature",
      "geometry": {
        "type": "Point",
        "coordinates": [
          168.11667,
          -15.65
        ]
      },
      "properties": {
        "name": "Towol",
        "placetype": "Locality",
        "population": null,
        "country": "VU",
        "wikidata_id": "",
        "locality_id": "1309969597"
      }
    },
    {
      "type": "Feature",
      "geometry": {
        "type": "Point",
        "coordinates": [
          167.8,
          -15.31667
        ]
      },
      "properties": {
        "name": "Baagwergwer",
        "placetype": "Locality",
        "population": null,
        "country": "VU",
        "wikidata_id": "",
        "locality_id": "1309969605"
      }
    },
    {
      "type": "Feature",
      "geometry": {
        "type": "Point",
        "coordinates": [
          168.13333,
          -15.6
        ]
      },
      "properties": {
        "name": "Tasfaron",
        "placetype": "Locality",
        "population": null,
        "country": "VU",
        "wikidata_id": "",
        "locality_id": "1309969609"
      }
    },
    {
      "type": "Feature",
      "geometry": {
        "type": "Point",
        "coordinates": [
          168.11667,
          -15.58333
        ]
      },
      "properties": {
        "name": "Taboukavika",
        "placetype": "Locality",
        "population": null,
        "country": "VU",
        "wikidata_id": "",
        "locality_id": "1309969667"
      }
    },
    {
      "type": "Feature",
      "geometry": {
        "type": "Point",
        "coordinates": [
          168.2,
          -16.81667
        ]
      },
      "properties": {
        "name": "Manpay",
        "placetype": "Locality",
        "population": null,
        "country": "VU",
        "wikidata_id": "",
        "locality_id": "1309972245"
      }
    },
    {
      "type": "Feature",
      "geometry": {
        "type": "Point",
        "coordinates": [
          168.28995,
          -17.68925
        ]
      },
      "properties": {
        "name": "Mele",
        "placetype": "Locality",
        "population": null,
        "country": "VU",
        "wikidata_id": "",
        "locality_id": "1309972317"
      }
    },
    {
      "type": "Feature",
      "geometry": {
        "type": "Point",
        "coordinates": [
          168.15,
          -16.11667
        ]
      },
      "properties": {
        "name": "Bogor",
        "placetype": "Locality",
        "population": null,
        "country": "VU",
        "wikidata_id": "",
        "locality_id": "1309975727"
      }
    },
    {
      "type": "Feature",
      "geometry": {
        "type": "Point",
        "coordinates": [
          169.3,
          -19.51667
        ]
      },
      "properties": {
        "name": "Larouanou",
        "placetype": "Locality",
        "population": null,
        "country": "VU",
        "wikidata_id": "",
        "locality_id": "1309976431"
      }
    },
    {
      "type": "Feature",
      "geometry": {
        "type": "Point",
        "coordinates": [
          169.28333,
          -19.46667
        ]
      },
      "properties": {
        "name": "Lenaken",
        "placetype": "Locality",
        "population": null,
        "country": "VU",
        "wikidata_id": "",
        "locality_id": "1309979333"
      }
    },
    {
      "type": "Feature",
      "geometry": {
        "type": "Point",
        "coordinates": [
          168.15,
          -15.51667
        ]
      },
      "properties": {
        "name": "Alememer",
        "placetype": "Locality",
        "population": null,
        "country": "VU",
        "wikidata_id": "",
        "locality_id": "1309982329"
      }
    },
    {
      "type": "Feature",
      "geometry": {
        "type": "Point",
        "coordinates": [
          166.85,
          -15.51667
        ]
      },
      "properties": {
        "name": "Natavoa",
        "placetype": "Locality",
        "population": null,
        "country": "VU",
        "wikidata_id": "",
        "locality_id": "1309982457"
      }
    },
    {
      "type": "Feature",
      "geometry": {
        "type": "Point",
        "coordinates": [
          166.81667,
          -15.58333
        ]
      },
      "properties": {
        "name": "Toumbouria",
        "placetype": "Locality",
        "population": null,
        "country": "VU",
        "wikidata_id": "",
        "locality_id": "1309982509"
      }
    },
    {
      "type": "Feature",
      "geometry": {
        "type": "Point",
        "coordinates": [
          167.1,
          -15.63333
        ]
      },
      "properties": {
        "name": "Abounavahe",
        "placetype": "Locality",
        "population": null,
        "country": "VU",
        "wikidata_id": "",
        "locality_id": "1309982513"
      }
    },
    {
      "type": "Feature",
      "geometry": {
        "type": "Point",
        "coordinates": [
          167.35,
          -15.98333
        ]
      },
      "properties": {
        "name": "Sanwar",
        "placetype": "Locality",
        "population": null,
        "country": "VU",
        "wikidata_id": "",
        "locality_id": "1309988217"
      }
    },
    {
      "type": "Feature",
      "geometry": {
        "type": "Point",
        "coordinates": [
          167.41667,
          -16.5
        ]
      },
      "properties": {
        "name": "Lembinwen",
        "placetype": "Locality",
        "population": null,
        "country": "VU",
        "wikidata_id": "",
        "locality_id": "1309988315"
      }
    },
    {
      "type": "Feature",
      "geometry": {
        "type": "Point",
        "coordinates": [
          166.8,
          -15.43333
        ]
      },
      "properties": {
        "name": "Lapourepoure",
        "placetype": "Locality",
        "population": null,
        "country": "VU",
        "wikidata_id": "",
        "locality_id": "1309992169"
      }
    },
    {
      "type": "Feature",
      "geometry": {
        "type": "Point",
        "coordinates": [
          167.7,
          -13.66667
        ]
      },
      "properties": {
        "name": "Valuwa (Volow)",
        "placetype": "Locality",
        "population": null,
        "country": "VU",
        "wikidata_id": "",
        "locality_id": "1310026903"
      }
    },
    {
      "type": "Feature",
      "geometry": {
        "type": "Point",
        "coordinates": [
          168.16667,
          -15.73333
        ]
      },
      "properties": {
        "name": "Nokonsede",
        "placetype": "Locality",
        "population": null,
        "country": "VU",
        "wikidata_id": "",
        "locality_id": "1310069165"
      }
    },
    {
      "type": "Feature",
      "geometry": {
        "type": "Point",
        "coordinates": [
          168.11667,
          -15.65
        ]
      },
      "properties": {
        "name": "Lenana",
        "placetype": "Locality",
        "population": null,
        "country": "VU",
        "wikidata_id": "",
        "locality_id": "1310069229"
      }
    },
    {
      "type": "Feature",
      "geometry": {
        "type": "Point",
        "coordinates": [
          169.8,
          -20.13333
        ]
      },
      "properties": {
        "name": "Inap",
        "placetype": "Locality",
        "population": null,
        "country": "VU",
        "wikidata_id": "",
        "locality_id": "1310075907"
      }
    },
    {
      "type": "Feature",
      "geometry": {
        "type": "Point",
        "coordinates": [
          167.15,
          -16.05
        ]
      },
      "properties": {
        "name": "Rambak",
        "placetype": "Locality",
        "population": null,
        "country": "VU",
        "wikidata_id": "",
        "locality_id": "1310078095"
      }
    },
    {
      "type": "Feature",
      "geometry": {
        "type": "Point",
        "coordinates": [
          168.41667,
          -17.5
        ]
      },
      "properties": {
        "name": "Laonomoa",
        "placetype": "Locality",
        "population": null,
        "country": "VU",
        "wikidata_id": "",
        "locality_id": "1310081447"
      }
    },
    {
      "type": "Feature",
      "geometry": {
        "type": "Point",
        "coordinates": [
          168.55,
          -16.93333
        ]
      },
      "properties": {
        "name": "Moeriou",
        "placetype": "Locality",
        "population": null,
        "country": "VU",
        "wikidata_id": "",
        "locality_id": "1310081539"
      }
    },
    {
      "type": "Feature",
      "geometry": {
        "type": "Point",
        "coordinates": [
          168.13333,
          -15.13333
        ]
      },
      "properties": {
        "name": "Naviso",
        "placetype": "Locality",
        "population": null,
        "country": "VU",
        "wikidata_id": "",
        "locality_id": "1310081811"
      }
    },
    {
      "type": "Feature",
      "geometry": {
        "type": "Point",
        "coordinates": [
          167.58333,
          -14.25
        ]
      },
      "properties": {
        "name": "Teuvrat",
        "placetype": "Locality",
        "population": null,
        "country": "VU",
        "wikidata_id": "",
        "locality_id": "1310097169"
      }
    },
    {
      "type": "Feature",
      "geometry": {
        "type": "Point",
        "coordinates": [
          167.6,
          -14.28333
        ]
      },
      "properties": {
        "name": "Mondoro",
        "placetype": "Locality",
        "population": null,
        "country": "VU",
        "wikidata_id": "",
        "locality_id": "1310102363"
      }
    },
    {
      "type": "Feature",
      "geometry": {
        "type": "Point",
        "coordinates": [
          168.15,
          -16.61667
        ]
      },
      "properties": {
        "name": "Welawea",
        "placetype": "Locality",
        "population": null,
        "country": "VU",
        "wikidata_id": "",
        "locality_id": "1310168607"
      }
    },
    {
      "type": "Feature",
      "geometry": {
        "type": "Point",
        "coordinates": [
          168.26667,
          -15.91667
        ]
      },
      "properties": {
        "name": "Ponrah",
        "placetype": "Locality",
        "population": null,
        "country": "VU",
        "wikidata_id": "",
        "locality_id": "1310169025"
      }
    },
    {
      "type": "Feature",
      "geometry": {
        "type": "Point",
        "coordinates": [
          168.11667,
          -16.6
        ]
      },
      "properties": {
        "name": "Ngalavasorou",
        "placetype": "Locality",
        "population": null,
        "country": "VU",
        "wikidata_id": "",
        "locality_id": "1310171703"
      }
    },
    {
      "type": "Feature",
      "geometry": {
        "type": "Point",
        "coordinates": [
          168.16667,
          -15.71667
        ]
      },
      "properties": {
        "name": "Wadounmwel",
        "placetype": "Locality",
        "population": null,
        "country": "VU",
        "wikidata_id": "",
        "locality_id": "1310176739"
      }
    },
    {
      "type": "Feature",
      "geometry": {
        "type": "Point",
        "coordinates": [
          168.15,
          -15.75
        ]
      },
      "properties": {
        "name": "Metadounkoul",
        "placetype": "Locality",
        "population": null,
        "country": "VU",
        "wikidata_id": "",
        "locality_id": "1310176795"
      }
    },
    {
      "type": "Feature",
      "geometry": {
        "type": "Point",
        "coordinates": [
          167.71667,
          -15.38333
        ]
      },
      "properties": {
        "name": "Matandan",
        "placetype": "Locality",
        "population": null,
        "country": "VU",
        "wikidata_id": "",
        "locality_id": "1310176851"
      }
    },
    {
      "type": "Feature",
      "geometry": {
        "type": "Point",
        "coordinates": [
          168.21667,
          -16.45
        ]
      },
      "properties": {
        "name": "Borabor",
        "placetype": "Locality",
        "population": null,
        "country": "VU",
        "wikidata_id": "",
        "locality_id": "1310177665"
      }
    },
    {
      "type": "Feature",
      "geometry": {
        "type": "Point",
        "coordinates": [
          167.56667,
          -16.21667
        ]
      },
      "properties": {
        "name": "Ransare",
        "placetype": "Locality",
        "population": null,
        "country": "VU",
        "wikidata_id": "",
        "locality_id": "1310177711"
      }
    },
    {
      "type": "Feature",
      "geometry": {
        "type": "Point",
        "coordinates": [
          168.08333,
          -16.18333
        ]
      },
      "properties": {
        "name": "Melto",
        "placetype": "Locality",
        "population": null,
        "country": "VU",
        "wikidata_id": "",
        "locality_id": "1310177765"
      }
    },
    {
      "type": "Feature",
      "geometry": {
        "type": "Point",
        "coordinates": [
          168.11667,
          -16.13333
        ]
      },
      "properties": {
        "name": "Linboul",
        "placetype": "Locality",
        "population": null,
        "country": "VU",
        "wikidata_id": "",
        "locality_id": "1310177769"
      }
    },
    {
      "type": "Feature",
      "geometry": {
        "type": "Point",
        "coordinates": [
          167.56667,
          -16.53333
        ]
      },
      "properties": {
        "name": "Lanour",
        "placetype": "Locality",
        "population": null,
        "country": "VU",
        "wikidata_id": "",
        "locality_id": "1310177789"
      }
    },
    {
      "type": "Feature",
      "geometry": {
        "type": "Point",
        "coordinates": [
          166.8,
          -15.15
        ]
      },
      "properties": {
        "name": "Atsaritibi",
        "placetype": "Locality",
        "population": null,
        "country": "VU",
        "wikidata_id": "",
        "locality_id": "1310184475"
      }
    },
    {
      "type": "Feature",
      "geometry": {
        "type": "Point",
        "coordinates": [
          169.33333,
          -19.55
        ]
      },
      "properties": {
        "name": "Iwey",
        "placetype": "Locality",
        "population": null,
        "country": "VU",
        "wikidata_id": "",
        "locality_id": "1310187947"
      }
    },
    {
      "type": "Feature",
      "geometry": {
        "type": "Point",
        "coordinates": [
          169.38333,
          -19.53333
        ]
      },
      "properties": {
        "name": "Ikounap",
        "placetype": "Locality",
        "population": null,
        "country": "VU",
        "wikidata_id": "",
        "locality_id": "1310187971"
      }
    },
    {
      "type": "Feature",
      "geometry": {
        "type": "Point",
        "coordinates": [
          166.76667,
          -15.11667
        ]
      },
      "properties": {
        "name": "Naone",
        "placetype": "Locality",
        "population": null,
        "country": "VU",
        "wikidata_id": "",
        "locality_id": "1310191457"
      }
    },
    {
      "type": "Feature",
      "geometry": {
        "type": "Point",
        "coordinates": [
          168.15,
          -15.78333
        ]
      },
      "properties": {
        "name": "Ramwady",
        "placetype": "Locality",
        "population": null,
        "country": "VU",
        "wikidata_id": "",
        "locality_id": "1310276325"
      }
    },
    {
      "type": "Feature",
      "geometry": {
        "type": "Point",
        "coordinates": [
          167.73333,
          -16.35
        ]
      },
      "properties": {
        "name": "Lamboulpatouey",
        "placetype": "Locality",
        "population": null,
        "country": "VU",
        "wikidata_id": "",
        "locality_id": "1310277495"
      }
    },
    {
      "type": "Feature",
      "geometry": {
        "type": "Point",
        "coordinates": [
          169.21667,
          -19.48333
        ]
      },
      "properties": {
        "name": "Looutel",
        "placetype": "Locality",
        "population": null,
        "country": "VU",
        "wikidata_id": "",
        "locality_id": "1310278133"
      }
    },
    {
      "type": "Feature",
      "geometry": {
        "type": "Point",
        "coordinates": [
          168.16667,
          -16.78333
        ]
      },
      "properties": {
        "name": "Valesdir",
        "placetype": "Locality",
        "population": null,
        "country": "VU",
        "wikidata_id": "",
        "locality_id": "1310280815"
      }
    },
    {
      "type": "Feature",
      "geometry": {
        "type": "Point",
        "coordinates": [
          168.53333,
          -16.9
        ]
      },
      "properties": {
        "name": "Rafinga",
        "placetype": "Locality",
        "population": null,
        "country": "VU",
        "wikidata_id": "",
        "locality_id": "1310280883"
      }
    },
    {
      "type": "Feature",
      "geometry": {
        "type": "Point",
        "coordinates": [
          167.68333,
          -15.45
        ]
      },
      "properties": {
        "name": "Vatavoui",
        "placetype": "Locality",
        "population": null,
        "country": "VU",
        "wikidata_id": "",
        "locality_id": "1310281213"
      }
    },
    {
      "type": "Feature",
      "geometry": {
        "type": "Point",
        "coordinates": [
          166.8,
          -15.06667
        ]
      },
      "properties": {
        "name": "Vas",
        "placetype": "Locality",
        "population": null,
        "country": "VU",
        "wikidata_id": "",
        "locality_id": "1310281367"
      }
    },
    {
      "type": "Feature",
      "geometry": {
        "type": "Point",
        "coordinates": [
          167.03333,
          -15.38333
        ]
      },
      "properties": {
        "name": "Falan",
        "placetype": "Locality",
        "population": null,
        "country": "VU",
        "wikidata_id": "",
        "locality_id": "1310281435"
      }
    },
    {
      "type": "Feature",
      "geometry": {
        "type": "Point",
        "coordinates": [
          166.98333,
          -15.55
        ]
      },
      "properties": {
        "name": "Narango",
        "placetype": "Locality",
        "population": null,
        "country": "VU",
        "wikidata_id": "",
        "locality_id": "1310284473"
      }
    },
    {
      "type": "Feature",
      "geometry": {
        "type": "Point",
        "coordinates": [
          166.9,
          -15.48333
        ]
      },
      "properties": {
        "name": "Kerentavou",
        "placetype": "Locality",
        "population": null,
        "country": "VU",
        "wikidata_id": "",
        "locality_id": "1310291439"
      }
    },
    {
      "type": "Feature",
      "geometry": {
        "type": "Point",
        "coordinates": [
          168.18333,
          -15.66667
        ]
      },
      "properties": {
        "name": "Tanbok",
        "placetype": "Locality",
        "population": null,
        "country": "VU",
        "wikidata_id": "",
        "locality_id": "1310368933"
      }
    },
    {
      "type": "Feature",
      "geometry": {
        "type": "Point",
        "coordinates": [
          168.3,
          -16.3
        ]
      },
      "properties": {
        "name": "Rovo",
        "placetype": "Locality",
        "population": null,
        "country": "VU",
        "wikidata_id": "",
        "locality_id": "1310375031"
      }
    },
    {
      "type": "Feature",
      "geometry": {
        "type": "Point",
        "coordinates": [
          167.46667,
          -16.58333
        ]
      },
      "properties": {
        "name": "Boumhaeham",
        "placetype": "Locality",
        "population": null,
        "country": "VU",
        "wikidata_id": "",
        "locality_id": "1310375065"
      }
    },
    {
      "type": "Feature",
      "geometry": {
        "type": "Point",
        "coordinates": [
          168.25274,
          -16.46366
        ]
      },
      "properties": {
        "name": "Loulep",
        "placetype": "Locality",
        "population": null,
        "country": "VU",
        "wikidata_id": "",
        "locality_id": "1310377813"
      }
    },
    {
      "type": "Feature",
      "geometry": {
        "type": "Point",
        "coordinates": [
          168.3,
          -16.33333
        ]
      },
      "properties": {
        "name": "Pamel",
        "placetype": "Locality",
        "population": null,
        "country": "VU",
        "wikidata_id": "",
        "locality_id": "1310377863"
      }
    },
    {
      "type": "Feature",
      "geometry": {
        "type": "Point",
        "coordinates": [
          167.4,
          -16.06667
        ]
      },
      "properties": {
        "name": "Sleloure",
        "placetype": "Locality",
        "population": null,
        "country": "VU",
        "wikidata_id": "",
        "locality_id": "1310377871"
      }
    },
    {
      "type": "Feature",
      "geometry": {
        "type": "Point",
        "coordinates": [
          169.3277,
          -18.90787
        ]
      },
      "properties": {
        "name": "Ifo",
        "placetype": "Locality",
        "population": null,
        "country": "VU",
        "wikidata_id": "",
        "locality_id": "1310378561"
      }
    },
    {
      "type": "Feature",
      "geometry": {
        "type": "Point",
        "coordinates": [
          169.83333,
          -20.25
        ]
      },
      "properties": {
        "name": "Eili",
        "placetype": "Locality",
        "population": null,
        "country": "VU",
        "wikidata_id": "",
        "locality_id": "1310378581"
      }
    },
    {
      "type": "Feature",
      "geometry": {
        "type": "Point",
        "coordinates": [
          168.36667,
          -16.8
        ]
      },
      "properties": {
        "name": "Wararana",
        "placetype": "Locality",
        "population": null,
        "country": "VU",
        "wikidata_id": "",
        "locality_id": "1310381321"
      }
    },
    {
      "type": "Feature",
      "geometry": {
        "type": "Point",
        "coordinates": [
          168.16667,
          -15.73333
        ]
      },
      "properties": {
        "name": "Lihiouk",
        "placetype": "Locality",
        "population": null,
        "country": "VU",
        "wikidata_id": "",
        "locality_id": "1310381663"
      }
    },
    {
      "type": "Feature",
      "geometry": {
        "type": "Point",
        "coordinates": [
          168.13333,
          -15.71667
        ]
      },
      "properties": {
        "name": "Leboutsousap",
        "placetype": "Locality",
        "population": null,
        "country": "VU",
        "wikidata_id": "",
        "locality_id": "1310381673"
      }
    },
    {
      "type": "Feature",
      "geometry": {
        "type": "Point",
        "coordinates": [
          168.16667,
          -15.66667
        ]
      },
      "properties": {
        "name": "Lihiwouk",
        "placetype": "Locality",
        "population": null,
        "country": "VU",
        "wikidata_id": "",
        "locality_id": "1310381679"
      }
    },
    {
      "type": "Feature",
      "geometry": {
        "type": "Point",
        "coordinates": [
          167.75,
          -15.38333
        ]
      },
      "properties": {
        "name": "Lolopinawa",
        "placetype": "Locality",
        "population": null,
        "country": "VU",
        "wikidata_id": "",
        "locality_id": "1310381727"
      }
    },
    {
      "type": "Feature",
      "geometry": {
        "type": "Point",
        "coordinates": [
          166.66667,
          -14.75
        ]
      },
      "properties": {
        "name": "Nanaharoua",
        "placetype": "Locality",
        "population": null,
        "country": "VU",
        "wikidata_id": "",
        "locality_id": "1310381781"
      }
    },
    {
      "type": "Feature",
      "geometry": {
        "type": "Point",
        "coordinates": [
          166.78333,
          -15.05
        ]
      },
      "properties": {
        "name": "Lape",
        "placetype": "Locality",
        "population": null,
        "country": "VU",
        "wikidata_id": "",
        "locality_id": "1310384693"
      }
    },
    {
      "type": "Feature",
      "geometry": {
        "type": "Point",
        "coordinates": [
          167.81667,
          -16.48333
        ]
      },
      "properties": {
        "name": "Nanamorou",
        "placetype": "Locality",
        "population": null,
        "country": "VU",
        "wikidata_id": "",
        "locality_id": "1310387541"
      }
    },
    {
      "type": "Feature",
      "geometry": {
        "type": "Point",
        "coordinates": [
          168.08333,
          -16.16667
        ]
      },
      "properties": {
        "name": "Loluerkon",
        "placetype": "Locality",
        "population": null,
        "country": "VU",
        "wikidata_id": "",
        "locality_id": "1310387551"
      }
    },
    {
      "type": "Feature",
      "geometry": {
        "type": "Point",
        "coordinates": [
          167.63468,
          -13.70128
        ]
      },
      "properties": {
        "name": "Avay (Var)",
        "placetype": "Locality",
        "population": null,
        "country": "VU",
        "wikidata_id": "",
        "locality_id": "1310397369"
      }
    },
    {
      "type": "Feature",
      "geometry": {
        "type": "Point",
        "coordinates": [
          167.53333,
          -14.36667
        ]
      },
      "properties": {
        "name": "Dorig",
        "placetype": "Locality",
        "population": null,
        "country": "VU",
        "wikidata_id": "",
        "locality_id": "1310426771"
      }
    },
    {
      "type": "Feature",
      "geometry": {
        "type": "Point",
        "coordinates": [
          167.7,
          -13.83333
        ]
      },
      "properties": {
        "name": "Lowoudbe",
        "placetype": "Locality",
        "population": null,
        "country": "VU",
        "wikidata_id": "",
        "locality_id": "1310426949"
      }
    },
    {
      "type": "Feature",
      "geometry": {
        "type": "Point",
        "coordinates": [
          168.06667,
          -15.05
        ]
      },
      "properties": {
        "name": "Narea",
        "placetype": "Locality",
        "population": null,
        "country": "VU",
        "wikidata_id": "",
        "locality_id": "1310465387"
      }
    },
    {
      "type": "Feature",
      "geometry": {
        "type": "Point",
        "coordinates": [
          168.21667,
          -16.46667
        ]
      },
      "properties": {
        "name": "Noou",
        "placetype": "Locality",
        "population": null,
        "country": "VU",
        "wikidata_id": "",
        "locality_id": "1310471431"
      }
    },
    {
      "type": "Feature",
      "geometry": {
        "type": "Point",
        "coordinates": [
          167.2,
          -16.05
        ]
      },
      "properties": {
        "name": "Wilmet",
        "placetype": "Locality",
        "population": null,
        "country": "VU",
        "wikidata_id": "",
        "locality_id": "1310471479"
      }
    },
    {
      "type": "Feature",
      "geometry": {
        "type": "Point",
        "coordinates": [
          169.20666,
          -18.74771
        ]
      },
      "properties": {
        "name": "Port Narvin",
        "placetype": "Locality",
        "population": null,
        "country": "VU",
        "wikidata_id": "",
        "locality_id": "1310472179"
      }
    },
    {
      "type": "Feature",
      "geometry": {
        "type": "Point",
        "coordinates": [
          169.29991,
          -19.44353
        ]
      },
      "properties": {
        "name": "Lowkahmal",
        "placetype": "Locality",
        "population": null,
        "country": "VU",
        "wikidata_id": "",
        "locality_id": "1310472293"
      }
    },
    {
      "type": "Feature",
      "geometry": {
        "type": "Point",
        "coordinates": [
          168.26667,
          -15.96667
        ]
      },
      "properties": {
        "name": "Bounlap",
        "placetype": "Locality",
        "population": null,
        "country": "VU",
        "wikidata_id": "",
        "locality_id": "1310473419"
      }
    },
    {
      "type": "Feature",
      "geometry": {
        "type": "Point",
        "coordinates": [
          167.75,
          -15.36667
        ]
      },
      "properties": {
        "name": "Lounekoukweou",
        "placetype": "Locality",
        "population": null,
        "country": "VU",
        "wikidata_id": "",
        "locality_id": "1310473437"
      }
    },
    {
      "type": "Feature",
      "geometry": {
        "type": "Point",
        "coordinates": [
          169.4,
          -19.48333
        ]
      },
      "properties": {
        "name": "Loouniel",
        "placetype": "Locality",
        "population": null,
        "country": "VU",
        "wikidata_id": "",
        "locality_id": "1310474975"
      }
    },
    {
      "type": "Feature",
      "geometry": {
        "type": "Point",
        "coordinates": [
          166.88333,
          -15.46667
        ]
      },
      "properties": {
        "name": "Malori",
        "placetype": "Locality",
        "population": null,
        "country": "VU",
        "wikidata_id": "",
        "locality_id": "1310480945"
      }
    },
    {
      "type": "Feature",
      "geometry": {
        "type": "Point",
        "coordinates": [
          166.91667,
          -15.48333
        ]
      },
      "properties": {
        "name": "Balago",
        "placetype": "Locality",
        "population": null,
        "country": "VU",
        "wikidata_id": "",
        "locality_id": "1310480975"
      }
    },
    {
      "type": "Feature",
      "geometry": {
        "type": "Point",
        "coordinates": [
          167.4,
          -16.06667
        ]
      },
      "properties": {
        "name": "Sletassimal",
        "placetype": "Locality",
        "population": null,
        "country": "VU",
        "wikidata_id": "",
        "locality_id": "1310483847"
      }
    },
    {
      "type": "Feature",
      "geometry": {
        "type": "Point",
        "coordinates": [
          169.08333,
          -18.63333
        ]
      },
      "properties": {
        "name": "Pounalvat",
        "placetype": "Locality",
        "population": null,
        "country": "VU",
        "wikidata_id": "",
        "locality_id": "1310484517"
      }
    },
    {
      "type": "Feature",
      "geometry": {
        "type": "Point",
        "coordinates": [
          166.88333,
          -15.45
        ]
      },
      "properties": {
        "name": "Nosousou",
        "placetype": "Locality",
        "population": null,
        "country": "VU",
        "wikidata_id": "",
        "locality_id": "1310487915"
      }
    },
    {
      "type": "Feature",
      "geometry": {
        "type": "Point",
        "coordinates": [
          168.11667,
          -16.71667
        ]
      },
      "properties": {
        "name": "Yemamoso",
        "placetype": "Locality",
        "population": null,
        "country": "VU",
        "wikidata_id": "",
        "locality_id": "1310564369"
      }
    },
    {
      "type": "Feature",
      "geometry": {
        "type": "Point",
        "coordinates": [
          168.23333,
          -16.46667
        ]
      },
      "properties": {
        "name": "Sankay",
        "placetype": "Locality",
        "population": null,
        "country": "VU",
        "wikidata_id": "",
        "locality_id": "1310571013"
      }
    },
    {
      "type": "Feature",
      "geometry": {
        "type": "Point",
        "coordinates": [
          168.16667,
          -15.66667
        ]
      },
      "properties": {
        "name": "Enkaro",
        "placetype": "Locality",
        "population": null,
        "country": "VU",
        "wikidata_id": "",
        "locality_id": "1310577393"
      }
    },
    {
      "type": "Feature",
      "geometry": {
        "type": "Point",
        "coordinates": [
          166.75,
          -14.95
        ]
      },
      "properties": {
        "name": "Wounaperas",
        "placetype": "Locality",
        "population": null,
        "country": "VU",
        "wikidata_id": "",
        "locality_id": "1310577637"
      }
    },
    {
      "type": "Feature",
      "geometry": {
        "type": "Point",
        "coordinates": [
          166.81667,
          -15.43333
        ]
      },
      "properties": {
        "name": "Vatiinopo",
        "placetype": "Locality",
        "population": null,
        "country": "VU",
        "wikidata_id": "",
        "locality_id": "1310580597"
      }
    },
    {
      "type": "Feature",
      "geometry": {
        "type": "Point",
        "coordinates": [
          166.76667,
          -15.65
        ]
      },
      "properties": {
        "name": "Vournere",
        "placetype": "Locality",
        "population": null,
        "country": "VU",
        "wikidata_id": "",
        "locality_id": "1310580629"
      }
    },
    {
      "type": "Feature",
      "geometry": {
        "type": "Point",
        "coordinates": [
          166.91667,
          -15.41667
        ]
      },
      "properties": {
        "name": "Morouas",
        "placetype": "Locality",
        "population": null,
        "country": "VU",
        "wikidata_id": "",
        "locality_id": "1310587585"
      }
    },
    {
      "type": "Feature",
      "geometry": {
        "type": "Point",
        "coordinates": [
          168.13333,
          -15.7
        ]
      },
      "properties": {
        "name": "Wadounbowi",
        "placetype": "Locality",
        "population": null,
        "country": "VU",
        "wikidata_id": "",
        "locality_id": "1310664337"
      }
    },
    {
      "type": "Feature",
      "geometry": {
        "type": "Point",
        "coordinates": [
          168.35,
          -17.45
        ]
      },
      "properties": {
        "name": "Rewoka Naboa",
        "placetype": "Locality",
        "population": null,
        "country": "VU",
        "wikidata_id": "",
        "locality_id": "1310667007"
      }
    },
    {
      "type": "Feature",
      "geometry": {
        "type": "Point",
        "coordinates": [
          168.48333,
          -17.5
        ]
      },
      "properties": {
        "name": "Laosake",
        "placetype": "Locality",
        "population": null,
        "country": "VU",
        "wikidata_id": "",
        "locality_id": "1310667079"
      }
    },
    {
      "type": "Feature",
      "geometry": {
        "type": "Point",
        "coordinates": [
          168.06667,
          -15.08333
        ]
      },
      "properties": {
        "name": "Tanmaeto",
        "placetype": "Locality",
        "population": null,
        "country": "VU",
        "wikidata_id": "",
        "locality_id": "1310672355"
      }
    },
    {
      "type": "Feature",
      "geometry": {
        "type": "Point",
        "coordinates": [
          167.73333,
          -15.38333
        ]
      },
      "properties": {
        "name": "Vatorousin",
        "placetype": "Locality",
        "population": null,
        "country": "VU",
        "wikidata_id": "",
        "locality_id": "1310677141"
      }
    },
    {
      "type": "Feature",
      "geometry": {
        "type": "Point",
        "coordinates": [
          168.25,
          -15.96667
        ]
      },
      "properties": {
        "name": "Ranwas",
        "placetype": "Locality",
        "population": null,
        "country": "VU",
        "wikidata_id": "",
        "locality_id": "1310677183"
      }
    },
    {
      "type": "Feature",
      "geometry": {
        "type": "Point",
        "coordinates": [
          166.76667,
          -14.98333
        ]
      },
      "properties": {
        "name": "Souleisere",
        "placetype": "Locality",
        "population": null,
        "country": "VU",
        "wikidata_id": "",
        "locality_id": "1310677237"
      }
    },
    {
      "type": "Feature",
      "geometry": {
        "type": "Point",
        "coordinates": [
          167.23333,
          -15.51667
        ]
      },
      "properties": {
        "name": "Palikulo",
        "placetype": "Locality",
        "population": null,
        "country": "VU",
        "wikidata_id": "",
        "locality_id": "1310677269"
      }
    },
    {
      "type": "Feature",
      "geometry": {
        "type": "Point",
        "coordinates": [
          166.85,
          -15.5
        ]
      },
      "properties": {
        "name": "Batounboaen",
        "placetype": "Locality",
        "population": null,
        "country": "VU",
        "wikidata_id": "",
        "locality_id": "1310680427"
      }
    },
    {
      "type": "Feature",
      "geometry": {
        "type": "Point",
        "coordinates": [
          166.85,
          -15.5
        ]
      },
      "properties": {
        "name": "Tanlapa",
        "placetype": "Locality",
        "population": null,
        "country": "VU",
        "wikidata_id": "",
        "locality_id": "1310687479"
      }
    },
    {
      "type": "Feature",
      "geometry": {
        "type": "Point",
        "coordinates": [
          166.78333,
          -15.01667
        ]
      },
      "properties": {
        "name": "Dalops",
        "placetype": "Locality",
        "population": null,
        "country": "VU",
        "wikidata_id": "",
        "locality_id": "1310687617"
      }
    },
    {
      "type": "Feature",
      "geometry": {
        "type": "Point",
        "coordinates": [
          166.81667,
          -15.4
        ]
      },
      "properties": {
        "name": "Nabounay",
        "placetype": "Locality",
        "population": null,
        "country": "VU",
        "wikidata_id": "",
        "locality_id": "1310687705"
      }
    },
    {
      "type": "Feature",
      "geometry": {
        "type": "Point",
        "coordinates": [
          168.45,
          -17.56667
        ]
      },
      "properties": {
        "name": "Onesua",
        "placetype": "Locality",
        "population": null,
        "country": "VU",
        "wikidata_id": "",
        "locality_id": "1326493457"
      }
    },
    {
      "type": "Feature",
      "geometry": {
        "type": "Point",
        "coordinates": [
          167.46667,
          -16.15
        ]
      },
      "properties": {
        "name": "Noboros",
        "placetype": "Locality",
        "population": null,
        "country": "VU",
        "wikidata_id": "",
        "locality_id": "1326499881"
      }
    },
    {
      "type": "Feature",
      "geometry": {
        "type": "Point",
        "coordinates": [
          168.10945,
          -15.18373
        ]
      },
      "properties": {
        "name": "Narovorovo",
        "placetype": "Locality",
        "population": null,
        "country": "VU",
        "wikidata_id": "",
        "locality_id": "1326501547"
      }
    },
    {
      "type": "Feature",
      "geometry": {
        "type": "Point",
        "coordinates": [
          169.45,
          -19.63333
        ]
      },
      "properties": {
        "name": "Yakwaraka",
        "placetype": "Locality",
        "population": null,
        "country": "VU",
        "wikidata_id": "",
        "locality_id": "1326503311"
      }
    },
    {
      "type": "Feature",
      "geometry": {
        "type": "Point",
        "coordinates": [
          168.15,
          -16.75
        ]
      },
      "properties": {
        "name": "Boute-Boute",
        "placetype": "Locality",
        "population": null,
        "country": "VU",
        "wikidata_id": "",
        "locality_id": "1326506043"
      }
    },
    {
      "type": "Feature",
      "geometry": {
        "type": "Point",
        "coordinates": [
          167.0,
          -15.36667
        ]
      },
      "properties": {
        "name": "Boutmas",
        "placetype": "Locality",
        "population": null,
        "country": "VU",
        "wikidata_id": "",
        "locality_id": "1326509515"
      }
    },
    {
      "type": "Feature",
      "geometry": {
        "type": "Point",
        "coordinates": [
          167.15,
          -15.73333
        ]
      },
      "properties": {
        "name": "Alowarou",
        "placetype": "Locality",
        "population": null,
        "country": "VU",
        "wikidata_id": "",
        "locality_id": "1326509629"
      }
    },
    {
      "type": "Feature",
      "geometry": {
        "type": "Point",
        "coordinates": [
          169.45,
          -19.63333
        ]
      },
      "properties": {
        "name": "Yetakape",
        "placetype": "Locality",
        "population": null,
        "country": "VU",
        "wikidata_id": "",
        "locality_id": "1326513043"
      }
    },
    {
      "type": "Feature",
      "geometry": {
        "type": "Point",
        "coordinates": [
          166.75,
          -15.45
        ]
      },
      "properties": {
        "name": "Matamea",
        "placetype": "Locality",
        "population": null,
        "country": "VU",
        "wikidata_id": "",
        "locality_id": "1326516297"
      }
    },
    {
      "type": "Feature",
      "geometry": {
        "type": "Point",
        "coordinates": [
          167.68333,
          -13.85
        ]
      },
      "properties": {
        "name": "Lotawan",
        "placetype": "Locality",
        "population": null,
        "country": "VU",
        "wikidata_id": "",
        "locality_id": "1326551541"
      }
    },
    {
      "type": "Feature",
      "geometry": {
        "type": "Point",
        "coordinates": [
          167.55,
          -14.23333
        ]
      },
      "properties": {
        "name": "Wangtoo",
        "placetype": "Locality",
        "population": null,
        "country": "VU",
        "wikidata_id": "",
        "locality_id": "1326551543"
      }
    },
    {
      "type": "Feature",
      "geometry": {
        "type": "Point",
        "coordinates": [
          167.42844,
          -14.27448
        ]
      },
      "properties": {
        "name": "Qetegaveg",
        "placetype": "Locality",
        "population": null,
        "country": "VU",
        "wikidata_id": "",
        "locality_id": "1326551587"
      }
    },
    {
      "type": "Feature",
      "geometry": {
        "type": "Point",
        "coordinates": [
          168.05,
          -15.01667
        ]
      },
      "properties": {
        "name": "Naone",
        "placetype": "Locality",
        "population": null,
        "country": "VU",
        "wikidata_id": "",
        "locality_id": "1326593395"
      }
    },
    {
      "type": "Feature",
      "geometry": {
        "type": "Point",
        "coordinates": [
          167.96667,
          -15.31667
        ]
      },
      "properties": {
        "name": "Navonda",
        "placetype": "Locality",
        "population": null,
        "country": "VU",
        "wikidata_id": "",
        "locality_id": "1326593467"
      }
    },
    {
      "type": "Feature",
      "geometry": {
        "type": "Point",
        "coordinates": [
          168.11667,
          -15.68333
        ]
      },
      "properties": {
        "name": "Lelislis",
        "placetype": "Locality",
        "population": null,
        "country": "VU",
        "wikidata_id": "",
        "locality_id": "1326593479"
      }
    },
    {
      "type": "Feature",
      "geometry": {
        "type": "Point",
        "coordinates": [
          168.11667,
          -15.66667
        ]
      },
      "properties": {
        "name": "Keke",
        "placetype": "Locality",
        "population": null,
        "country": "VU",
        "wikidata_id": "",
        "locality_id": "1326593485"
      }
    },
    {
      "type": "Feature",
      "geometry": {
        "type": "Point",
        "coordinates": [
          168.31667,
          -17.43333
        ]
      },
      "properties": {
        "name": "Outanlang",
        "placetype": "Locality",
        "population": null,
        "country": "VU",
        "wikidata_id": "",
        "locality_id": "1326596109"
      }
    },
    {
      "type": "Feature",
      "geometry": {
        "type": "Point",
        "coordinates": [
          168.18333,
          -16.21667
        ]
      },
      "properties": {
        "name": "Famban",
        "placetype": "Locality",
        "population": null,
        "country": "VU",
        "wikidata_id": "",
        "locality_id": "1326599473"
      }
    },
    {
      "type": "Feature",
      "geometry": {
        "type": "Point",
        "coordinates": [
          167.4,
          -16.01667
        ]
      },
      "properties": {
        "name": "Pinaloum",
        "placetype": "Locality",
        "population": null,
        "country": "VU",
        "wikidata_id": "",
        "locality_id": "1326602455"
      }
    },
    {
      "type": "Feature",
      "geometry": {
        "type": "Point",
        "coordinates": [
          169.11667,
          -18.93333
        ]
      },
      "properties": {
        "name": "Potnaroumpouo",
        "placetype": "Locality",
        "population": null,
        "country": "VU",
        "wikidata_id": "",
        "locality_id": "1326603135"
      }
    },
    {
      "type": "Feature",
      "geometry": {
        "type": "Point",
        "coordinates": [
          166.88333,
          -15.46667
        ]
      },
      "properties": {
        "name": "Kaintsouro",
        "placetype": "Locality",
        "population": null,
        "country": "VU",
        "wikidata_id": "",
        "locality_id": "1326609535"
      }
    },
    {
      "type": "Feature",
      "geometry": {
        "type": "Point",
        "coordinates": [
          167.6,
          -16.23333
        ]
      },
      "properties": {
        "name": "Batambon",
        "placetype": "Locality",
        "population": null,
        "country": "VU",
        "wikidata_id": "",
        "locality_id": "1326612283"
      }
    },
    {
      "type": "Feature",
      "geometry": {
        "type": "Point",
        "coordinates": [
          169.45,
          -19.58333
        ]
      },
      "properties": {
        "name": "Yatoukwey",
        "placetype": "Locality",
        "population": null,
        "country": "VU",
        "wikidata_id": "",
        "locality_id": "1326613115"
      }
    },
    {
      "type": "Feature",
      "geometry": {
        "type": "Point",
        "coordinates": [
          167.42615,
          -14.29267
        ]
      },
      "properties": {
        "name": "Sisiol",
        "placetype": "Locality",
        "population": null,
        "country": "VU",
        "wikidata_id": "",
        "locality_id": "1326640389"
      }
    },
    {
      "type": "Feature",
      "geometry": {
        "type": "Point",
        "coordinates": [
          168.56667,
          -16.91667
        ]
      },
      "properties": {
        "name": "Mangarisiou",
        "placetype": "Locality",
        "population": null,
        "country": "VU",
        "wikidata_id": "",
        "locality_id": "1326693389"
      }
    },
    {
      "type": "Feature",
      "geometry": {
        "type": "Point",
        "coordinates": [
          168.06667,
          -15.11667
        ]
      },
      "properties": {
        "name": "Kerembei",
        "placetype": "Locality",
        "population": null,
        "country": "VU",
        "wikidata_id": "",
        "locality_id": "1326693765"
      }
    },
    {
      "type": "Feature",
      "geometry": {
        "type": "Point",
        "coordinates": [
          169.3,
          -19.45
        ]
      },
      "properties": {
        "name": "Lelowalo",
        "placetype": "Locality",
        "population": null,
        "country": "VU",
        "wikidata_id": "",
        "locality_id": "1326700459"
      }
    },
    {
      "type": "Feature",
      "geometry": {
        "type": "Point",
        "coordinates": [
          169.28333,
          -19.46667
        ]
      },
      "properties": {
        "name": "Lonasilian",
        "placetype": "Locality",
        "population": null,
        "country": "VU",
        "wikidata_id": "",
        "locality_id": "1326700493"
      }
    },
    {
      "type": "Feature",
      "geometry": {
        "type": "Point",
        "coordinates": [
          167.91667,
          -15.4
        ]
      },
      "properties": {
        "name": "Loldomae",
        "placetype": "Locality",
        "population": null,
        "country": "VU",
        "wikidata_id": "",
        "locality_id": "1326701755"
      }
    },
    {
      "type": "Feature",
      "geometry": {
        "type": "Point",
        "coordinates": [
          168.11667,
          -16.15
        ]
      },
      "properties": {
        "name": "Nountor",
        "placetype": "Locality",
        "population": null,
        "country": "VU",
        "wikidata_id": "",
        "locality_id": "1326702763"
      }
    },
    {
      "type": "Feature",
      "geometry": {
        "type": "Point",
        "coordinates": [
          168.16667,
          -15.66667
        ]
      },
      "properties": {
        "name": "Dirihi",
        "placetype": "Locality",
        "population": null,
        "country": "VU",
        "wikidata_id": "",
        "locality_id": "1326706705"
      }
    },
    {
      "type": "Feature",
      "geometry": {
        "type": "Point",
        "coordinates": [
          166.8,
          -15.5
        ]
      },
      "properties": {
        "name": "Namaous",
        "placetype": "Locality",
        "population": null,
        "country": "VU",
        "wikidata_id": "",
        "locality_id": "1326706817"
      }
    },
    {
      "type": "Feature",
      "geometry": {
        "type": "Point",
        "coordinates": [
          166.63333,
          -15.16667
        ]
      },
      "properties": {
        "name": "Wasalea",
        "placetype": "Locality",
        "population": null,
        "country": "VU",
        "wikidata_id": "",
        "locality_id": "1326706871"
      }
    },
    {
      "type": "Feature",
      "geometry": {
        "type": "Point",
        "coordinates": [
          169.33333,
          -19.58333
        ]
      },
      "properties": {
        "name": "Yerou",
        "placetype": "Locality",
        "population": null,
        "country": "VU",
        "wikidata_id": "",
        "locality_id": "1326713153"
      }
    },
    {
      "type": "Feature",
      "geometry": {
        "type": "Point",
        "coordinates": [
          169.4,
          -19.48333
        ]
      },
      "properties": {
        "name": "Ilisilis",
        "placetype": "Locality",
        "population": null,
        "country": "VU",
        "wikidata_id": "",
        "locality_id": "1326713249"
      }
    },
    {
      "type": "Feature",
      "geometry": {
        "type": "Point",
        "coordinates": [
          167.56667,
          -14.35
        ]
      },
      "properties": {
        "name": "Tokor",
        "placetype": "Locality",
        "population": null,
        "country": "VU",
        "wikidata_id": "",
        "locality_id": "1326722221"
      }
    },
    {
      "type": "Feature",
      "geometry": {
        "type": "Point",
        "coordinates": [
          167.92139,
          -16.25823
        ]
      },
      "properties": {
        "name": "Craig Cove",
        "placetype": "Locality",
        "population": null,
        "country": "VU",
        "wikidata_id": "",
        "locality_id": "1326740987"
      }
    },
    {
      "type": "Feature",
      "geometry": {
        "type": "Point",
        "coordinates": [
          167.76667,
          -15.36667
        ]
      },
      "properties": {
        "name": "Lolotinge",
        "placetype": "Locality",
        "population": null,
        "country": "VU",
        "wikidata_id": "",
        "locality_id": "1326794163"
      }
    },
    {
      "type": "Feature",
      "geometry": {
        "type": "Point",
        "coordinates": [
          167.93333,
          -15.36667
        ]
      },
      "properties": {
        "name": "Evitawo",
        "placetype": "Locality",
        "population": null,
        "country": "VU",
        "wikidata_id": "",
        "locality_id": "1326794205"
      }
    },
    {
      "type": "Feature",
      "geometry": {
        "type": "Point",
        "coordinates": [
          167.76667,
          -15.46667
        ]
      },
      "properties": {
        "name": "Walembwe",
        "placetype": "Locality",
        "population": null,
        "country": "VU",
        "wikidata_id": "",
        "locality_id": "1326794233"
      }
    },
    {
      "type": "Feature",
      "geometry": {
        "type": "Point",
        "coordinates": [
          168.48333,
          -17.5
        ]
      },
      "properties": {
        "name": "Ngouroua",
        "placetype": "Locality",
        "population": null,
        "country": "VU",
        "wikidata_id": "",
        "locality_id": "1326796847"
      }
    },
    {
      "type": "Feature",
      "geometry": {
        "type": "Point",
        "coordinates": [
          168.36667,
          -17.46667
        ]
      },
      "properties": {
        "name": "Mere",
        "placetype": "Locality",
        "population": null,
        "country": "VU",
        "wikidata_id": "",
        "locality_id": "1326796895"
      }
    },
    {
      "type": "Feature",
      "geometry": {
        "type": "Point",
        "coordinates": [
          169.31667,
          -19.48333
        ]
      },
      "properties": {
        "name": "Ikeupo",
        "placetype": "Locality",
        "population": null,
        "country": "VU",
        "wikidata_id": "",
        "locality_id": "1326800831"
      }
    },
    {
      "type": "Feature",
      "geometry": {
        "type": "Point",
        "coordinates": [
          168.11667,
          -15.58333
        ]
      },
      "properties": {
        "name": "Nambaramout",
        "placetype": "Locality",
        "population": null,
        "country": "VU",
        "wikidata_id": "",
        "locality_id": "1326801905"
      }
    },
    {
      "type": "Feature",
      "geometry": {
        "type": "Point",
        "coordinates": [
          168.15,
          -16.13333
        ]
      },
      "properties": {
        "name": "Neha",
        "placetype": "Locality",
        "population": null,
        "country": "VU",
        "wikidata_id": "",
        "locality_id": "1326802965"
      }
    },
    {
      "type": "Feature",
      "geometry": {
        "type": "Point",
        "coordinates": [
          169.28333,
          -19.43333
        ]
      },
      "properties": {
        "name": "Ilereup",
        "placetype": "Locality",
        "population": null,
        "country": "VU",
        "wikidata_id": "",
        "locality_id": "1326803619"
      }
    },
    {
      "type": "Feature",
      "geometry": {
        "type": "Point",
        "coordinates": [
          169.33333,
          -19.6
        ]
      },
      "properties": {
        "name": "Enpinane",
        "placetype": "Locality",
        "population": null,
        "country": "VU",
        "wikidata_id": "",
        "locality_id": "1326803739"
      }
    },
    {
      "type": "Feature",
      "geometry": {
        "type": "Point",
        "coordinates": [
          168.13333,
          -15.56667
        ]
      },
      "properties": {
        "name": "Irire",
        "placetype": "Locality",
        "population": null,
        "country": "VU",
        "wikidata_id": "",
        "locality_id": "1326806663"
      }
    },
    {
      "type": "Feature",
      "geometry": {
        "type": "Point",
        "coordinates": [
          166.86667,
          -15.46667
        ]
      },
      "properties": {
        "name": "Tsaraepela",
        "placetype": "Locality",
        "population": null,
        "country": "VU",
        "wikidata_id": "",
        "locality_id": "1326809699"
      }
    },
    {
      "type": "Feature",
      "geometry": {
        "type": "Point",
        "coordinates": [
          168.13333,
          -16.11667
        ]
      },
      "properties": {
        "name": "Neubul",
        "placetype": "Locality",
        "population": null,
        "country": "VU",
        "wikidata_id": "",
        "locality_id": "1326812487"
      }
    },
    {
      "type": "Feature",
      "geometry": {
        "type": "Point",
        "coordinates": [
          169.01667,
          -18.88333
        ]
      },
      "properties": {
        "name": "Bouniakoup",
        "placetype": "Locality",
        "population": null,
        "country": "VU",
        "wikidata_id": "",
        "locality_id": "1326813235"
      }
    },
    {
      "type": "Feature",
      "geometry": {
        "type": "Point",
        "coordinates": [
          166.78333,
          -15.03333
        ]
      },
      "properties": {
        "name": "Tsariaorou",
        "placetype": "Locality",
        "population": null,
        "country": "VU",
        "wikidata_id": "",
        "locality_id": "1326816705"
      }
    },
    {
      "type": "Feature",
      "geometry": {
        "type": "Point",
        "coordinates": [
          168.28333,
          -16.68333
        ]
      },
      "properties": {
        "name": "Mate",
        "placetype": "Locality",
        "population": null,
        "country": "VU",
        "wikidata_id": "",
        "locality_id": "1326893713"
      }
    },
    {
      "type": "Feature",
      "geometry": {
        "type": "Point",
        "coordinates": [
          168.2,
          -16.6
        ]
      },
      "properties": {
        "name": "Moriou",
        "placetype": "Locality",
        "population": null,
        "country": "VU",
        "wikidata_id": "",
        "locality_id": "1326896751"
      }
    },
    {
      "type": "Feature",
      "geometry": {
        "type": "Point",
        "coordinates": [
          168.17426,
          -15.84458
        ]
      },
      "properties": {
        "name": "Nevor",
        "placetype": "Locality",
        "population": null,
        "country": "VU",
        "wikidata_id": "",
        "locality_id": "1326901897"
      }
    },
    {
      "type": "Feature",
      "geometry": {
        "type": "Point",
        "coordinates": [
          168.11667,
          -16.16667
        ]
      },
      "properties": {
        "name": "Nehatourou",
        "placetype": "Locality",
        "population": null,
        "country": "VU",
        "wikidata_id": "",
        "locality_id": "1326902827"
      }
    },
    {
      "type": "Feature",
      "geometry": {
        "type": "Point",
        "coordinates": [
          167.06667,
          -15.3
        ]
      },
      "properties": {
        "name": "Tioungwi",
        "placetype": "Locality",
        "population": null,
        "country": "VU",
        "wikidata_id": "",
        "locality_id": "1326909729"
      }
    },
    {
      "type": "Feature",
      "geometry": {
        "type": "Point",
        "coordinates": [
          166.75,
          -14.86667
        ]
      },
      "properties": {
        "name": "Lawaawa",
        "placetype": "Locality",
        "population": null,
        "country": "VU",
        "wikidata_id": "",
        "locality_id": "1326916713"
      }
    },
    {
      "type": "Feature",
      "geometry": {
        "type": "Point",
        "coordinates": [
          167.30887,
          -15.89764
        ]
      },
      "properties": {
        "name": "Vao",
        "placetype": "Locality",
        "population": null,
        "country": "VU",
        "wikidata_id": "",
        "locality_id": "1326945407"
      }
    },
    {
      "type": "Feature",
      "geometry": {
        "type": "Point",
        "coordinates": [
          168.53333,
          -16.9
        ]
      },
      "properties": {
        "name": "Aiwos",
        "placetype": "Locality",
        "population": null,
        "country": "VU",
        "wikidata_id": "",
        "locality_id": "1326996393"
      }
    },
    {
      "type": "Feature",
      "geometry": {
        "type": "Point",
        "coordinates": [
          169.17641,
          -18.94262
        ]
      },
      "properties": {
        "name": "South River",
        "placetype": "Locality",
        "population": null,
        "country": "VU",
        "wikidata_id": "",
        "locality_id": "1327000321"
      }
    },
    {
      "type": "Feature",
      "geometry": {
        "type": "Point",
        "coordinates": [
          169.8,
          -20.23333
        ]
      },
      "properties": {
        "name": "Anemek",
        "placetype": "Locality",
        "population": null,
        "country": "VU",
        "wikidata_id": "",
        "locality_id": "1327000465"
      }
    },
    {
      "type": "Feature",
      "geometry": {
        "type": "Point",
        "coordinates": [
          168.15,
          -15.66667
        ]
      },
      "properties": {
        "name": "Wanbagam",
        "placetype": "Locality",
        "population": null,
        "country": "VU",
        "wikidata_id": "",
        "locality_id": "1327001575"
      }
    },
    {
      "type": "Feature",
      "geometry": {
        "type": "Point",
        "coordinates": [
          167.43333,
          -16.11667
        ]
      },
      "properties": {
        "name": "Litzlitz",
        "placetype": "Locality",
        "population": null,
        "country": "VU",
        "wikidata_id": "",
        "locality_id": "1327002529"
      }
    },
    {
      "type": "Feature",
      "geometry": {
        "type": "Point",
        "coordinates": [
          167.95,
          -15.28333
        ]
      },
      "properties": {
        "name": "Narouwo",
        "placetype": "Locality",
        "population": null,
        "country": "VU",
        "wikidata_id": "",
        "locality_id": "1327006209"
      }
    },
    {
      "type": "Feature",
      "geometry": {
        "type": "Point",
        "coordinates": [
          166.98333,
          -15.45
        ]
      },
      "properties": {
        "name": "Tavoa",
        "placetype": "Locality",
        "population": null,
        "country": "VU",
        "wikidata_id": "",
        "locality_id": "1327009107"
      }
    },
    {
      "type": "Feature",
      "geometry": {
        "type": "Point",
        "coordinates": [
          167.26667,
          -15.9
        ]
      },
      "properties": {
        "name": "Tenmerer",
        "placetype": "Locality",
        "population": null,
        "country": "VU",
        "wikidata_id": "",
        "locality_id": "1327012031"
      }
    },
    {
      "type": "Feature",
      "geometry": {
        "type": "Point",
        "coordinates": [
          167.2,
          -15.43333
        ]
      },
      "properties": {
        "name": "Saraotou",
        "placetype": "Locality",
        "population": null,
        "country": "VU",
        "wikidata_id": "",
        "locality_id": "1327016085"
      }
    },
    {
      "type": "Feature",
      "geometry": {
        "type": "Point",
        "coordinates": [
          166.98333,
          -15.58333
        ]
      },
      "properties": {
        "name": "Nakere",
        "placetype": "Locality",
        "population": null,
        "country": "VU",
        "wikidata_id": "",
        "locality_id": "1327016127"
      }
    },
    {
      "type": "Feature",
      "geometry": {
        "type": "Point",
        "coordinates": [
          166.78333,
          -15.63333
        ]
      },
      "properties": {
        "name": "Lambwaen",
        "placetype": "Locality",
        "population": null,
        "country": "VU",
        "wikidata_id": "",
        "locality_id": "1327016147"
      }
    },
    {
      "type": "Feature",
      "geometry": {
        "type": "Point",
        "coordinates": [
          166.91667,
          -15.35
        ]
      },
      "properties": {
        "name": "Navaras",
        "placetype": "Locality",
        "population": null,
        "country": "VU",
        "wikidata_id": "",
        "locality_id": "1327016167"
      }
    },
    {
      "type": "Feature",
      "geometry": {
        "type": "Point",
        "coordinates": [
          168.61667,
          -17.01667
        ]
      },
      "properties": {
        "name": "Tafia",
        "placetype": "Locality",
        "population": null,
        "country": "VU",
        "wikidata_id": "",
        "locality_id": "1327097661"
      }
    },
    {
      "type": "Feature",
      "geometry": {
        "type": "Point",
        "coordinates": [
          168.15,
          -16.11667
        ]
      },
      "properties": {
        "name": "Melbulbul",
        "placetype": "Locality",
        "population": null,
        "country": "VU",
        "wikidata_id": "",
        "locality_id": "1327104131"
      }
    },
    {
      "type": "Feature",
      "geometry": {
        "type": "Point",
        "coordinates": [
          168.0,
          -16.31667
        ]
      },
      "properties": {
        "name": "Meltebin",
        "placetype": "Locality",
        "population": null,
        "country": "VU",
        "wikidata_id": "",
        "locality_id": "1327104199"
      }
    },
    {
      "type": "Feature",
      "geometry": {
        "type": "Point",
        "coordinates": [
          167.25,
          -16.0
        ]
      },
      "properties": {
        "name": "Batarlilip",
        "placetype": "Locality",
        "population": null,
        "country": "VU",
        "wikidata_id": "",
        "locality_id": "1327104209"
      }
    },
    {
      "type": "Feature",
      "geometry": {
        "type": "Point",
        "coordinates": [
          167.95,
          -16.26667
        ]
      },
      "properties": {
        "name": "Lele",
        "placetype": "Locality",
        "population": null,
        "country": "VU",
        "wikidata_id": "",
        "locality_id": "1327104231"
      }
    },
    {
      "type": "Feature",
      "geometry": {
        "type": "Point",
        "coordinates": [
          168.13333,
          -15.76667
        ]
      },
      "properties": {
        "name": "Alihak",
        "placetype": "Locality",
        "population": null,
        "country": "VU",
        "wikidata_id": "",
        "locality_id": "1327106029"
      }
    },
    {
      "type": "Feature",
      "geometry": {
        "type": "Point",
        "coordinates": [
          168.13333,
          -15.7
        ]
      },
      "properties": {
        "name": "Nokokoul",
        "placetype": "Locality",
        "population": null,
        "country": "VU",
        "wikidata_id": "",
        "locality_id": "1327106113"
      }
    },
    {
      "type": "Feature",
      "geometry": {
        "type": "Point",
        "coordinates": [
          167.96667,
          -15.33333
        ]
      },
      "properties": {
        "name": "Lowatoumbe",
        "placetype": "Locality",
        "population": null,
        "country": "VU",
        "wikidata_id": "",
        "locality_id": "1327106131"
      }
    },
    {
      "type": "Feature",
      "geometry": {
        "type": "Point",
        "coordinates": [
          168.21667,
          -16.5
        ]
      },
      "properties": {
        "name": "Paouleli",
        "placetype": "Locality",
        "population": null,
        "country": "VU",
        "wikidata_id": "",
        "locality_id": "1327107019"
      }
    },
    {
      "type": "Feature",
      "geometry": {
        "type": "Point",
        "coordinates": [
          167.61667,
          -16.25
        ]
      },
      "properties": {
        "name": "Hemebouer",
        "placetype": "Locality",
        "population": null,
        "country": "VU",
        "wikidata_id": "",
        "locality_id": "1327107031"
      }
    },
    {
      "type": "Feature",
      "geometry": {
        "type": "Point",
        "coordinates": [
          167.25,
          -15.88333
        ]
      },
      "properties": {
        "name": "Potovrou",
        "placetype": "Locality",
        "population": null,
        "country": "VU",
        "wikidata_id": "",
        "locality_id": "1327107063"
      }
    },
    {
      "type": "Feature",
      "geometry": {
        "type": "Point",
        "coordinates": [
          169.81667,
          -20.13333
        ]
      },
      "properties": {
        "name": "Anawamet",
        "placetype": "Locality",
        "population": null,
        "country": "VU",
        "wikidata_id": "",
        "locality_id": "1327107701"
      }
    },
    {
      "type": "Feature",
      "geometry": {
        "type": "Point",
        "coordinates": [
          169.31667,
          -19.58333
        ]
      },
      "properties": {
        "name": "Yetap",
        "placetype": "Locality",
        "population": null,
        "country": "VU",
        "wikidata_id": "",
        "locality_id": "1327107793"
      }
    },
    {
      "type": "Feature",
      "geometry": {
        "type": "Point",
        "coordinates": [
          166.81667,
          -15.15
        ]
      },
      "properties": {
        "name": "Pila",
        "placetype": "Locality",
        "population": null,
        "country": "VU",
        "wikidata_id": "",
        "locality_id": "1327110997"
      }
    },
    {
      "type": "Feature",
      "geometry": {
        "type": "Point",
        "coordinates": [
          167.06667,
          -15.45
        ]
      },
      "properties": {
        "name": "Napil",
        "placetype": "Locality",
        "population": null,
        "country": "VU",
        "wikidata_id": "",
        "locality_id": "1327113961"
      }
    },
    {
      "type": "Feature",
      "geometry": {
        "type": "Point",
        "coordinates": [
          169.3,
          -19.5
        ]
      },
      "properties": {
        "name": "Loounapkaulangeus",
        "placetype": "Locality",
        "population": null,
        "country": "VU",
        "wikidata_id": "",
        "locality_id": "1327117357"
      }
    },
    {
      "type": "Feature",
      "geometry": {
        "type": "Point",
        "coordinates": [
          169.5,
          -19.53333
        ]
      },
      "properties": {
        "name": "Ireupuow",
        "placetype": "Locality",
        "population": null,
        "country": "VU",
        "wikidata_id": "",
        "locality_id": "1327117361"
      }
    },
    {
      "type": "Feature",
      "geometry": {
        "type": "Point",
        "coordinates": [
          166.65,
          -15.05
        ]
      },
      "properties": {
        "name": "Wounahaowoumhoum",
        "placetype": "Locality",
        "population": null,
        "country": "VU",
        "wikidata_id": "",
        "locality_id": "1327120583"
      }
    },
    {
      "type": "Feature",
      "geometry": {
        "type": "Point",
        "coordinates": [
          166.93333,
          -15.46667
        ]
      },
      "properties": {
        "name": "Batountalbarav",
        "placetype": "Locality",
        "population": null,
        "country": "VU",
        "wikidata_id": "",
        "locality_id": "1327120615"
      }
    },
    {
      "type": "Feature",
      "geometry": {
        "type": "Point",
        "coordinates": [
          168.13333,
          -15.13333
        ]
      },
      "properties": {
        "name": "Olbanga",
        "placetype": "Locality",
        "population": null,
        "country": "VU",
        "wikidata_id": "",
        "locality_id": "1327197685"
      }
    },
    {
      "type": "Feature",
      "geometry": {
        "type": "Point",
        "coordinates": [
          169.3,
          -19.5
        ]
      },
      "properties": {
        "name": "Loounekaweuk",
        "placetype": "Locality",
        "population": null,
        "country": "VU",
        "wikidata_id": "",
        "locality_id": "1327204407"
      }
    },
    {
      "type": "Feature",
      "geometry": {
        "type": "Point",
        "coordinates": [
          168.16667,
          -15.68333
        ]
      },
      "properties": {
        "name": "Narouah",
        "placetype": "Locality",
        "population": null,
        "country": "VU",
        "wikidata_id": "",
        "locality_id": "1327205543"
      }
    },
    {
      "type": "Feature",
      "geometry": {
        "type": "Point",
        "coordinates": [
          167.16667,
          -16.01667
        ]
      },
      "properties": {
        "name": "Wornambek",
        "placetype": "Locality",
        "population": null,
        "country": "VU",
        "wikidata_id": "",
        "locality_id": "1327206521"
      }
    },
    {
      "type": "Feature",
      "geometry": {
        "type": "Point",
        "coordinates": [
          166.8,
          -15.46667
        ]
      },
      "properties": {
        "name": "Biloykoulouwan",
        "placetype": "Locality",
        "population": null,
        "country": "VU",
        "wikidata_id": "",
        "locality_id": "1327210305"
      }
    },
    {
      "type": "Feature",
      "geometry": {
        "type": "Point",
        "coordinates": [
          166.78333,
          -15.63333
        ]
      },
      "properties": {
        "name": "Lovenoue",
        "placetype": "Locality",
        "population": null,
        "country": "VU",
        "wikidata_id": "",
        "locality_id": "1327213207"
      }
    },
    {
      "type": "Feature",
      "geometry": {
        "type": "Point",
        "coordinates": [
          167.46667,
          -16.18333
        ]
      },
      "properties": {
        "name": "Katbol",
        "placetype": "Locality",
        "population": null,
        "country": "VU",
        "wikidata_id": "",
        "locality_id": "1327215901"
      }
    },
    {
      "type": "Feature",
      "geometry": {
        "type": "Point",
        "coordinates": [
          168.08333,
          -16.16667
        ]
      },
      "properties": {
        "name": "Lonepan",
        "placetype": "Locality",
        "population": null,
        "country": "VU",
        "wikidata_id": "",
        "locality_id": "1327215975"
      }
    },
    {
      "type": "Feature",
      "geometry": {
        "type": "Point",
        "coordinates": [
          166.88333,
          -15.45
        ]
      },
      "properties": {
        "name": "Kouptana",
        "placetype": "Locality",
        "population": null,
        "country": "VU",
        "wikidata_id": "",
        "locality_id": "1327220049"
      }
    },
    {
      "type": "Feature",
      "geometry": {
        "type": "Point",
        "coordinates": [
          166.88333,
          -15.38333
        ]
      },
      "properties": {
        "name": "Vatrof",
        "placetype": "Locality",
        "population": null,
        "country": "VU",
        "wikidata_id": "",
        "locality_id": "1327220061"
      }
    },
    {
      "type": "Feature",
      "geometry": {
        "type": "Point",
        "coordinates": [
          166.66667,
          -15.26667
        ]
      },
      "properties": {
        "name": "Paetore",
        "placetype": "Locality",
        "population": null,
        "country": "VU",
        "wikidata_id": "",
        "locality_id": "1327220207"
      }
    },
    {
      "type": "Feature",
      "geometry": {
        "type": "Point",
        "coordinates": [
          167.61667,
          -16.25
        ]
      },
      "properties": {
        "name": "Gebenour",
        "placetype": "Locality",
        "population": null,
        "country": "VU",
        "wikidata_id": "",
        "locality_id": "1327306523"
      }
    },
    {
      "type": "Feature",
      "geometry": {
        "type": "Point",
        "coordinates": [
          169.25,
          -19.51667
        ]
      },
      "properties": {
        "name": "Looumwanoumwan",
        "placetype": "Locality",
        "population": null,
        "country": "VU",
        "wikidata_id": "",
        "locality_id": "1327307159"
      }
    },
    {
      "type": "Feature",
      "geometry": {
        "type": "Point",
        "coordinates": [
          168.58333,
          -17.73333
        ]
      },
      "properties": {
        "name": "Orati",
        "placetype": "Locality",
        "population": null,
        "country": "VU",
        "wikidata_id": "",
        "locality_id": "1327309707"
      }
    },
    {
      "type": "Feature",
      "geometry": {
        "type": "Point",
        "coordinates": [
          168.13333,
          -15.68333
        ]
      },
      "properties": {
        "name": "Koulbaga",
        "placetype": "Locality",
        "population": null,
        "country": "VU",
        "wikidata_id": "",
        "locality_id": "1327310111"
      }
    },
    {
      "type": "Feature",
      "geometry": {
        "type": "Point",
        "coordinates": [
          167.16667,
          -16.01667
        ]
      },
      "properties": {
        "name": "Npenanavet",
        "placetype": "Locality",
        "population": null,
        "country": "VU",
        "wikidata_id": "",
        "locality_id": "1327315945"
      }
    },
    {
      "type": "Feature",
      "geometry": {
        "type": "Point",
        "coordinates": [
          169.35,
          -19.61667
        ]
      },
      "properties": {
        "name": "Yankwaneneay",
        "placetype": "Locality",
        "population": null,
        "country": "VU",
        "wikidata_id": "",
        "locality_id": "1327316673"
      }
    },
    {
      "type": "Feature",
      "geometry": {
        "type": "Point",
        "coordinates": [
          167.43333,
          -14.21667
        ]
      },
      "properties": {
        "name": "Mesabolo",
        "placetype": "Locality",
        "population": null,
        "country": "VU",
        "wikidata_id": "",
        "locality_id": "1327325275"
      }
    },
    {
      "type": "Feature",
      "geometry": {
        "type": "Point",
        "coordinates": [
          168.26667,
          -17.7
        ]
      },
      "properties": {
        "name": "Malaora",
        "placetype": "Locality",
        "population": null,
        "country": "VU",
        "wikidata_id": "",
        "locality_id": "1327397045"
      }
    },
    {
      "type": "Feature",
      "geometry": {
        "type": "Point",
        "coordinates": [
          167.31667,
          -15.95
        ]
      },
      "properties": {
        "name": "Wounaout",
        "placetype": "Locality",
        "population": null,
        "country": "VU",
        "wikidata_id": "",
        "locality_id": "1327403603"
      }
    },
    {
      "type": "Feature",
      "geometry": {
        "type": "Point",
        "coordinates": [
          167.4,
          -16.03333
        ]
      },
      "properties": {
        "name": "Betel",
        "placetype": "Locality",
        "population": null,
        "country": "VU",
        "wikidata_id": "",
        "locality_id": "1327403605"
      }
    },
    {
      "type": "Feature",
      "geometry": {
        "type": "Point",
        "coordinates": [
          169.35,
          -19.46667
        ]
      },
      "properties": {
        "name": "Lahoenuwi",
        "placetype": "Locality",
        "population": null,
        "country": "VU",
        "wikidata_id": "",
        "locality_id": "1327404263"
      }
    },
    {
      "type": "Feature",
      "geometry": {
        "type": "Point",
        "coordinates": [
          167.13333,
          -15.18333
        ]
      },
      "properties": {
        "name": "Lowarhe",
        "placetype": "Locality",
        "population": null,
        "country": "VU",
        "wikidata_id": "",
        "locality_id": "1327405273"
      }
    },
    {
      "type": "Feature",
      "geometry": {
        "type": "Point",
        "coordinates": [
          169.31667,
          -19.4
        ]
      },
      "properties": {
        "name": "Lotapouna",
        "placetype": "Locality",
        "population": null,
        "country": "VU",
        "wikidata_id": "",
        "locality_id": "1327407051"
      }
    },
    {
      "type": "Feature",
      "geometry": {
        "type": "Point",
        "coordinates": [
          166.88333,
          -15.41667
        ]
      },
      "properties": {
        "name": "Botvornov",
        "placetype": "Locality",
        "population": null,
        "country": "VU",
        "wikidata_id": "",
        "locality_id": "1327413047"
      }
    },
    {
      "type": "Feature",
      "geometry": {
        "type": "Point",
        "coordinates": [
          167.81667,
          -16.53333
        ]
      },
      "properties": {
        "name": "Peskarus",
        "placetype": "Locality",
        "population": null,
        "country": "VU",
        "wikidata_id": "",
        "locality_id": "1327415937"
      }
    },
    {
      "type": "Feature",
      "geometry": {
        "type": "Point",
        "coordinates": [
          167.31667,
          -15.93333
        ]
      },
      "properties": {
        "name": "Loua",
        "placetype": "Locality",
        "population": null,
        "country": "VU",
        "wikidata_id": "",
        "locality_id": "1327415955"
      }
    },
    {
      "type": "Feature",
      "geometry": {
        "type": "Point",
        "coordinates": [
          167.15,
          -16.08333
        ]
      },
      "properties": {
        "name": "Lemettou",
        "placetype": "Locality",
        "population": null,
        "country": "VU",
        "wikidata_id": "",
        "locality_id": "1327416009"
      }
    },
    {
      "type": "Feature",
      "geometry": {
        "type": "Point",
        "coordinates": [
          168.15,
          -16.11667
        ]
      },
      "properties": {
        "name": "Tobol",
        "placetype": "Locality",
        "population": null,
        "country": "VU",
        "wikidata_id": "",
        "locality_id": "1327416015"
      }
    },
    {
      "type": "Feature",
      "geometry": {
        "type": "Point",
        "coordinates": [
          169.26667,
          -19.43333
        ]
      },
      "properties": {
        "name": "Looukeureus",
        "placetype": "Locality",
        "population": null,
        "country": "VU",
        "wikidata_id": "",
        "locality_id": "1327416667"
      }
    },
    {
      "type": "Feature",
      "geometry": {
        "type": "Point",
        "coordinates": [
          166.9,
          -15.48333
        ]
      },
      "properties": {
        "name": "Naroutoli",
        "placetype": "Locality",
        "population": null,
        "country": "VU",
        "wikidata_id": "",
        "locality_id": "1327420103"
      }
    },
    {
      "type": "Feature",
      "geometry": {
        "type": "Point",
        "coordinates": [
          167.45,
          -14.21667
        ]
      },
      "properties": {
        "name": "Vatles",
        "placetype": "Locality",
        "population": null,
        "country": "VU",
        "wikidata_id": "",
        "locality_id": "1327428587"
      }
    },
    {
      "type": "Feature",
      "geometry": {
        "type": "Point",
        "coordinates": [
          167.96667,
          -15.28333
        ]
      },
      "properties": {
        "name": "Lolowai",
        "placetype": "Locality",
        "population": null,
        "country": "VU",
        "wikidata_id": "",
        "locality_id": "1327497009"
      }
    },
    {
      "type": "Feature",
      "geometry": {
        "type": "Point",
        "coordinates": [
          168.32089,
          -17.76916
        ]
      },
      "properties": {
        "name": "Nanguile",
        "placetype": "Locality",
        "population": null,
        "country": "VU",
        "wikidata_id": "",
        "locality_id": "1343228359"
      }
    },
    {
      "type": "Feature",
      "geometry": {
        "type": "Point",
        "coordinates": [
          167.93333,
          -15.35
        ]
      },
      "properties": {
        "name": "Lowounbouga",
        "placetype": "Locality",
        "population": null,
        "country": "VU",
        "wikidata_id": "",
        "locality_id": "1343233565"
      }
    },
    {
      "type": "Feature",
      "geometry": {
        "type": "Point",
        "coordinates": [
          168.21667,
          -16.51667
        ]
      },
      "properties": {
        "name": "Ignal",
        "placetype": "Locality",
        "population": null,
        "country": "VU",
        "wikidata_id": "",
        "locality_id": "1343234563"
      }
    },
    {
      "type": "Feature",
      "geometry": {
        "type": "Point",
        "coordinates": [
          169.3,
          -19.43333
        ]
      },
      "properties": {
        "name": "Laroup",
        "placetype": "Locality",
        "population": null,
        "country": "VU",
        "wikidata_id": "",
        "locality_id": "1343235305"
      }
    },
    {
      "type": "Feature",
      "geometry": {
        "type": "Point",
        "coordinates": [
          168.30056,
          -17.73333
        ]
      },
      "properties": {
        "name": "Melcofe",
        "placetype": "Locality",
        "population": null,
        "country": "VU",
        "wikidata_id": "",
        "locality_id": "1343237843"
      }
    },
    {
      "type": "Feature",
      "geometry": {
        "type": "Point",
        "coordinates": [
          167.03333,
          -15.2
        ]
      },
      "properties": {
        "name": "Lowerie",
        "placetype": "Locality",
        "population": null,
        "country": "VU",
        "wikidata_id": "",
        "locality_id": "1343238565"
      }
    },
    {
      "type": "Feature",
      "geometry": {
        "type": "Point",
        "coordinates": [
          167.65,
          -16.51667
        ]
      },
      "properties": {
        "name": "Akam",
        "placetype": "Locality",
        "population": null,
        "country": "VU",
        "wikidata_id": "",
        "locality_id": "1343244251"
      }
    },
    {
      "type": "Feature",
      "geometry": {
        "type": "Point",
        "coordinates": [
          166.65,
          -15.21667
        ]
      },
      "properties": {
        "name": "Tasmat",
        "placetype": "Locality",
        "population": null,
        "country": "VU",
        "wikidata_id": "",
        "locality_id": "1343248315"
      }
    },
    {
      "type": "Feature",
      "geometry": {
        "type": "Point",
        "coordinates": [
          166.63868,
          -13.34865
        ]
      },
      "properties": {
        "name": "Rinuhe",
        "placetype": "Locality",
        "population": null,
        "country": "VU",
        "wikidata_id": "",
        "locality_id": "1343272323"
      }
    },
    {
      "type": "Feature",
      "geometry": {
        "type": "Point",
        "coordinates": [
          166.64337,
          -13.36549
        ]
      },
      "properties": {
        "name": "Vipaka",
        "placetype": "Locality",
        "population": null,
        "country": "VU",
        "wikidata_id": "",
        "locality_id": "1343283367"
      }
    },
    {
      "type": "Feature",
      "geometry": {
        "type": "Point",
        "coordinates": [
          168.35,
          -17.76667
        ]
      },
      "properties": {
        "name": "Le Lagon",
        "placetype": "Locality",
        "population": null,
        "country": "VU",
        "wikidata_id": "",
        "locality_id": "1343327905"
      }
    },
    {
      "type": "Feature",
      "geometry": {
        "type": "Point",
        "coordinates": [
          168.31667,
          -16.73333
        ]
      },
      "properties": {
        "name": "Leblia",
        "placetype": "Locality",
        "population": null,
        "country": "VU",
        "wikidata_id": "",
        "locality_id": "1343327917"
      }
    },
    {
      "type": "Feature",
      "geometry": {
        "type": "Point",
        "coordinates": [
          168.13333,
          -16.66667
        ]
      },
      "properties": {
        "name": "Bonkowia",
        "placetype": "Locality",
        "population": null,
        "country": "VU",
        "wikidata_id": "",
        "locality_id": "1343327925"
      }
    },
    {
      "type": "Feature",
      "geometry": {
        "type": "Point",
        "coordinates": [
          166.8,
          -15.43333
        ]
      },
      "properties": {
        "name": "Loloikala",
        "placetype": "Locality",
        "population": null,
        "country": "VU",
        "wikidata_id": "",
        "locality_id": "1343333067"
      }
    },
    {
      "type": "Feature",
      "geometry": {
        "type": "Point",
        "coordinates": [
          168.1,
          -15.1
        ]
      },
      "properties": {
        "name": "Saritamata",
        "placetype": "Locality",
        "population": null,
        "country": "VU",
        "wikidata_id": "",
        "locality_id": "1343333101"
      }
    },
    {
      "type": "Feature",
      "geometry": {
        "type": "Point",
        "coordinates": [
          168.13333,
          -15.71667
        ]
      },
      "properties": {
        "name": "Wourewerep",
        "placetype": "Locality",
        "population": null,
        "country": "VU",
        "wikidata_id": "",
        "locality_id": "1343333139"
      }
    },
    {
      "type": "Feature",
      "geometry": {
        "type": "Point",
        "coordinates": [
          167.45,
          -16.15
        ]
      },
      "properties": {
        "name": "Port-Stanley",
        "placetype": "Locality",
        "population": null,
        "country": "VU",
        "wikidata_id": "",
        "locality_id": "1343334175"
      }
    },
    {
      "type": "Feature",
      "geometry": {
        "type": "Point",
        "coordinates": [
          169.45,
          -19.61667
        ]
      },
      "properties": {
        "name": "Imareukak",
        "placetype": "Locality",
        "population": null,
        "country": "VU",
        "wikidata_id": "",
        "locality_id": "1343334777"
      }
    },
    {
      "type": "Feature",
      "geometry": {
        "type": "Point",
        "coordinates": [
          166.98333,
          -15.38333
        ]
      },
      "properties": {
        "name": "Tatafo",
        "placetype": "Locality",
        "population": null,
        "country": "VU",
        "wikidata_id": "",
        "locality_id": "1343341051"
      }
    },
    {
      "type": "Feature",
      "geometry": {
        "type": "Point",
        "coordinates": [
          169.31667,
          -19.5
        ]
      },
      "properties": {
        "name": "Lakinasouman",
        "placetype": "Locality",
        "population": null,
        "country": "VU",
        "wikidata_id": "",
        "locality_id": "1343344325"
      }
    },
    {
      "type": "Feature",
      "geometry": {
        "type": "Point",
        "coordinates": [
          169.83333,
          -20.15
        ]
      },
      "properties": {
        "name": "Anegen",
        "placetype": "Locality",
        "population": null,
        "country": "VU",
        "wikidata_id": "",
        "locality_id": "1343344433"
      }
    },
    {
      "type": "Feature",
      "geometry": {
        "type": "Point",
        "coordinates": [
          166.61667,
          -15.01667
        ]
      },
      "properties": {
        "name": "Pouriawot",
        "placetype": "Locality",
        "population": null,
        "country": "VU",
        "wikidata_id": "",
        "locality_id": "1343347755"
      }
    },
    {
      "type": "Feature",
      "geometry": {
        "type": "Point",
        "coordinates": [
          167.29673,
          -13.52298
        ]
      },
      "properties": {
        "name": "Lehali",
        "placetype": "Locality",
        "population": null,
        "country": "VU",
        "wikidata_id": "",
        "locality_id": "1343368965"
      }
    },
    {
      "type": "Feature",
      "geometry": {
        "type": "Point",
        "coordinates": [
          168.45,
          -17.8
        ]
      },
      "properties": {
        "name": "Rive Yan",
        "placetype": "Locality",
        "population": null,
        "country": "VU",
        "wikidata_id": "",
        "locality_id": "1343427163"
      }
    },
    {
      "type": "Feature",
      "geometry": {
        "type": "Point",
        "coordinates": [
          169.58333,
          -19.26667
        ]
      },
      "properties": {
        "name": "Imale",
        "placetype": "Locality",
        "population": null,
        "country": "VU",
        "wikidata_id": "",
        "locality_id": "1343434079"
      }
    },
    {
      "type": "Feature",
      "geometry": {
        "type": "Point",
        "coordinates": [
          169.38333,
          -19.48333
        ]
      },
      "properties": {
        "name": "Looutopounga",
        "placetype": "Locality",
        "population": null,
        "country": "VU",
        "wikidata_id": "",
        "locality_id": "1343434081"
      }
    },
    {
      "type": "Feature",
      "geometry": {
        "type": "Point",
        "coordinates": [
          169.41667,
          -19.48333
        ]
      },
      "properties": {
        "name": "Yanamahou",
        "placetype": "Locality",
        "population": null,
        "country": "VU",
        "wikidata_id": "",
        "locality_id": "1343434191"
      }
    },
    {
      "type": "Feature",
      "geometry": {
        "type": "Point",
        "coordinates": [
          168.29222,
          -17.75016
        ]
      },
      "properties": {
        "name": "Nokosake",
        "placetype": "Locality",
        "population": null,
        "country": "VU",
        "wikidata_id": "",
        "locality_id": "1343436807"
      }
    },
    {
      "type": "Feature",
      "geometry": {
        "type": "Point",
        "coordinates": [
          166.76667,
          -15.65
        ]
      },
      "properties": {
        "name": "Erevoulay",
        "placetype": "Locality",
        "population": null,
        "country": "VU",
        "wikidata_id": "",
        "locality_id": "1343437485"
      }
    },
    {
      "type": "Feature",
      "geometry": {
        "type": "Point",
        "coordinates": [
          167.08333,
          -15.68333
        ]
      },
      "properties": {
        "name": "Aravida",
        "placetype": "Locality",
        "population": null,
        "country": "VU",
        "wikidata_id": "",
        "locality_id": "1343440371"
      }
    },
    {
      "type": "Feature",
      "geometry": {
        "type": "Point",
        "coordinates": [
          167.58333,
          -16.21667
        ]
      },
      "properties": {
        "name": "Batambou",
        "placetype": "Locality",
        "population": null,
        "country": "VU",
        "wikidata_id": "",
        "locality_id": "1343443119"
      }
    },
    {
      "type": "Feature",
      "geometry": {
        "type": "Point",
        "coordinates": [
          169.43333,
          -19.51667
        ]
      },
      "properties": {
        "name": "White Sands",
        "placetype": "Locality",
        "population": null,
        "country": "VU",
        "wikidata_id": "",
        "locality_id": "1343443817"
      }
    },
    {
      "type": "Feature",
      "geometry": {
        "type": "Point",
        "coordinates": [
          167.7,
          -13.85
        ]
      },
      "properties": {
        "name": "Tavoloua",
        "placetype": "Locality",
        "population": null,
        "country": "VU",
        "wikidata_id": "",
        "locality_id": "1343482545"
      }
    },
    {
      "type": "Feature",
      "geometry": {
        "type": "Point",
        "coordinates": [
          168.5,
          -17.61667
        ]
      },
      "properties": {
        "name": "Ebao",
        "placetype": "Locality",
        "population": null,
        "country": "VU",
        "wikidata_id": "",
        "locality_id": "1343524511"
      }
    },
    {
      "type": "Feature",
      "geometry": {
        "type": "Point",
        "coordinates": [
          168.18333,
          -17.75
        ]
      },
      "properties": {
        "name": "Pangona",
        "placetype": "Locality",
        "population": null,
        "country": "VU",
        "wikidata_id": "",
        "locality_id": "1343524523"
      }
    },
    {
      "type": "Feature",
      "geometry": {
        "type": "Point",
        "coordinates": [
          168.15,
          -16.75
        ]
      },
      "properties": {
        "name": "Mae-Morae",
        "placetype": "Locality",
        "population": null,
        "country": "VU",
        "wikidata_id": "",
        "locality_id": "1343524613"
      }
    },
    {
      "type": "Feature",
      "geometry": {
        "type": "Point",
        "coordinates": [
          168.11667,
          -15.68333
        ]
      },
      "properties": {
        "name": "Legal",
        "placetype": "Locality",
        "population": null,
        "country": "VU",
        "wikidata_id": "",
        "locality_id": "1343524993"
      }
    },
    {
      "type": "Feature",
      "geometry": {
        "type": "Point",
        "coordinates": [
          168.13333,
          -15.6
        ]
      },
      "properties": {
        "name": "Bouegou",
        "placetype": "Locality",
        "population": null,
        "country": "VU",
        "wikidata_id": "",
        "locality_id": "1343525007"
      }
    },
    {
      "type": "Feature",
      "geometry": {
        "type": "Point",
        "coordinates": [
          169.38333,
          -19.51667
        ]
      },
      "properties": {
        "name": "Ipenyen",
        "placetype": "Locality",
        "population": null,
        "country": "VU",
        "wikidata_id": "",
        "locality_id": "1343531733"
      }
    },
    {
      "type": "Feature",
      "geometry": {
        "type": "Point",
        "coordinates": [
          166.71667,
          -14.8
        ]
      },
      "properties": {
        "name": "Wounpipi",
        "placetype": "Locality",
        "population": null,
        "country": "VU",
        "wikidata_id": "",
        "locality_id": "1343532711"
      }
    },
    {
      "type": "Feature",
      "geometry": {
        "type": "Point",
        "coordinates": [
          168.13333,
          -15.71667
        ]
      },
      "properties": {
        "name": "Vatowasis",
        "placetype": "Locality",
        "population": null,
        "country": "VU",
        "wikidata_id": "",
        "locality_id": "1343532791"
      }
    },
    {
      "type": "Feature",
      "geometry": {
        "type": "Point",
        "coordinates": [
          167.96667,
          -15.31667
        ]
      },
      "properties": {
        "name": "Mataravi",
        "placetype": "Locality",
        "population": null,
        "country": "VU",
        "wikidata_id": "",
        "locality_id": "1343532819"
      }
    },
    {
      "type": "Feature",
      "geometry": {
        "type": "Point",
        "coordinates": [
          168.16667,
          -15.71667
        ]
      },
      "properties": {
        "name": "Lemalda",
        "placetype": "Locality",
        "population": null,
        "country": "VU",
        "wikidata_id": "",
        "locality_id": "1343532821"
      }
    },
    {
      "type": "Feature",
      "geometry": {
        "type": "Point",
        "coordinates": [
          167.36667,
          -16.35
        ]
      },
      "properties": {
        "name": "Tavendroua",
        "placetype": "Locality",
        "population": null,
        "country": "VU",
        "wikidata_id": "",
        "locality_id": "1343533767"
      }
    },
    {
      "type": "Feature",
      "geometry": {
        "type": "Point",
        "coordinates": [
          169.1328,
          -18.93982
        ]
      },
      "properties": {
        "name": "Potiraousak",
        "placetype": "Locality",
        "population": null,
        "country": "VU",
        "wikidata_id": "",
        "locality_id": "1343534509"
      }
    },
    {
      "type": "Feature",
      "geometry": {
        "type": "Point",
        "coordinates": [
          168.13333,
          -15.73333
        ]
      },
      "properties": {
        "name": "Melsisi",
        "placetype": "Locality",
        "population": null,
        "country": "VU",
        "wikidata_id": "",
        "locality_id": "1343537653"
      }
    },
    {
      "type": "Feature",
      "geometry": {
        "type": "Point",
        "coordinates": [
          167.95,
          -15.33333
        ]
      },
      "properties": {
        "name": "Lowountawor",
        "placetype": "Locality",
        "population": null,
        "country": "VU",
        "wikidata_id": "",
        "locality_id": "1343537661"
      }
    },
    {
      "type": "Feature",
      "geometry": {
        "type": "Point",
        "coordinates": [
          166.76667,
          -15.4
        ]
      },
      "properties": {
        "name": "Saktouy",
        "placetype": "Locality",
        "population": null,
        "country": "VU",
        "wikidata_id": "",
        "locality_id": "1343537735"
      }
    },
    {
      "type": "Feature",
      "geometry": {
        "type": "Point",
        "coordinates": [
          166.65491,
          -15.39312
        ]
      },
      "properties": {
        "name": "Linduri",
        "placetype": "Locality",
        "population": null,
        "country": "VU",
        "wikidata_id": "",
        "locality_id": "1343571333"
      }
    },
    {
      "type": "Feature",
      "geometry": {
        "type": "Point",
        "coordinates": [
          168.3635,
          -17.78555
        ]
      },
      "properties": {
        "name": "Eratap",
        "placetype": "Locality",
        "population": null,
        "country": "VU",
        "wikidata_id": "",
        "locality_id": "1343579745"
      }
    },
    {
      "type": "Feature",
      "geometry": {
        "type": "Point",
        "coordinates": [
          167.43203,
          -16.49889
        ]
      },
      "properties": {
        "name": "Lamengo",
        "placetype": "Locality",
        "population": null,
        "country": "VU",
        "wikidata_id": "",
        "locality_id": "1343633891"
      }
    },
    {
      "type": "Feature",
      "geometry": {
        "type": "Point",
        "coordinates": [
          168.28333,
          -16.3
        ]
      },
      "properties": {
        "name": "Matie",
        "placetype": "Locality",
        "population": null,
        "country": "VU",
        "wikidata_id": "",
        "locality_id": "1343633905"
      }
    },
    {
      "type": "Feature",
      "geometry": {
        "type": "Point",
        "coordinates": [
          167.9,
          -15.31667
        ]
      },
      "properties": {
        "name": "Lolosori",
        "placetype": "Locality",
        "population": null,
        "country": "VU",
        "wikidata_id": "",
        "locality_id": "1343637633"
      }
    },
    {
      "type": "Feature",
      "geometry": {
        "type": "Point",
        "coordinates": [
          168.13333,
          -15.76667
        ]
      },
      "properties": {
        "name": "Vansemakoul",
        "placetype": "Locality",
        "population": null,
        "country": "VU",
        "wikidata_id": "",
        "locality_id": "1343637709"
      }
    },
    {
      "type": "Feature",
      "geometry": {
        "type": "Point",
        "coordinates": [
          167.91667,
          -16.23333
        ]
      },
      "properties": {
        "name": "Wakon",
        "placetype": "Locality",
        "population": null,
        "country": "VU",
        "wikidata_id": "",
        "locality_id": "1343643855"
      }
    },
    {
      "type": "Feature",
      "geometry": {
        "type": "Point",
        "coordinates": [
          169.28333,
          -19.36667
        ]
      },
      "properties": {
        "name": "Eniou",
        "placetype": "Locality",
        "population": null,
        "country": "VU",
        "wikidata_id": "",
        "locality_id": "1343644401"
      }
    },
    {
      "type": "Feature",
      "geometry": {
        "type": "Point",
        "coordinates": [
          169.46667,
          -19.55
        ]
      },
      "properties": {
        "name": "Ombous",
        "placetype": "Locality",
        "population": null,
        "country": "VU",
        "wikidata_id": "",
        "locality_id": "1343644465"
      }
    },
    {
      "type": "Feature",
      "geometry": {
        "type": "Point",
        "coordinates": [
          166.85,
          -15.16667
        ]
      },
      "properties": {
        "name": "Malao",
        "placetype": "Locality",
        "population": null,
        "country": "VU",
        "wikidata_id": "",
        "locality_id": "1343647837"
      }
    },
    {
      "type": "Feature",
      "geometry": {
        "type": "Point",
        "coordinates": [
          166.56667,
          -14.7
        ]
      },
      "properties": {
        "name": "Wunpuko",
        "placetype": "Locality",
        "population": null,
        "country": "VU",
        "wikidata_id": "",
        "locality_id": "1343647893"
      }
    },
    {
      "type": "Feature",
      "geometry": {
        "type": "Point",
        "coordinates": [
          166.81667,
          -15.43333
        ]
      },
      "properties": {
        "name": "Namalao",
        "placetype": "Locality",
        "population": null,
        "country": "VU",
        "wikidata_id": "",
        "locality_id": "1343647955"
      }
    },
    {
      "type": "Feature",
      "geometry": {
        "type": "Point",
        "coordinates": [
          166.79431,
          -14.98642
        ]
      },
      "properties": {
        "name": "Peavot",
        "placetype": "Locality",
        "population": null,
        "country": "VU",
        "wikidata_id": "",
        "locality_id": "1343671673"
      }
    },
    {
      "type": "Feature",
      "geometry": {
        "type": "Point",
        "coordinates": [
          168.28333,
          -16.3
        ]
      },
      "properties": {
        "name": "Sameo",
        "placetype": "Locality",
        "population": null,
        "country": "VU",
        "wikidata_id": "",
        "locality_id": "1343731769"
      }
    },
    {
      "type": "Feature",
      "geometry": {
        "type": "Point",
        "coordinates": [
          168.13333,
          -16.13333
        ]
      },
      "properties": {
        "name": "Fanla",
        "placetype": "Locality",
        "population": null,
        "country": "VU",
        "wikidata_id": "",
        "locality_id": "1343734675"
      }
    },
    {
      "type": "Feature",
      "geometry": {
        "type": "Point",
        "coordinates": [
          168.36667,
          -17.45
        ]
      },
      "properties": {
        "name": "Rewoka Namalachi",
        "placetype": "Locality",
        "population": null,
        "country": "VU",
        "wikidata_id": "",
        "locality_id": "1343738193"
      }
    },
    {
      "type": "Feature",
      "geometry": {
        "type": "Point",
        "coordinates": [
          167.93333,
          -15.36667
        ]
      },
      "properties": {
        "name": "Lonbwelo",
        "placetype": "Locality",
        "population": null,
        "country": "VU",
        "wikidata_id": "",
        "locality_id": "1343738455"
      }
    },
    {
      "type": "Feature",
      "geometry": {
        "type": "Point",
        "coordinates": [
          166.85,
          -15.36667
        ]
      },
      "properties": {
        "name": "Lametin",
        "placetype": "Locality",
        "population": null,
        "country": "VU",
        "wikidata_id": "",
        "locality_id": "1343738697"
      }
    },
    {
      "type": "Feature",
      "geometry": {
        "type": "Point",
        "coordinates": [
          167.1,
          -15.15
        ]
      },
      "properties": {
        "name": "Lokoten",
        "placetype": "Locality",
        "population": null,
        "country": "VU",
        "wikidata_id": "",
        "locality_id": "1343738723"
      }
    },
    {
      "type": "Feature",
      "geometry": {
        "type": "Point",
        "coordinates": [
          166.78333,
          -15.41667
        ]
      },
      "properties": {
        "name": "Viniou",
        "placetype": "Locality",
        "population": null,
        "country": "VU",
        "wikidata_id": "",
        "locality_id": "1343741603"
      }
    },
    {
      "type": "Feature",
      "geometry": {
        "type": "Point",
        "coordinates": [
          166.81667,
          -15.43333
        ]
      },
      "properties": {
        "name": "Navoutiloui",
        "placetype": "Locality",
        "population": null,
        "country": "VU",
        "wikidata_id": "",
        "locality_id": "1343741655"
      }
    },
    {
      "type": "Feature",
      "geometry": {
        "type": "Point",
        "coordinates": [
          168.1,
          -16.16667
        ]
      },
      "properties": {
        "name": "Tellit",
        "placetype": "Locality",
        "population": null,
        "country": "VU",
        "wikidata_id": "",
        "locality_id": "1343744237"
      }
    },
    {
      "type": "Feature",
      "geometry": {
        "type": "Point",
        "coordinates": [
          169.85181,
          -20.24678
        ]
      },
      "properties": {
        "name": "Oumetch",
        "placetype": "Locality",
        "population": null,
        "country": "VU",
        "wikidata_id": "",
        "locality_id": "1343744925"
      }
    },
    {
      "type": "Feature",
      "geometry": {
        "type": "Point",
        "coordinates": [
          166.75,
          -14.96667
        ]
      },
      "properties": {
        "name": "Dalotaropou",
        "placetype": "Locality",
        "population": null,
        "country": "VU",
        "wikidata_id": "",
        "locality_id": "1343748147"
      }
    },
    {
      "type": "Feature",
      "geometry": {
        "type": "Point",
        "coordinates": [
          168.36667,
          -17.78333
        ]
      },
      "properties": {
        "name": "Poussabier",
        "placetype": "Locality",
        "population": null,
        "country": "VU",
        "wikidata_id": "",
        "locality_id": "1343821159"
      }
    },
    {
      "type": "Feature",
      "geometry": {
        "type": "Point",
        "coordinates": [
          167.85,
          -15.31667
        ]
      },
      "properties": {
        "name": "Lowainasasa",
        "placetype": "Locality",
        "population": null,
        "country": "VU",
        "wikidata_id": "",
        "locality_id": "1343821457"
      }
    },
    {
      "type": "Feature",
      "geometry": {
        "type": "Point",
        "coordinates": [
          168.15,
          -15.7
        ]
      },
      "properties": {
        "name": "Lerasangoul",
        "placetype": "Locality",
        "population": null,
        "country": "VU",
        "wikidata_id": "",
        "locality_id": "1343821549"
      }
    },
    {
      "type": "Feature",
      "geometry": {
        "type": "Point",
        "coordinates": [
          168.05,
          -14.93333
        ]
      },
      "properties": {
        "name": "Namoumou",
        "placetype": "Locality",
        "population": null,
        "country": "VU",
        "wikidata_id": "",
        "locality_id": "1343821579"
      }
    },
    {
      "type": "Feature",
      "geometry": {
        "type": "Point",
        "coordinates": [
          168.36667,
          -17.46667
        ]
      },
      "properties": {
        "name": "Malaliou",
        "placetype": "Locality",
        "population": null,
        "country": "VU",
        "wikidata_id": "",
        "locality_id": "1343824105"
      }
    },
    {
      "type": "Feature",
      "geometry": {
        "type": "Point",
        "coordinates": [
          168.13333,
          -16.11667
        ]
      },
      "properties": {
        "name": "Likon",
        "placetype": "Locality",
        "population": null,
        "country": "VU",
        "wikidata_id": "",
        "locality_id": "1343827433"
      }
    },
    {
      "type": "Feature",
      "geometry": {
        "type": "Point",
        "coordinates": [
          167.36667,
          -15.98333
        ]
      },
      "properties": {
        "name": "Wortatcha",
        "placetype": "Locality",
        "population": null,
        "country": "VU",
        "wikidata_id": "",
        "locality_id": "1343827499"
      }
    },
    {
      "type": "Feature",
      "geometry": {
        "type": "Point",
        "coordinates": [
          168.13333,
          -15.55
        ]
      },
      "properties": {
        "name": "Latano",
        "placetype": "Locality",
        "population": null,
        "country": "VU",
        "wikidata_id": "",
        "locality_id": "1343834291"
      }
    },
    {
      "type": "Feature",
      "geometry": {
        "type": "Point",
        "coordinates": [
          166.78333,
          -15.41667
        ]
      },
      "properties": {
        "name": "Namarao",
        "placetype": "Locality",
        "population": null,
        "country": "VU",
        "wikidata_id": "",
        "locality_id": "1343834429"
      }
    },
    {
      "type": "Feature",
      "geometry": {
        "type": "Point",
        "coordinates": [
          166.88333,
          -15.55
        ]
      },
      "properties": {
        "name": "Makatambo",
        "placetype": "Locality",
        "population": null,
        "country": "VU",
        "wikidata_id": "",
        "locality_id": "1343834441"
      }
    },
    {
      "type": "Feature",
      "geometry": {
        "type": "Point",
        "coordinates": [
          166.8,
          -15.35
        ]
      },
      "properties": {
        "name": "Rata",
        "placetype": "Locality",
        "population": null,
        "country": "VU",
        "wikidata_id": "",
        "locality_id": "1343834455"
      }
    },
    {
      "type": "Feature",
      "geometry": {
        "type": "Point",
        "coordinates": [
          168.25531,
          -16.44823
        ]
      },
      "properties": {
        "name": "Louli",
        "placetype": "Locality",
        "population": null,
        "country": "VU",
        "wikidata_id": "",
        "locality_id": "1343840127"
      }
    },
    {
      "type": "Feature",
      "geometry": {
        "type": "Point",
        "coordinates": [
          169.31667,
          -19.38333
        ]
      },
      "properties": {
        "name": "Lomwanapiep",
        "placetype": "Locality",
        "population": null,
        "country": "VU",
        "wikidata_id": "",
        "locality_id": "1343840729"
      }
    },
    {
      "type": "Feature",
      "geometry": {
        "type": "Point",
        "coordinates": [
          166.83333,
          -15.48333
        ]
      },
      "properties": {
        "name": "Vatounaki",
        "placetype": "Locality",
        "population": null,
        "country": "VU",
        "wikidata_id": "",
        "locality_id": "1343844411"
      }
    },
    {
      "type": "Feature",
      "geometry": {
        "type": "Point",
        "coordinates": [
          166.58423,
          -13.12688
        ]
      },
      "properties": {
        "name": "Yoegevigemene",
        "placetype": "Locality",
        "population": null,
        "country": "VU",
        "wikidata_id": "",
        "locality_id": "1343849801"
      }
    },
    {
      "type": "Feature",
      "geometry": {
        "type": "Point",
        "coordinates": [
          168.11667,
          -15.26667
        ]
      },
      "properties": {
        "name": "Baitora",
        "placetype": "Locality",
        "population": null,
        "country": "VU",
        "wikidata_id": "",
        "locality_id": "1343921631"
      }
    },
    {
      "type": "Feature",
      "geometry": {
        "type": "Point",
        "coordinates": [
          167.99392,
          -16.28751
        ]
      },
      "properties": {
        "name": "Yaotilie",
        "placetype": "Locality",
        "population": null,
        "country": "VU",
        "wikidata_id": "",
        "locality_id": "1343927425"
      }
    },
    {
      "type": "Feature",
      "geometry": {
        "type": "Point",
        "coordinates": [
          167.21667,
          -16.15
        ]
      },
      "properties": {
        "name": "Ellarmo",
        "placetype": "Locality",
        "population": null,
        "country": "VU",
        "wikidata_id": "",
        "locality_id": "1343927517"
      }
    },
    {
      "type": "Feature",
      "geometry": {
        "type": "Point",
        "coordinates": [
          167.56667,
          -16.2
        ]
      },
      "properties": {
        "name": "Naram",
        "placetype": "Locality",
        "population": null,
        "country": "VU",
        "wikidata_id": "",
        "locality_id": "1343927519"
      }
    },
    {
      "type": "Feature",
      "geometry": {
        "type": "Point",
        "coordinates": [
          169.36667,
          -19.48333
        ]
      },
      "properties": {
        "name": "Leumanggoviati",
        "placetype": "Locality",
        "population": null,
        "country": "VU",
        "wikidata_id": "",
        "locality_id": "1343928149"
      }
    },
    {
      "type": "Feature",
      "geometry": {
        "type": "Point",
        "coordinates": [
          168.26667,
          -15.88333
        ]
      },
      "properties": {
        "name": "Goulouf",
        "placetype": "Locality",
        "population": null,
        "country": "VU",
        "wikidata_id": "",
        "locality_id": "1343934069"
      }
    },
    {
      "type": "Feature",
      "geometry": {
        "type": "Point",
        "coordinates": [
          168.16667,
          -15.68333
        ]
      },
      "properties": {
        "name": "Level",
        "placetype": "Locality",
        "population": null,
        "country": "VU",
        "wikidata_id": "",
        "locality_id": "1343934103"
      }
    },
    {
      "type": "Feature",
      "geometry": {
        "type": "Point",
        "coordinates": [
          167.18333,
          -15.35
        ]
      },
      "properties": {
        "name": "Vitouara",
        "placetype": "Locality",
        "population": null,
        "country": "VU",
        "wikidata_id": "",
        "locality_id": "1343934267"
      }
    },
    {
      "type": "Feature",
      "geometry": {
        "type": "Point",
        "coordinates": [
          169.45,
          -19.6
        ]
      },
      "properties": {
        "name": "Imaki",
        "placetype": "Locality",
        "population": null,
        "country": "VU",
        "wikidata_id": "",
        "locality_id": "1343940629"
      }
    },
    {
      "type": "Feature",
      "geometry": {
        "type": "Point",
        "coordinates": [
          166.75,
          -15.08333
        ]
      },
      "properties": {
        "name": "Piapieo",
        "placetype": "Locality",
        "population": null,
        "country": "VU",
        "wikidata_id": "",
        "locality_id": "1343944045"
      }
    },
    {
      "type": "Feature",
      "geometry": {
        "type": "Point",
        "coordinates": [
          167.2,
          -15.75
        ]
      },
      "properties": {
        "name": "Antaripoi",
        "placetype": "Locality",
        "population": null,
        "country": "VU",
        "wikidata_id": "",
        "locality_id": "1343944059"
      }
    },
    {
      "type": "Feature",
      "geometry": {
        "type": "Point",
        "coordinates": [
          166.81667,
          -15.31667
        ]
      },
      "properties": {
        "name": "Bounanbaga",
        "placetype": "Locality",
        "population": null,
        "country": "VU",
        "wikidata_id": "",
        "locality_id": "1343944083"
      }
    },
    {
      "type": "Feature",
      "geometry": {
        "type": "Point",
        "coordinates": [
          167.08333,
          -15.48333
        ]
      },
      "properties": {
        "name": "Tembotalo",
        "placetype": "Locality",
        "population": null,
        "country": "VU",
        "wikidata_id": "",
        "locality_id": "1343944273"
      }
    },
    {
      "type": "Feature",
      "geometry": {
        "type": "Point",
        "coordinates": [
          167.59827,
          -14.3007
        ]
      },
      "properties": {
        "name": "Lebal",
        "placetype": "Locality",
        "population": null,
        "country": "VU",
        "wikidata_id": "",
        "locality_id": "1343973115"
      }
    },
    {
      "type": "Feature",
      "geometry": {
        "type": "Point",
        "coordinates": [
          167.53333,
          -14.36667
        ]
      },
      "properties": {
        "name": "Avtitnan",
        "placetype": "Locality",
        "population": null,
        "country": "VU",
        "wikidata_id": "",
        "locality_id": "1343979187"
      }
    },
    {
      "type": "Feature",
      "geometry": {
        "type": "Point",
        "coordinates": [
          167.66667,
          -15.43333
        ]
      },
      "properties": {
        "name": "Erano",
        "placetype": "Locality",
        "population": null,
        "country": "VU",
        "wikidata_id": "",
        "locality_id": "1344021667"
      }
    },
    {
      "type": "Feature",
      "geometry": {
        "type": "Point",
        "coordinates": [
          168.13333,
          -16.6
        ]
      },
      "properties": {
        "name": "Ngalovasoro",
        "placetype": "Locality",
        "population": null,
        "country": "VU",
        "wikidata_id": "",
        "locality_id": "1344024241"
      }
    },
    {
      "type": "Feature",
      "geometry": {
        "type": "Point",
        "coordinates": [
          167.51667,
          -16.23333
        ]
      },
      "properties": {
        "name": "Limap",
        "placetype": "Locality",
        "population": null,
        "country": "VU",
        "wikidata_id": "",
        "locality_id": "1344030335"
      }
    },
    {
      "type": "Feature",
      "geometry": {
        "type": "Point",
        "coordinates": [
          168.26667,
          -16.8
        ]
      },
      "properties": {
        "name": "Votlo",
        "placetype": "Locality",
        "population": null,
        "country": "VU",
        "wikidata_id": "",
        "locality_id": "1344033463"
      }
    },
    {
      "type": "Feature",
      "geometry": {
        "type": "Point",
        "coordinates": [
          168.11667,
          -15.65
        ]
      },
      "properties": {
        "name": "Woinkoni",
        "placetype": "Locality",
        "population": null,
        "country": "VU",
        "wikidata_id": "",
        "locality_id": "1344033919"
      }
    },
    {
      "type": "Feature",
      "geometry": {
        "type": "Point",
        "coordinates": [
          169.41667,
          -19.56667
        ]
      },
      "properties": {
        "name": "Ikouroup",
        "placetype": "Locality",
        "population": null,
        "country": "VU",
        "wikidata_id": "",
        "locality_id": "1344040483"
      }
    },
    {
      "type": "Feature",
      "geometry": {
        "type": "Point",
        "coordinates": [
          168.18705,
          -15.58879
        ]
      },
      "properties": {
        "name": "Renbura",
        "placetype": "Locality",
        "population": null,
        "country": "VU",
        "wikidata_id": "",
        "locality_id": "1344067053"
      }
    },
    {
      "type": "Feature",
      "geometry": {
        "type": "Point",
        "coordinates": [
          167.41667,
          -14.3
        ]
      },
      "properties": {
        "name": "Ontar",
        "placetype": "Locality",
        "population": null,
        "country": "VU",
        "wikidata_id": "",
        "locality_id": "1344078313"
      }
    },
    {
      "type": "Feature",
      "geometry": {
        "type": "Point",
        "coordinates": [
          168.53333,
          -16.91667
        ]
      },
      "properties": {
        "name": "Safiou",
        "placetype": "Locality",
        "population": null,
        "country": "VU",
        "wikidata_id": "",
        "locality_id": "1344120117"
      }
    },
    {
      "type": "Feature",
      "geometry": {
        "type": "Point",
        "coordinates": [
          168.16667,
          -15.9
        ]
      },
      "properties": {
        "name": "Rano",
        "placetype": "Locality",
        "population": null,
        "country": "VU",
        "wikidata_id": "",
        "locality_id": "1344120481"
      }
    },
    {
      "type": "Feature",
      "geometry": {
        "type": "Point",
        "coordinates": [
          167.78333,
          -15.35
        ]
      },
      "properties": {
        "name": "Vatoukampani",
        "placetype": "Locality",
        "population": null,
        "country": "VU",
        "wikidata_id": "",
        "locality_id": "1344120491"
      }
    },
    {
      "type": "Feature",
      "geometry": {
        "type": "Point",
        "coordinates": [
          168.61667,
          -17.01667
        ]
      },
      "properties": {
        "name": "Likalia",
        "placetype": "Locality",
        "population": null,
        "country": "VU",
        "wikidata_id": "",
        "locality_id": "1344123227"
      }
    },
    {
      "type": "Feature",
      "geometry": {
        "type": "Point",
        "coordinates": [
          167.81667,
          -16.51667
        ]
      },
      "properties": {
        "name": "Assoue",
        "placetype": "Locality",
        "population": null,
        "country": "VU",
        "wikidata_id": "",
        "locality_id": "1344126585"
      }
    },
    {
      "type": "Feature",
      "geometry": {
        "type": "Point",
        "coordinates": [
          169.31667,
          -19.53333
        ]
      },
      "properties": {
        "name": "Imwaya",
        "placetype": "Locality",
        "population": null,
        "country": "VU",
        "wikidata_id": "",
        "locality_id": "1344127335"
      }
    },
    {
      "type": "Feature",
      "geometry": {
        "type": "Point",
        "coordinates": [
          167.05,
          -15.01667
        ]
      },
      "properties": {
        "name": "Woulior",
        "placetype": "Locality",
        "population": null,
        "country": "VU",
        "wikidata_id": "",
        "locality_id": "1344128267"
      }
    },
    {
      "type": "Feature",
      "geometry": {
        "type": "Point",
        "coordinates": [
          168.11667,
          -15.36667
        ]
      },
      "properties": {
        "name": "Nangouroua",
        "placetype": "Locality",
        "population": null,
        "country": "VU",
        "wikidata_id": "",
        "locality_id": "1344128333"
      }
    },
    {
      "type": "Feature",
      "geometry": {
        "type": "Point",
        "coordinates": [
          168.16667,
          -15.78333
        ]
      },
      "properties": {
        "name": "Lalwori",
        "placetype": "Locality",
        "population": null,
        "country": "VU",
        "wikidata_id": "",
        "locality_id": "1344133101"
      }
    },
    {
      "type": "Feature",
      "geometry": {
        "type": "Point",
        "coordinates": [
          166.75,
          -15.3
        ]
      },
      "properties": {
        "name": "Batouna",
        "placetype": "Locality",
        "population": null,
        "country": "VU",
        "wikidata_id": "",
        "locality_id": "1344136165"
      }
    },
    {
      "type": "Feature",
      "geometry": {
        "type": "Point",
        "coordinates": [
          166.86667,
          -15.63333
        ]
      },
      "properties": {
        "name": "Fiourou",
        "placetype": "Locality",
        "population": null,
        "country": "VU",
        "wikidata_id": "",
        "locality_id": "1344136233"
      }
    },
    {
      "type": "Feature",
      "geometry": {
        "type": "Point",
        "coordinates": [
          168.53333,
          -17.68333
        ]
      },
      "properties": {
        "name": "Pang-Pang",
        "placetype": "Locality",
        "population": null,
        "country": "VU",
        "wikidata_id": "",
        "locality_id": "1344220201"
      }
    },
    {
      "type": "Feature",
      "geometry": {
        "type": "Point",
        "coordinates": [
          167.83333,
          -15.46667
        ]
      },
      "properties": {
        "name": "Matnavando",
        "placetype": "Locality",
        "population": null,
        "country": "VU",
        "wikidata_id": "",
        "locality_id": "1344220555"
      }
    },
    {
      "type": "Feature",
      "geometry": {
        "type": "Point",
        "coordinates": [
          168.15,
          -16.6
        ]
      },
      "properties": {
        "name": "Pourke",
        "placetype": "Locality",
        "population": null,
        "country": "VU",
        "wikidata_id": "",
        "locality_id": "1344223201"
      }
    },
    {
      "type": "Feature",
      "geometry": {
        "type": "Point",
        "coordinates": [
          167.85,
          -15.31667
        ]
      },
      "properties": {
        "name": "Alolo",
        "placetype": "Locality",
        "population": null,
        "country": "VU",
        "wikidata_id": "",
        "locality_id": "1344228479"
      }
    },
    {
      "type": "Feature",
      "geometry": {
        "type": "Point",
        "coordinates": [
          168.14054,
          -15.49465
        ]
      },
      "properties": {
        "name": "Abwatuntora",
        "placetype": "Locality",
        "population": null,
        "country": "VU",
        "wikidata_id": "",
        "locality_id": "1344228517"
      }
    },
    {
      "type": "Feature",
      "geometry": {
        "type": "Point",
        "coordinates": [
          167.83333,
          -15.31667
        ]
      },
      "properties": {
        "name": "Fwimambwetoli",
        "placetype": "Locality",
        "population": null,
        "country": "VU",
        "wikidata_id": "",
        "locality_id": "1344233315"
      }
    },
    {
      "type": "Feature",
      "geometry": {
        "type": "Point",
        "coordinates": [
          167.25,
          -15.48333
        ]
      },
      "properties": {
        "name": "Pecherie",
        "placetype": "Locality",
        "population": null,
        "country": "VU",
        "wikidata_id": "",
        "locality_id": "1344233437"
      }
    },
    {
      "type": "Feature",
      "geometry": {
        "type": "Point",
        "coordinates": [
          167.23333,
          -15.98333
        ]
      },
      "properties": {
        "name": "Batarhoumbou",
        "placetype": "Locality",
        "population": null,
        "country": "VU",
        "wikidata_id": "",
        "locality_id": "1344239007"
      }
    },
    {
      "type": "Feature",
      "geometry": {
        "type": "Point",
        "coordinates": [
          169.78333,
          -20.23333
        ]
      },
      "properties": {
        "name": "Anowounoouras",
        "placetype": "Locality",
        "population": null,
        "country": "VU",
        "wikidata_id": "",
        "locality_id": "1344239805"
      }
    },
    {
      "type": "Feature",
      "geometry": {
        "type": "Point",
        "coordinates": [
          167.45,
          -14.36667
        ]
      },
      "properties": {
        "name": "Koro",
        "placetype": "Locality",
        "population": null,
        "country": "VU",
        "wikidata_id": "",
        "locality_id": "1344253947"
      }
    },
    {
      "type": "Feature",
      "geometry": {
        "type": "Point",
        "coordinates": [
          167.86667,
          -15.3
        ]
      },
      "properties": {
        "name": "Ambousi",
        "placetype": "Locality",
        "population": null,
        "country": "VU",
        "wikidata_id": "",
        "locality_id": "1360049131"
      }
    },
    {
      "type": "Feature",
      "geometry": {
        "type": "Point",
        "coordinates": [
          167.96679,
          -15.29031
        ]
      },
      "properties": {
        "name": "Saratamata",
        "placetype": "Locality",
        "population": null,
        "country": "VU",
        "wikidata_id": "",
        "locality_id": "1360049137"
      }
    },
    {
      "type": "Feature",
      "geometry": {
        "type": "Point",
        "coordinates": [
          168.32265,
          -17.52346
        ]
      },
      "properties": {
        "name": "Siviri",
        "placetype": "Locality",
        "population": null,
        "country": "VU",
        "wikidata_id": "",
        "locality_id": "1360051845"
      }
    },
    {
      "type": "Feature",
      "geometry": {
        "type": "Point",
        "coordinates": [
          169.45,
          -19.56667
        ]
      },
      "properties": {
        "name": "Sameria",
        "placetype": "Locality",
        "population": null,
        "country": "VU",
        "wikidata_id": "",
        "locality_id": "1360055861"
      }
    },
    {
      "type": "Feature",
      "geometry": {
        "type": "Point",
        "coordinates": [
          167.23333,
          -15.88333
        ]
      },
      "properties": {
        "name": "Alavas",
        "placetype": "Locality",
        "population": null,
        "country": "VU",
        "wikidata_id": "",
        "locality_id": "1360057877"
      }
    },
    {
      "type": "Feature",
      "geometry": {
        "type": "Point",
        "coordinates": [
          167.95,
          -16.25
        ]
      },
      "properties": {
        "name": "Loliboulo",
        "placetype": "Locality",
        "population": null,
        "country": "VU",
        "wikidata_id": "",
        "locality_id": "1360057951"
      }
    },
    {
      "type": "Feature",
      "geometry": {
        "type": "Point",
        "coordinates": [
          169.58333,
          -19.26667
        ]
      },
      "properties": {
        "name": "Itamotou",
        "placetype": "Locality",
        "population": null,
        "country": "VU",
        "wikidata_id": "",
        "locality_id": "1360058545"
      }
    },
    {
      "type": "Feature",
      "geometry": {
        "type": "Point",
        "coordinates": [
          168.18333,
          -15.71667
        ]
      },
      "properties": {
        "name": "Nokonbouin",
        "placetype": "Locality",
        "population": null,
        "country": "VU",
        "wikidata_id": "",
        "locality_id": "1360061675"
      }
    },
    {
      "type": "Feature",
      "geometry": {
        "type": "Point",
        "coordinates": [
          166.88333,
          -15.46667
        ]
      },
      "properties": {
        "name": "Batounklao",
        "placetype": "Locality",
        "population": null,
        "country": "VU",
        "wikidata_id": "",
        "locality_id": "1360061779"
      }
    },
    {
      "type": "Feature",
      "geometry": {
        "type": "Point",
        "coordinates": [
          167.38333,
          -16.31667
        ]
      },
      "properties": {
        "name": "Lonmink",
        "placetype": "Locality",
        "population": null,
        "country": "VU",
        "wikidata_id": "",
        "locality_id": "1360067531"
      }
    },
    {
      "type": "Feature",
      "geometry": {
        "type": "Point",
        "coordinates": [
          169.4,
          -19.55
        ]
      },
      "properties": {
        "name": "Yanmileun",
        "placetype": "Locality",
        "population": null,
        "country": "VU",
        "wikidata_id": "",
        "locality_id": "1360068235"
      }
    },
    {
      "type": "Feature",
      "geometry": {
        "type": "Point",
        "coordinates": [
          166.86667,
          -15.16667
        ]
      },
      "properties": {
        "name": "Terou",
        "placetype": "Locality",
        "population": null,
        "country": "VU",
        "wikidata_id": "",
        "locality_id": "1360071491"
      }
    },
    {
      "type": "Feature",
      "geometry": {
        "type": "Point",
        "coordinates": [
          167.1,
          -15.51667
        ]
      },
      "properties": {
        "name": "Laboue",
        "placetype": "Locality",
        "population": null,
        "country": "VU",
        "wikidata_id": "",
        "locality_id": "1360071569"
      }
    },
    {
      "type": "Feature",
      "geometry": {
        "type": "Point",
        "coordinates": [
          167.05,
          -15.06667
        ]
      },
      "properties": {
        "name": "Louri",
        "placetype": "Locality",
        "population": null,
        "country": "VU",
        "wikidata_id": "",
        "locality_id": "1360071699"
      }
    },
    {
      "type": "Feature",
      "geometry": {
        "type": "Point",
        "coordinates": [
          167.56667,
          -14.2
        ]
      },
      "properties": {
        "name": "Namassari",
        "placetype": "Locality",
        "population": null,
        "country": "VU",
        "wikidata_id": "",
        "locality_id": "1360079513"
      }
    },
    {
      "type": "Feature",
      "geometry": {
        "type": "Point",
        "coordinates": [
          168.53333,
          -16.88333
        ]
      },
      "properties": {
        "name": "Loupalea",
        "placetype": "Locality",
        "population": null,
        "country": "VU",
        "wikidata_id": "",
        "locality_id": "1360148033"
      }
    },
    {
      "type": "Feature",
      "geometry": {
        "type": "Point",
        "coordinates": [
          167.76667,
          -15.46667
        ]
      },
      "properties": {
        "name": "Lonengwarao",
        "placetype": "Locality",
        "population": null,
        "country": "VU",
        "wikidata_id": "",
        "locality_id": "1360148415"
      }
    },
    {
      "type": "Feature",
      "geometry": {
        "type": "Point",
        "coordinates": [
          167.75,
          -15.4
        ]
      },
      "properties": {
        "name": "Nagwingwim",
        "placetype": "Locality",
        "population": null,
        "country": "VU",
        "wikidata_id": "",
        "locality_id": "1360148421"
      }
    },
    {
      "type": "Feature",
      "geometry": {
        "type": "Point",
        "coordinates": [
          168.16667,
          -15.6
        ]
      },
      "properties": {
        "name": "Navel",
        "placetype": "Locality",
        "population": null,
        "country": "VU",
        "wikidata_id": "",
        "locality_id": "1360148435"
      }
    },
    {
      "type": "Feature",
      "geometry": {
        "type": "Point",
        "coordinates": [
          167.16667,
          -16.05
        ]
      },
      "properties": {
        "name": "Nayo",
        "placetype": "Locality",
        "population": null,
        "country": "VU",
        "wikidata_id": "",
        "locality_id": "1360154451"
      }
    },
    {
      "type": "Feature",
      "geometry": {
        "type": "Point",
        "coordinates": [
          167.33333,
          -16.0
        ]
      },
      "properties": {
        "name": "Tomboul",
        "placetype": "Locality",
        "population": null,
        "country": "VU",
        "wikidata_id": "",
        "locality_id": "1360154463"
      }
    },
    {
      "type": "Feature",
      "geometry": {
        "type": "Point",
        "coordinates": [
          169.28333,
          -19.38333
        ]
      },
      "properties": {
        "name": "Green Hill",
        "placetype": "Locality",
        "population": null,
        "country": "VU",
        "wikidata_id": "",
        "locality_id": "1360155147"
      }
    },
    {
      "type": "Feature",
      "geometry": {
        "type": "Point",
        "coordinates": [
          167.76667,
          -16.36667
        ]
      },
      "properties": {
        "name": "Retour",
        "placetype": "Locality",
        "population": null,
        "country": "VU",
        "wikidata_id": "",
        "locality_id": "1360157291"
      }
    },
    {
      "type": "Feature",
      "geometry": {
        "type": "Point",
        "coordinates": [
          167.91667,
          -16.26667
        ]
      },
      "properties": {
        "name": "Falimapkon",
        "placetype": "Locality",
        "population": null,
        "country": "VU",
        "wikidata_id": "",
        "locality_id": "1360157309"
      }
    },
    {
      "type": "Feature",
      "geometry": {
        "type": "Point",
        "coordinates": [
          168.11667,
          -15.71667
        ]
      },
      "properties": {
        "name": "Rowok",
        "placetype": "Locality",
        "population": null,
        "country": "VU",
        "wikidata_id": "",
        "locality_id": "1360160961"
      }
    },
    {
      "type": "Feature",
      "geometry": {
        "type": "Point",
        "coordinates": [
          168.26667,
          -15.96667
        ]
      },
      "properties": {
        "name": "Pohourour",
        "placetype": "Locality",
        "population": null,
        "country": "VU",
        "wikidata_id": "",
        "locality_id": "1360160979"
      }
    },
    {
      "type": "Feature",
      "geometry": {
        "type": "Point",
        "coordinates": [
          166.76667,
          -15.63333
        ]
      },
      "properties": {
        "name": "Sanapapa",
        "placetype": "Locality",
        "population": null,
        "country": "VU",
        "wikidata_id": "",
        "locality_id": "1360161111"
      }
    },
    {
      "type": "Feature",
      "geometry": {
        "type": "Point",
        "coordinates": [
          166.95,
          -15.48333
        ]
      },
      "properties": {
        "name": "Tabounboder",
        "placetype": "Locality",
        "population": null,
        "country": "VU",
        "wikidata_id": "",
        "locality_id": "1360164169"
      }
    },
    {
      "type": "Feature",
      "geometry": {
        "type": "Point",
        "coordinates": [
          167.98333,
          -16.28333
        ]
      },
      "properties": {
        "name": "Aoutili",
        "placetype": "Locality",
        "population": null,
        "country": "VU",
        "wikidata_id": "",
        "locality_id": "1360166807"
      }
    },
    {
      "type": "Feature",
      "geometry": {
        "type": "Point",
        "coordinates": [
          168.13333,
          -16.11667
        ]
      },
      "properties": {
        "name": "Metanwar",
        "placetype": "Locality",
        "population": null,
        "country": "VU",
        "wikidata_id": "",
        "locality_id": "1360166835"
      }
    },
    {
      "type": "Feature",
      "geometry": {
        "type": "Point",
        "coordinates": [
          167.43333,
          -16.55
        ]
      },
      "properties": {
        "name": "Witaba",
        "placetype": "Locality",
        "population": null,
        "country": "VU",
        "wikidata_id": "",
        "locality_id": "1360166887"
      }
    },
    {
      "type": "Feature",
      "geometry": {
        "type": "Point",
        "coordinates": [
          167.18333,
          -15.9
        ]
      },
      "properties": {
        "name": "Invanou",
        "placetype": "Locality",
        "population": null,
        "country": "VU",
        "wikidata_id": "",
        "locality_id": "1360166893"
      }
    },
    {
      "type": "Feature",
      "geometry": {
        "type": "Point",
        "coordinates": [
          167.21667,
          -16.05
        ]
      },
      "properties": {
        "name": "Bitar",
        "placetype": "Locality",
        "population": null,
        "country": "VU",
        "wikidata_id": "",
        "locality_id": "1360166921"
      }
    },
    {
      "type": "Feature",
      "geometry": {
        "type": "Point",
        "coordinates": [
          167.38333,
          -16.05
        ]
      },
      "properties": {
        "name": "Chinohouse",
        "placetype": "Locality",
        "population": null,
        "country": "VU",
        "wikidata_id": "",
        "locality_id": "1360166929"
      }
    },
    {
      "type": "Feature",
      "geometry": {
        "type": "Point",
        "coordinates": [
          167.15,
          -15.53333
        ]
      },
      "properties": {
        "name": "Douane",
        "placetype": "Locality",
        "population": null,
        "country": "VU",
        "wikidata_id": "",
        "locality_id": "1360170951"
      }
    },
    {
      "type": "Feature",
      "geometry": {
        "type": "Point",
        "coordinates": [
          166.65,
          -15.36667
        ]
      },
      "properties": {
        "name": "Wusi",
        "placetype": "Locality",
        "population": null,
        "country": "VU",
        "wikidata_id": "",
        "locality_id": "1360170959"
      }
    },
    {
      "type": "Feature",
      "geometry": {
        "type": "Point",
        "coordinates": [
          167.16667,
          -15.61667
        ]
      },
      "properties": {
        "name": "Port Lautour",
        "placetype": "Locality",
        "population": null,
        "country": "VU",
        "wikidata_id": "",
        "locality_id": "1360171137"
      }
    },
    {
      "type": "Feature",
      "geometry": {
        "type": "Point",
        "coordinates": [
          168.15,
          -16.63333
        ]
      },
      "properties": {
        "name": "Fisina",
        "placetype": "Locality",
        "population": null,
        "country": "VU",
        "wikidata_id": "",
        "locality_id": "1360248195"
      }
    },
    {
      "type": "Feature",
      "geometry": {
        "type": "Point",
        "coordinates": [
          168.13333,
          -15.48333
        ]
      },
      "properties": {
        "name": "Abatvenou",
        "placetype": "Locality",
        "population": null,
        "country": "VU",
        "wikidata_id": "",
        "locality_id": "1360248531"
      }
    },
    {
      "type": "Feature",
      "geometry": {
        "type": "Point",
        "coordinates": [
          168.56667,
          -16.9
        ]
      },
      "properties": {
        "name": "Euta",
        "placetype": "Locality",
        "population": null,
        "country": "VU",
        "wikidata_id": "",
        "locality_id": "1360251157"
      }
    },
    {
      "type": "Feature",
      "geometry": {
        "type": "Point",
        "coordinates": [
          168.30056,
          -17.75194
        ]
      },
      "properties": {
        "name": "Nambia Tri",
        "placetype": "Locality",
        "population": null,
        "country": "VU",
        "wikidata_id": "",
        "locality_id": "1360251201"
      }
    },
    {
      "type": "Feature",
      "geometry": {
        "type": "Point",
        "coordinates": [
          168.31667,
          -16.51667
        ]
      },
      "properties": {
        "name": "Holen",
        "placetype": "Locality",
        "population": null,
        "country": "VU",
        "wikidata_id": "",
        "locality_id": "1360254755"
      }
    },
    {
      "type": "Feature",
      "geometry": {
        "type": "Point",
        "coordinates": [
          168.15,
          -16.13333
        ]
      },
      "properties": {
        "name": "Fantiekon",
        "placetype": "Locality",
        "population": null,
        "country": "VU",
        "wikidata_id": "",
        "locality_id": "1360254845"
      }
    },
    {
      "type": "Feature",
      "geometry": {
        "type": "Point",
        "coordinates": [
          167.95,
          -15.28333
        ]
      },
      "properties": {
        "name": "Vourias",
        "placetype": "Locality",
        "population": null,
        "country": "VU",
        "wikidata_id": "",
        "locality_id": "1360256665"
      }
    },
    {
      "type": "Feature",
      "geometry": {
        "type": "Point",
        "coordinates": [
          168.15,
          -15.46667
        ]
      },
      "properties": {
        "name": "Aratoa",
        "placetype": "Locality",
        "population": null,
        "country": "VU",
        "wikidata_id": "",
        "locality_id": "1360256669"
      }
    },
    {
      "type": "Feature",
      "geometry": {
        "type": "Point",
        "coordinates": [
          168.13333,
          -15.46667
        ]
      },
      "properties": {
        "name": "Lamalanga",
        "placetype": "Locality",
        "population": null,
        "country": "VU",
        "wikidata_id": "",
        "locality_id": "1360256671"
      }
    },
    {
      "type": "Feature",
      "geometry": {
        "type": "Point",
        "coordinates": [
          168.30167,
          -17.74167
        ]
      },
      "properties": {
        "name": "Stade",
        "placetype": "Locality",
        "population": null,
        "country": "VU",
        "wikidata_id": "",
        "locality_id": "1360260993"
      }
    },
    {
      "type": "Feature",
      "geometry": {
        "type": "Point",
        "coordinates": [
          166.55,
          -14.85
        ]
      },
      "properties": {
        "name": "Menegoro",
        "placetype": "Locality",
        "population": null,
        "country": "VU",
        "wikidata_id": "",
        "locality_id": "1360261495"
      }
    },
    {
      "type": "Feature",
      "geometry": {
        "type": "Point",
        "coordinates": [
          167.41667,
          -16.45
        ]
      },
      "properties": {
        "name": "Lowa",
        "placetype": "Locality",
        "population": null,
        "country": "VU",
        "wikidata_id": "",
        "locality_id": "1360267521"
      }
    },
    {
      "type": "Feature",
      "geometry": {
        "type": "Point",
        "coordinates": [
          169.4,
          -19.53333
        ]
      },
      "properties": {
        "name": "Isaka",
        "placetype": "Locality",
        "population": null,
        "country": "VU",
        "wikidata_id": "",
        "locality_id": "1360268231"
      }
    },
    {
      "type": "Feature",
      "geometry": {
        "type": "Point",
        "coordinates": [
          168.13589,
          -15.58879
        ]
      },
      "properties": {
        "name": "Nambwarangiut",
        "placetype": "Locality",
        "population": null,
        "country": "VU",
        "wikidata_id": "",
        "locality_id": "1360295485"
      }
    },
    {
      "type": "Feature",
      "geometry": {
        "type": "Point",
        "coordinates": [
          167.62109,
          -13.7044
        ]
      },
      "properties": {
        "name": "Qeremagde",
        "placetype": "Locality",
        "population": null,
        "country": "VU",
        "wikidata_id": "",
        "locality_id": "1360303787"
      }
    }
  ]
}